{
  "type": "FeatureCollection",
  "name": "provinces",
  "crs": {
    "type": "name",
    "properties": {
      "name": "urn:ogc:def:crs:EPSG::3857"
    }
  },
  "features": [
    {
      "type": "Feature",
      "properties": {
        "fid": 1147,
        "code": "lanka",
        "name": "Lanka",
        "capital": null,
        "culture": null,
        "civs": [
          "maur"
        ],
        "provinceType": "land",
        "terrain": "island",
        "mapTypes": [],
        "resources": null,
        "religion": null,
        "population": "high",
        "centerpoint": [
          2858,
          1079
        ],
        "position": {
          "x": 2845,
          "y": 1049
        },
        "bbox": {
          "w": 38,
          "h": 69
        }
      },
      "geometry": {
        "type": "Polygon",
        "coordinates": [
          [
            [
              2848.673065507088,
              -1066.280180560108
            ],
            [
              2853.445368815721,
              -1056.7355739428415
            ],
            [
              2849.354823122607,
              -1053.599488911454
            ],
            [
              2851.945502061579,
              -1049.9179977876513
            ],
            [
              2855.626993185382,
              -1049.3725916952362
            ],
            [
              2863.1263269560914,
              -1053.4631373883503
            ],
            [
              2875.807018604745,
              -1071.5978899611562
            ],
            [
              2882.4882432368313,
              -1088.6418303491319
            ],
            [
              2883.7154069447656,
              -1091.5052123343114
            ],
            [
              2878.2613460206135,
              -1110.5944255688441
            ],
            [
              2856.445102324005,
              -1118.7755169550724
            ],
            [
              2848.2640109377767,
              -1112.2306438460898
            ],
            [
              2846.3550896143233,
              -1098.3227884895018
            ],
            [
              2845.264277429493,
              -1089.050884918443
            ],
            [
              2846.082386568116,
              -1077.870060023931
            ],
            [
              2848.673065507088,
              -1066.280180560108
            ]
          ]
        ]
      }
    },
    {
      "type": "Feature",
      "properties": {
        "fid": 1153,
        "code": "satyaputras",
        "name": "Satyaputras",
        "capital": null,
        "culture": null,
        "civs": [
          "maur"
        ],
        "provinceType": "land",
        "terrain": "plains",
        "mapTypes": [],
        "resources": null,
        "religion": null,
        "population": "high",
        "centerpoint": [
          2817,
          1029
        ],
        "position": {
          "x": 2770,
          "y": 979
        },
        "bbox": {
          "w": 91,
          "h": 102
        }
      },
      "geometry": {
        "type": "Polygon",
        "coordinates": [
          [
            [
              2773.5433762768926,
              -978.8788542505698
            ],
            [
              2810.6309905611274,
              -978.6061512043623
            ],
            [
              2834.628858627397,
              -984.0602121285144
            ],
            [
              2858.0813206012513,
              -982.4239938512687
            ],
            [
              2859.9902419247046,
              -990.3323821912894
            ],
            [
              2861.081054109535,
              -994.6956309306112
            ],
            [
              2857.5359145088364,
              -1005.3310497327079
            ],
            [
              2852.0818535846843,
              -1016.7845776734275
            ],
            [
              2851.536447492269,
              -1041.6005548783198
            ],
            [
              2851.536447492269,
              -1043.7821792479808
            ],
            [
              2841.1737317363795,
              -1046.509209710057
            ],
            [
              2837.3558890894733,
              -1052.5086767266243
            ],
            [
              2837.9012951818886,
              -1060.1443620204373
            ],
            [
              2833.5380464425666,
              -1062.8713924825133
            ],
            [
              2825.3569550563384,
              -1063.9622046673437
            ],
            [
              2822.357221548055,
              -1072.4159990997796
            ],
            [
              2815.812348439072,
              -1078.9608722087623
            ],
            [
              2809.5401783762973,
              -1080.597090486008
            ],
            [
              2799.722868712823,
              -1073.2341082384025
            ],
            [
              2794.268807788671,
              -1063.6895016211363
            ],
            [
              2794.8142138810863,
              -1049.236240172133
            ],
            [
              2789.0874499107263,
              -1040.5097426934894
            ],
            [
              2785.8150133562353,
              -1029.8743238913926
            ],
            [
              2783.3606859403667,
              -1021.965935551372
            ],
            [
              2777.6339219700067,
              -1014.6029533037666
            ],
            [
              2773.270673230685,
              -1006.694564963746
            ],
            [
              2769.9982366761938,
              -984.8783212671373
            ],
            [
              2773.5433762768926,
              -978.8788542505698
            ]
          ]
        ]
      }
    },
    {
      "type": "Feature",
      "properties": {
        "fid": 1148,
        "code": "vanga",
        "name": "Vanga",
        "capital": null,
        "culture": null,
        "civs": [
          "maur"
        ],
        "provinceType": "land",
        "terrain": "rivers",
        "mapTypes": [],
        "resources": null,
        "religion": null,
        "population": "high",
        "centerpoint": [
          2987,
          846
        ],
        "position": {
          "x": 2961,
          "y": 820
        },
        "bbox": {
          "w": 58,
          "h": 61
        }
      },
      "geometry": {
        "type": "Polygon",
        "coordinates": [
          [
            [
              2963.4213941691396,
              -824.3883175888622
            ],
            [
              2970.0259210694735,
              -820.574735927053
            ],
            [
              2972.752951531552,
              -820.1656813577415
            ],
            [
              2977.9343094094943,
              -819.892978311534
            ],
            [
              2982.43390967192,
              -824.1198755277519
            ],
            [
              2993.8874376126396,
              -820.574735927053
            ],
            [
              3002.068528998868,
              -819.892978311534
            ],
            [
              3016.385438924767,
              -843.618143331596
            ],
            [
              3019.521523956155,
              -845.3907131319455
            ],
            [
              3015.976384355457,
              -847.5723375016063
            ],
            [
              3014.612869124419,
              -851.3901801485129
            ],
            [
              3012.2948932316544,
              -851.3901801485129
            ],
            [
              3009.840565815786,
              -849.890313394371
            ],
            [
              3000.841365290935,
              -856.9805925957688
            ],
            [
              2999.7505531061042,
              -873.4791268913292
            ],
            [
              2991.7058132429797,
              -874.1608845068482
            ],
            [
              2988.8424312578,
              -876.2061573534053
            ],
            [
              2982.0248551026098,
              -878.3877817230662
            ],
            [
              2971.6621393467203,
              -881.251163708246
            ],
            [
              2963.617399483596,
              -877.0242664920281
            ],
            [
              2961.026720544624,
              -854.798968226108
            ],
            [
              2961.844829683246,
              -835.9824580377827
            ],
            [
              2964.42698665203,
              -825.121207025545
            ],
            [
              2963.4213941691396,
              -824.3883175888622
            ]
          ]
        ]
      }
    },
    {
      "type": "Feature",
      "properties": {
        "fid": 1149,
        "code": "champa",
        "name": "Champa",
        "capital": "Champa",
        "culture": null,
        "civs": [
          "maur"
        ],
        "provinceType": "land",
        "terrain": null,
        "mapTypes": [],
        "resources": null,
        "religion": null,
        "population": "high",
        "centerpoint": [
          2987,
          805
        ],
        "position": {
          "x": 2960,
          "y": 768
        },
        "bbox": {
          "w": 69,
          "h": 58
        }
      },
      "geometry": {
        "type": "Polygon",
        "coordinates": [
          [
            [
              3002.0685289988705,
              -819.9611540730859
            ],
            [
              3011.9540144238954,
              -820.7110874501569
            ],
            [
              3029.9524154735977,
              -813.0754021563439
            ],
            [
              3019.0442936252934,
              -780.6237396576385
            ],
            [
              3008.954280915612,
              -772.7153513176179
            ],
            [
              2986.592631126588,
              -769.7156178093342
            ],
            [
              2976.229915370699,
              -767.5339934396733
            ],
            [
              2970.2304483541316,
              -780.3510366114305
            ],
            [
              2965.168398058907,
              -793.700702920313
            ],
            [
              2961.214203888896,
              -810.8042970996462
            ],
            [
              2960.4557485416317,
              -825.5941763713116
            ],
            [
              2963.3873062883636,
              -824.3712736484741
            ],
            [
              2971.1849090158585,
              -820.5747359270531
            ],
            [
              2978.0024851710486,
              -820.0293298346378
            ],
            [
              2982.36573391037,
              -824.3925785739596
            ],
            [
              2993.682910327986,
              -820.9837904963645
            ],
            [
              3002.0685289988705,
              -819.9611540730859
            ]
          ]
        ]
      }
    },
    {
      "type": "Feature",
      "properties": {
        "fid": 1150,
        "code": "magadha",
        "name": "Magadha",
        "capital": "Pataliputra",
        "culture": null,
        "civs": [
          "maur"
        ],
        "provinceType": "land",
        "terrain": "plain",
        "mapTypes": [],
        "resources": null,
        "religion": null,
        "population": "high",
        "centerpoint": [
          2916,
          789
        ],
        "position": {
          "x": 2868,
          "y": 746
        },
        "bbox": {
          "w": 108,
          "h": 102
        }
      },
      "geometry": {
        "type": "Polygon",
        "coordinates": [
          [
            [
              2900.6911715711917,
              -745.7177497430641
            ],
            [
              2918.9622756671015,
              -752.2626228520468
            ],
            [
              2934.7790523471426,
              -759.3529020534446
            ],
            [
              2952.777453396845,
              -760.443714238275
            ],
            [
              2970.5031514003394,
              -765.8977751624273
            ],
            [
              2976.911672986218,
              -767.6703449627767
            ],
            [
              2965.185441999291,
              -793.7134858756033
            ],
            [
              2961.2312478292806,
              -810.8937777866826
            ],
            [
              2960.4813144522127,
              -825.7390498646092
            ],
            [
              2934.923925840444,
              -837.1840558351349
            ],
            [
              2930.748160445386,
              -845.8807264180991
            ],
            [
              2917.931117273629,
              -843.8354535715422
            ],
            [
              2901.296231454965,
              -847.6532962184485
            ],
            [
              2885.8885093442354,
              -832.5182771539266
            ],
            [
              2873.344169218686,
              -817.3832580894048
            ],
            [
              2881.329255290451,
              -791.2591584597347
            ],
            [
              2870.4211334421466,
              -785.532394489375
            ],
            [
              2868.7849151649007,
              -767.5339934396728
            ],
            [
              2873.9662730428454,
              -755.2623563603304
            ],
            [
              2885.419800983565,
              -759.3529020534445
            ],
            [
              2895.782516739454,
              -753.0807319906695
            ],
            [
              2900.6911715711917,
              -745.7177497430641
            ]
          ]
        ]
      }
    },
    {
      "type": "Feature",
      "properties": {
        "fid": 1151,
        "code": "kalinga",
        "name": "Kalinga",
        "capital": "Tosali",
        "culture": null,
        "civs": [
          "maur"
        ],
        "provinceType": "land",
        "terrain": "plain",
        "mapTypes": [],
        "resources": null,
        "religion": null,
        "population": "high",
        "centerpoint": [
          2924,
          887
        ],
        "position": {
          "x": 2867,
          "y": 825
        },
        "bbox": {
          "w": 97,
          "h": 115
        }
      },
      "geometry": {
        "type": "Polygon",
        "coordinates": [
          [
            [
              2963.4128721989414,
              -876.7515634458199
            ],
            [
              2954.2091443894346,
              -881.3193394697973
            ],
            [
              2954.822726243402,
              -898.6359829039807
            ],
            [
              2945.959877241655,
              -902.3174740277833
            ],
            [
              2937.5060828092187,
              -905.1808560129632
            ],
            [
              2933.7564159238646,
              -905.3853832976189
            ],
            [
              2913.917269312261,
              -923.1792570626654
            ],
            [
              2911.9742601080343,
              -927.3038906365556
            ],
            [
              2903.520465675598,
              -931.121733283462
            ],
            [
              2900.793435213522,
              -936.3030911614067
            ],
            [
              2893.132184009127,
              -939.7587500750662
            ],
            [
              2888.905286792909,
              -937.7134772285093
            ],
            [
              2877.0767921636543,
              -923.1068203160146
            ],
            [
              2871.026193325923,
              -921.1808550521733
            ],
            [
              2867.85602041376,
              -921.1467671713974
            ],
            [
              2885.3857131027926,
              -890.0799248292168
            ],
            [
              2884.0221978717545,
              -864.9912445781168
            ],
            [
              2901.4751928290416,
              -848.0836557132451
            ],
            [
              2918.110078647706,
              -843.7204069739233
            ],
            [
              2930.6544187732557,
              -845.6293282973766
            ],
            [
              2934.7449644663698,
              -837.1755338649408
            ],
            [
              2963.3787843181685,
              -824.3584906931832
            ],
            [
              2964.4440305924177,
              -825.1169460404483
            ],
            [
              2961.878917564027,
              -835.1302610183837
            ],
            [
              2960.7881053791966,
              -853.6740681605011
            ],
            [
              2963.566267662437,
              -876.4447725188363
            ],
            [
              2963.4128721989414,
              -876.7515634458199
            ]
          ]
        ]
      }
    },
    {
      "type": "Feature",
      "properties": {
        "fid": 1052,
        "code": "kuntala",
        "name": "Kuntala",
        "capital": "Suvarnagiri",
        "culture": null,
        "civs": [
          "maur"
        ],
        "provinceType": "land",
        "terrain": null,
        "mapTypes": [],
        "resources": null,
        "religion": null,
        "population": "high",
        "centerpoint": [
          2830,
          951
        ],
        "position": {
          "x": 2755,
          "y": 921
        },
        "bbox": {
          "w": 138,
          "h": 64
        }
      },
      "geometry": {
        "type": "Polygon",
        "coordinates": [
          [
            [
              2756.0307275282544,
              -928.8506282267623
            ],
            [
              2788.209686980751,
              -926.1235977646862
            ],
            [
              2801.0267301525087,
              -932.9411739198763
            ],
            [
              2807.571603261491,
              -923.6692703488178
            ],
            [
              2832.932986558798,
              -920.9422398867418
            ],
            [
              2848.749763238839,
              -920.9422398867418
            ],
            [
              2871.1114130278625,
              -921.2149429329494
            ],
            [
              2877.11088004443,
              -923.1238642564025
            ],
            [
              2889.246165600668,
              -937.7134772285092
            ],
            [
              2893.336711293782,
              -939.7587500750662
            ],
            [
              2888.564407985149,
              -941.940374444727
            ],
            [
              2888.7007595082528,
              -949.8487627847475
            ],
            [
              2885.7010259999693,
              -953.2575508623424
            ],
            [
              2875.474661767184,
              -952.8484962930311
            ],
            [
              2875.2019587209766,
              -958.1662056940793
            ],
            [
              2870.156952366136,
              -960.7568846330515
            ],
            [
              2864.56653991888,
              -960.3478300637402
            ],
            [
              2861.157751841285,
              -962.6658059565048
            ],
            [
              2858.430721379209,
              -968.801624496176
            ],
            [
              2858.2943698561053,
              -983.1185344220752
            ],
            [
              2834.637380597596,
              -984.3456981300094
            ],
            [
              2810.434985246671,
              -978.7552856827534
            ],
            [
              2773.6882497701968,
              -979.1643402520648
            ],
            [
              2770.0067586463942,
              -984.8229284608726
            ],
            [
              2764.8935765300016,
              -975.3464976051584
            ],
            [
              2764.109555272155,
              -971.0855125081646
            ],
            [
              2758.3487034210198,
              -961.302290725467
            ],
            [
              2755.6216729589437,
              -937.4407741823018
            ],
            [
              2756.0307275282544,
              -928.8506282267623
            ]
          ]
        ]
      }
    },
    {
      "type": "Feature",
      "properties": {
        "fid": 1155,
        "code": "vidarbha",
        "name": "Vidarbha",
        "capital": "",
        "culture": null,
        "civs": [
          "maur"
        ],
        "provinceType": "land",
        "terrain": null,
        "mapTypes": [],
        "resources": null,
        "religion": null,
        "population": "high",
        "centerpoint": [
          2804,
          888
        ],
        "position": {
          "x": 2752,
          "y": 853
        },
        "bbox": {
          "w": 139,
          "h": 80
        }
      },
      "geometry": {
        "type": "Polygon",
        "coordinates": [
          [
            [
              2754.7013001779906,
              -882.2184073252618
            ],
            [
              2766.461619045697,
              -867.3390473665592
            ],
            [
              2791.5162114160166,
              -859.0386483976156
            ],
            [
              2795.061351016716,
              -862.856491044522
            ],
            [
              2807.878394188473,
              -859.0386483976156
            ],
            [
              2833.23977748578,
              -860.129460582446
            ],
            [
              2841.420868872008,
              -860.4021636286536
            ],
            [
              2860.7827851527477,
              -853.8572905196712
            ],
            [
              2870.6000948162214,
              -853.0391813810484
            ],
            [
              2877.690374017619,
              -855.7662118431244
            ],
            [
              2891.3255263279993,
              -857.9478362127852
            ],
            [
              2884.064807722722,
              -865.0722032949589
            ],
            [
              2885.394235072985,
              -890.1949714268343
            ],
            [
              2867.8134105627882,
              -921.231986873337
            ],
            [
              2807.639779023042,
              -923.7033582295932
            ],
            [
              2801.0267301525078,
              -933.0775254429795
            ],
            [
              2788.141511219198,
              -926.3622129301173
            ],
            [
              2756.030727528253,
              -929.1233312729693
            ],
            [
              2754.4626850125596,
              -923.0556884948501
            ],
            [
              2752.962818258418,
              -912.2157424080979
            ],
            [
              2752.417412166002,
              -910.6476998924043
            ],
            [
              2752.485587927554,
              -906.5571541992903
            ],
            [
              2754.462685012559,
              -901.7166751291053
            ],
            [
              2754.1899819663518,
              -892.7856503658063
            ],
            [
              2753.763883456652,
              -885.9680742106164
            ],
            [
              2754.7013001779906,
              -882.2184073252618
            ]
          ]
        ]
      }
    },
    {
      "type": "Feature",
      "properties": {
        "fid": 1156,
        "code": "avanti",
        "name": "Avanti",
        "capital": "Ujjain",
        "culture": null,
        "civs": [
          "maur"
        ],
        "provinceType": "land",
        "terrain": null,
        "mapTypes": [],
        "resources": null,
        "religion": null,
        "population": "high",
        "centerpoint": [
          2828,
          827
        ],
        "position": {
          "x": 2751,
          "y": 769
        },
        "bbox": {
          "w": 150,
          "h": 99
        }
      },
      "geometry": {
        "type": "Polygon",
        "coordinates": [
          [
            [
              2766.1718720590984,
              -867.4242670684996
            ],
            [
              2751.7186106100958,
              -835.2453076160026
            ],
            [
              2758.5361867652855,
              -815.6106882890552
            ],
            [
              2769.717011659797,
              -799.5212085628067
            ],
            [
              2782.261351785347,
              -786.1587592986342
            ],
            [
              2788.8062248943297,
              -778.2503709586138
            ],
            [
              2803.8048924357477,
              -768.4330612951401
            ],
            [
              2846.8919737365486,
              -773.0690130806693
            ],
            [
              2867.0719991559113,
              -777.1595587737833
            ],
            [
              2869.7990296179873,
              -777.7049648661986
            ],
            [
              2870.480787233507,
              -785.681528967771
            ],
            [
              2881.6616121280185,
              -791.5446444612344
            ],
            [
              2873.1055540532557,
              -817.75822477794
            ],
            [
              2901.534846620398,
              -847.8237356223281
            ],
            [
              2901.3303193357424,
              -849.1190750918142
            ],
            [
              2891.5811854338203,
              -858.2546271397689
            ],
            [
              2877.673330077233,
              -856.0048270085562
            ],
            [
              2870.3785235911796,
              -853.4141480695839
            ],
            [
              2860.561213927706,
              -854.0959056851029
            ],
            [
              2841.1992976469664,
              -860.7771303171892
            ],
            [
              2807.9977017711903,
              -859.2090878014956
            ],
            [
              2795.044307076329,
              -863.026930448402
            ],
            [
              2791.703694760286,
              -859.2772635630474
            ],
            [
              2769.393176792429,
              -866.3845867048326
            ],
            [
              2766.1718720590984,
              -867.4242670684996
            ]
          ]
        ]
      }
    },
    {
      "type": "Feature",
      "properties": {
        "fid": 1158,
        "code": "saurashtra",
        "name": "Saurashtra",
        "capital": null,
        "culture": null,
        "civs": [
          "maur"
        ],
        "provinceType": "land",
        "terrain": null,
        "mapTypes": [],
        "resources": null,
        "religion": null,
        "population": "high",
        "centerpoint": [
          2726,
          870
        ],
        "position": {
          "x": 2696,
          "y": 834
        },
        "bbox": {
          "w": 70,
          "h": 67
        }
      },
      "geometry": {
        "type": "Polygon",
        "coordinates": [
          [
            [
              2699.0698787516426,
              -857.2660785972656
            ],
            [
              2714.6139523854763,
              -846.9033628413767
            ],
            [
              2730.7034321117244,
              -841.1765988710171
            ],
            [
              2737.7937113131225,
              -834.0863196696195
            ],
            [
              2750.6107544848796,
              -834.359022715827
            ],
            [
              2751.7015666697107,
              -835.1260000332858
            ],
            [
              2766.4275311649203,
              -867.3560913069468
            ],
            [
              2754.428597131786,
              -881.8093527559498
            ],
            [
              2751.70156666971,
              -877.4461040166282
            ],
            [
              2748.7018331614263,
              -880.7185405711194
            ],
            [
              2750.3380514386718,
              -886.7180075876867
            ],
            [
              2748.156427069011,
              -893.8082867890843
            ],
            [
              2737.7937113131225,
              -899.8077538056516
            ],
            [
              2730.7034321117244,
              -901.4439720828972
            ],
            [
              2721.704231586874,
              -898.7169416208211
            ],
            [
              2711.8869219234,
              -890.5358502345931
            ],
            [
              2702.6150183523414,
              -880.991243617327
            ],
            [
              2701.2515031213034,
              -871.7193400462685
            ],
            [
              2707.796376230286,
              -870.3558248152306
            ],
            [
              2717.340982847552,
              -869.8104187228153
            ],
            [
              2724.43126204895,
              -865.7198730297013
            ],
            [
              2708.614485368909,
              -867.3560913069468
            ],
            [
              2702.8877213985493,
              -866.8106852145316
            ],
            [
              2696.070145243359,
              -859.4477029669264
            ],
            [
              2699.0698787516426,
              -857.2660785972656
            ]
          ]
        ]
      }
    },
    {
      "type": "Feature",
      "properties": {
        "fid": 1160,
        "code": "gedrosia",
        "name": "Gedrosia",
        "capital": null,
        "culture": null,
        "civs": [
          "maur"
        ],
        "provinceType": "land",
        "terrain": null,
        "mapTypes": [],
        "resources": null,
        "religion": null,
        "population": "high",
        "centerpoint": [
          2697,
          813
        ],
        "position": {
          "x": 2635,
          "y": 723
        },
        "bbox": {
          "w": 150,
          "h": 137
        }
      },
      "geometry": {
        "type": "Polygon",
        "coordinates": [
          [
            [
              2640.09784500925,
              -828.240248116544
            ],
            [
              2634.9164871313055,
              -811.2644834901207
            ],
            [
              2640.370548055457,
              -779.9718089377984
            ],
            [
              2669.277070953463,
              -749.9744738549622
            ],
            [
              2678.8216775707288,
              -734.975806313544
            ],
            [
              2701.183327359752,
              -723.2495753266172
            ],
            [
              2736.6347233667407,
              -749.9744738549622
            ],
            [
              2750.2698756771206,
              -761.4280017956814
            ],
            [
              2774.813149835805,
              -781.3353241688365
            ],
            [
              2784.9031625454863,
              -786.7893850929885
            ],
            [
              2770.7226041426907,
              -797.424803895085
            ],
            [
              2758.996373155764,
              -815.6959079909943
            ],
            [
              2751.360687861951,
              -835.8759334103569
            ],
            [
              2737.4528325053634,
              -834.2397151331112
            ],
            [
              2730.635256350173,
              -842.9662126117545
            ],
            [
              2714.2730735777172,
              -847.8748674434913
            ],
            [
              2696.820078620431,
              -859.8738014766259
            ],
            [
              2696.138321004912,
              -852.9198737983321
            ],
            [
              2687.0027689569574,
              -855.2378496910967
            ],
            [
              2681.00330194039,
              -848.4202735359066
            ],
            [
              2678.821677570729,
              -843.9206732734812
            ],
            [
              2678.13991995521,
              -838.602963872433
            ],
            [
              2671.1859922769163,
              -832.1944422865542
            ],
            [
              2669.8224770458783,
              -829.1947087782706
            ],
            [
              2658.505300628263,
              -832.6034968558657
            ],
            [
              2648.278936395478,
              -834.9214727486303
            ],
            [
              2640.09784500925,
              -831.2399816248277
            ],
            [
              2640.09784500925,
              -828.240248116544
            ]
          ]
        ]
      }
    },
    {
      "type": "Feature",
      "properties": {
        "fid": 1161,
        "code": "himalaia",
        "name": "Himalaia",
        "capital": null,
        "culture": null,
        "civs": [
          "han"
        ],
        "provinceType": "land",
        "terrain": "cordillera",
        "mapTypes": [],
        "resources": null,
        "religion": null,
        "population": "low",
        "centerpoint": [
          2945,
          716
        ],
        "position": {
          "x": 2779,
          "y": 623
        },
        "bbox": {
          "w": 343,
          "h": 150
        }
      },
      "geometry": {
        "type": "Polygon",
        "coordinates": [
          [
            [
              2901.8927693685478,
              -745.4748735925367
            ],
            [
              2841.3526931104598,
              -724.2040359883438
            ],
            [
              2809.991842796586,
              -688.7526399813555
            ],
            [
              2786.2666777765244,
              -676.7537059482211
            ],
            [
              2779.7218046675416,
              -652.4831348357444
            ],
            [
              2808.0829214731325,
              -629.8487820005134
            ],
            [
              2836.9894443711382,
              -623.303908891531
            ],
            [
              2859.3510941601617,
              -630.1214850467211
            ],
            [
              2878.4403073946937,
              -656.0282744364433
            ],
            [
              2924.5271222037786,
              -689.843452166186
            ],
            [
              2946.3433659003867,
              -704.5694166613965
            ],
            [
              2971.9774522439016,
              -714.6594293710779
            ],
            [
              2998.4296477260386,
              -718.2045689717767
            ],
            [
              3075.60460980279,
              -715.204835463493
            ],
            [
              3108.6016783939103,
              -707.8418532158878
            ],
            [
              3122.5095337504977,
              -743.5659522690837
            ],
            [
              3101.5113991925123,
              -757.2011045794637
            ],
            [
              3077.240828080036,
              -750.3835284242737
            ],
            [
              3052.6975539213518,
              -762.6551655036158
            ],
            [
              3020.791297515062,
              -773.2905843057123
            ],
            [
              3009.610472620551,
              -773.2224085441603
            ],
            [
              2975.4544160830483,
              -768.3137537124236
            ],
            [
              2953.774523909544,
              -761.087122987922
            ],
            [
              2934.412607628804,
              -759.8599592799878
            ],
            [
              2901.006484468373,
              -746.6338615389192
            ],
            [
              2901.8927693685478,
              -745.4748735925367
            ]
          ]
        ]
      }
    },
    {
      "type": "Feature",
      "properties": {
        "fid": 1162,
        "code": "burmese",
        "name": "Burmese",
        "capital": null,
        "culture": null,
        "civs": [
          "han"
        ],
        "provinceType": "land",
        "terrain": "hills",
        "mapTypes": [],
        "resources": null,
        "religion": null,
        "population": "medium",
        "centerpoint": [
          3144,
          715
        ],
        "position": {
          "x": 3023,
          "y": 637
        },
        "bbox": {
          "w": 220,
          "h": 152
        }
      },
      "geometry": {
        "type": "Polygon",
        "coordinates": [
          [
            [
              3023.4501522155847,
              -718.5454477795352
            ],
            [
              3051.2658629287603,
              -691.8205492511902
            ],
            [
              3097.6253807840526,
              -658.5507776138627
            ],
            [
              3149.438959563497,
              -642.7340009338218
            ],
            [
              3212.1606601912454,
              -637.2799400096698
            ],
            [
              3243.2488074589123,
              -648.1880618579738
            ],
            [
              3231.1135219026737,
              -686.2983125654862
            ],
            [
              3239.9763709044205,
              -709.8189503008919
            ],
            [
              3214.7513391302173,
              -723.0450480419605
            ],
            [
              3220.0690485312653,
              -760.8144199417135
            ],
            [
              3220.887157669888,
              -773.6314631134708
            ],
            [
              3183.254137293239,
              -783.1760697307368
            ],
            [
              3169.8916880290667,
              -788.9028337010965
            ],
            [
              3125.9864975896426,
              -743.3614249844269
            ],
            [
              3122.4413579889438,
              -744.7249402154649
            ],
            [
              3108.533502632356,
              -710.0916533470995
            ],
            [
              3075.4682582796845,
              -715.6138900328034
            ],
            [
              3024.6432280427425,
              -717.3864598331528
            ],
            [
              3023.4501522155847,
              -718.5454477795352
            ]
          ]
        ]
      }
    },
    {
      "type": "Feature",
      "properties": {
        "fid": 1163,
        "code": "indian_ocean",
        "name": "Indian Ocean",
        "capital": null,
        "culture": null,
        "civs": [],
        "provinceType": "sea",
        "terrain": null,
        "mapTypes": [],
        "resources": null,
        "religion": null,
        "population": null,
        "centerpoint": [
          2807,
          1026
        ],
        "position": {
          "x": 2648,
          "y": 876
        },
        "bbox": {
          "w": 342,
          "h": 431
        }
      },
      "geometry": {
        "type": "Polygon",
        "coordinates": [
          [
            [
              2752.025401537083,
              -875.7076220970541
            ],
            [
              2748.480261936384,
              -880.4799254056871
            ],
            [
              2749.162019551903,
              -888.6610167919152
            ],
            [
              2742.344443396713,
              -897.2511627474547
            ],
            [
              2734.7087581029,
              -900.3872477788422
            ],
            [
              2711.8017022214613,
              -891.3880472539912
            ],
            [
              2678.804633630342,
              -918.6583518747512
            ],
            [
              2648.722078845565,
              -950.2748612944441
            ],
            [
              2654.1761397697173,
              -1078.9906991044322
            ],
            [
              2683.236058131215,
              -1236.4937522297103
            ],
            [
              2736.65176730713,
              -1285.4950808451388
            ],
            [
              2743.486387402708,
              -1233.6815020656948
            ],
            [
              2735.850702108895,
              -1232.727041403968
            ],
            [
              2744.7987708125816,
              -1141.252213341706
            ],
            [
              2742.0035645889534,
              -1114.0500844824974
            ],
            [
              2735.117812672211,
              -1041.4428984297235
            ],
            [
              2726.169743968524,
              -1015.7235923842686
            ],
            [
              2726.169743968524,
              -1006.9970949056253
            ],
            [
              2741.44111455615,
              -1013.5419680146078
            ],
            [
              2757.803297328606,
              -1095.3528818768884
            ],
            [
              2756.7124851437757,
              -1134.6221205307831
            ],
            [
              2736.6688112475176,
              -1285.4950808451392
            ],
            [
              2869.747897796827,
              -1306.7659184493323
            ],
            [
              2860.066939656457,
              -1119.07804689695
            ],
            [
              2859.1806547562824,
              -1117.8508831890158
            ],
            [
              2856.4536242942063,
              -1118.9416953738462
            ],
            [
              2848.204357146426,
              -1112.4649980264157
            ],
            [
              2845.068272115038,
              -1088.6716572448024
            ],
            [
              2846.5681388691796,
              -1078.0362384427058
            ],
            [
              2848.886114761944,
              -1066.310007455779
            ],
            [
              2853.9311211167847,
              -1056.9017523616167
            ],
            [
              2850.6586845622937,
              -1054.038370376437
            ],
            [
              2851.8858482702276,
              -1050.3568792526341
            ],
            [
              2855.7036909171343,
              -1049.4024185909077
            ],
            [
              2864.7028914419852,
              -1053.4929642840216
            ],
            [
              2875.4746617671854,
              -1070.6732561951005
            ],
            [
              2974.0568129712337,
              -1071.082310764412
            ],
            [
              2990.964401836105,
              -947.2751277861605
            ],
            [
              2910.244300158655,
              -928.7313206440435
            ],
            [
              2909.4261910200325,
              -928.458617597836
            ],
            [
              2903.631251288121,
              -931.2538238214639
            ],
            [
              2900.836045064493,
              -936.1624786532008
            ],
            [
              2888.2917049389434,
              -942.23012143132
            ],
            [
              2888.3598807004955,
              -950.3430370559961
            ],
            [
              2885.7010259999715,
              -953.138243279624
            ],
            [
              2875.5428375287383,
              -952.6610129487607
            ],
            [
              2874.5883768670105,
              -957.9787223498089
            ],
            [
              2869.54337051217,
              -960.7057528118847
            ],
            [
              2864.2256611111216,
              -960.501225527229
            ],
            [
              2861.29410336439,
              -962.5464983737861
            ],
            [
              2858.1580183330025,
              -969.1595472443205
            ],
            [
              2857.8853152867955,
              -983.7491602164275
            ],
            [
              2860.885048795079,
              -995.3390396802506
            ],
            [
              2851.6131452240206,
              -1016.7462288075474
            ],
            [
              2851.340442177813,
              -1044.289236474515
            ],
            [
              2841.250429468132,
              -1046.0618062748645
            ],
            [
              2837.4325868212254,
              -1051.7885702452243
            ],
            [
              2837.432586821225,
              -1060.6514192469713
            ],
            [
              2825.160949741883,
              -1064.4692618938775
            ],
            [
              2822.2975677567033,
              -1071.5595410952753
            ],
            [
              2814.798233985994,
              -1078.649820296673
            ],
            [
              2808.3897124001155,
              -1080.1496870508147
            ],
            [
              2800.7540271063026,
              -1074.2865715573512
            ],
            [
              2794.618208566632,
              -1063.6511527552548
            ],
            [
              2795.5726692283583,
              -1048.6524852138366
            ],
            [
              2789.8459052579988,
              -1040.88044839692
            ],
            [
              2783.5055594336723,
              -1021.3821805930764
            ],
            [
              2777.574268178657,
              -1013.9510225839193
            ],
            [
              2773.6882497701986,
              -1006.5880403363141
            ],
            [
              2770.279461692604,
              -984.9763239243615
            ],
            [
              2765.2344553377625,
              -975.840771876407
            ],
            [
              2764.484521960692,
              -971.000292806222
            ],
            [
              2758.4168791825728,
              -961.1829831427483
            ],
            [
              2755.6898487204976,
              -936.7078847456161
            ],
            [
              2756.167079051361,
              -932.6855148140539
            ],
            [
              2754.2070259067436,
              -909.5227998267967
            ],
            [
              2756.2522987533007,
              -883.0706043446593
            ],
            [
              2752.025401537083,
              -875.7076220970541
            ]
          ]
        ]
      }
    },
    {
      "type": "Feature",
      "properties": {
        "fid": 1164,
        "code": "gaetuli",
        "name": "Gaetuli",
        "capital": null,
        "culture": null,
        "civs": [
          "cart"
        ],
        "provinceType": "land",
        "terrain": null,
        "mapTypes": [],
        "resources": null,
        "religion": null,
        "population": "low",
        "centerpoint": [
          1529,
          753
        ],
        "position": {
          "x": 1441,
          "y": 698
        },
        "bbox": {
          "w": 250,
          "h": 110
        }
      },
      "geometry": {
        "type": "Polygon",
        "coordinates": [
          [
            [
              1468.6097993990331,
              -731.9867653806754
            ],
            [
              1474.8581530905308,
              -717.8421405405817
            ],
            [
              1498.7958707355672,
              -709.6454677722016
            ],
            [
              1557.640256599452,
              -698.1100455725134
            ],
            [
              1623.144975519109,
              -697.9040558903761
            ],
            [
              1670.411024666195,
              -724.107660038924
            ],
            [
              1691.3533090168185,
              -732.9823821776721
            ],
            [
              1687.8858160341747,
              -738.286616492707
            ],
            [
              1630.088544387821,
              -770.4896701335033
            ],
            [
              1605.7817618956212,
              -803.0017082975048
            ],
            [
              1533.1532331353826,
              -807.8253000208861
            ],
            [
              1484.8143210604994,
              -797.9377952782963
            ],
            [
              1472.1802872227458,
              -799.5857127353946
            ],
            [
              1463.3913941182218,
              -784.75445562151
            ],
            [
              1457.898335927894,
              -779.2613974311823
            ],
            [
              1454.6025010136975,
              -772.1204217837565
            ],
            [
              1448.560137004337,
              -763.3315286792322
            ],
            [
              1448.0108311853044,
              -756.739858850839
            ],
            [
              1441.4191613569112,
              -740.2606842798562
            ],
            [
              1468.6097993990331,
              -731.9867653806754
            ]
          ]
        ]
      }
    },
    {
      "type": "Feature",
      "properties": {
        "fid": 1147,
        "code": "lanka",
        "name": "Lanka",
        "capital": null,
        "culture": null,
        "civs": [
          "maur"
        ],
        "provinceType": "land",
        "terrain": "island",
        "mapTypes": [],
        "resources": null,
        "religion": null,
        "population": "high",
        "centerpoint": [
          2858,
          1079
        ],
        "position": {
          "x": 2845,
          "y": 1049
        },
        "bbox": {
          "w": 38,
          "h": 69
        }
      },
      "geometry": {
        "type": "Polygon",
        "coordinates": [
          [
            [
              2848.673065507088,
              -1066.280180560108
            ],
            [
              2853.445368815721,
              -1056.7355739428415
            ],
            [
              2849.354823122607,
              -1053.599488911454
            ],
            [
              2851.945502061579,
              -1049.9179977876513
            ],
            [
              2855.626993185382,
              -1049.3725916952362
            ],
            [
              2863.1263269560914,
              -1053.4631373883503
            ],
            [
              2875.807018604745,
              -1071.5978899611562
            ],
            [
              2882.4882432368313,
              -1088.6418303491319
            ],
            [
              2883.7154069447656,
              -1091.5052123343114
            ],
            [
              2878.2613460206135,
              -1110.5944255688441
            ],
            [
              2856.445102324005,
              -1118.7755169550724
            ],
            [
              2848.2640109377767,
              -1112.2306438460898
            ],
            [
              2846.3550896143233,
              -1098.3227884895018
            ],
            [
              2845.264277429493,
              -1089.050884918443
            ],
            [
              2846.082386568116,
              -1077.870060023931
            ],
            [
              2848.673065507088,
              -1066.280180560108
            ]
          ]
        ]
      }
    },
    {
      "type": "Feature",
      "properties": {
        "fid": 1153,
        "code": "satyaputras",
        "name": "Satyaputras",
        "capital": null,
        "culture": null,
        "civs": [
          "maur"
        ],
        "provinceType": "land",
        "terrain": "plains",
        "mapTypes": [],
        "resources": null,
        "religion": null,
        "population": "high",
        "centerpoint": [
          2817,
          1029
        ],
        "position": {
          "x": 2770,
          "y": 979
        },
        "bbox": {
          "w": 91,
          "h": 102
        }
      },
      "geometry": {
        "type": "Polygon",
        "coordinates": [
          [
            [
              2773.5433762768926,
              -978.8788542505698
            ],
            [
              2810.6309905611274,
              -978.6061512043623
            ],
            [
              2834.628858627397,
              -984.0602121285144
            ],
            [
              2858.0813206012513,
              -982.4239938512687
            ],
            [
              2859.9902419247046,
              -990.3323821912894
            ],
            [
              2861.081054109535,
              -994.6956309306112
            ],
            [
              2857.5359145088364,
              -1005.3310497327079
            ],
            [
              2852.0818535846843,
              -1016.7845776734275
            ],
            [
              2851.536447492269,
              -1041.6005548783198
            ],
            [
              2851.536447492269,
              -1043.7821792479808
            ],
            [
              2841.1737317363795,
              -1046.509209710057
            ],
            [
              2837.3558890894733,
              -1052.5086767266243
            ],
            [
              2837.9012951818886,
              -1060.1443620204373
            ],
            [
              2833.5380464425666,
              -1062.8713924825133
            ],
            [
              2825.3569550563384,
              -1063.9622046673437
            ],
            [
              2822.357221548055,
              -1072.4159990997796
            ],
            [
              2815.812348439072,
              -1078.9608722087623
            ],
            [
              2809.5401783762973,
              -1080.597090486008
            ],
            [
              2799.722868712823,
              -1073.2341082384025
            ],
            [
              2794.268807788671,
              -1063.6895016211363
            ],
            [
              2794.8142138810863,
              -1049.236240172133
            ],
            [
              2789.0874499107263,
              -1040.5097426934894
            ],
            [
              2785.8150133562353,
              -1029.8743238913926
            ],
            [
              2783.3606859403667,
              -1021.965935551372
            ],
            [
              2777.6339219700067,
              -1014.6029533037666
            ],
            [
              2773.270673230685,
              -1006.694564963746
            ],
            [
              2769.9982366761938,
              -984.8783212671373
            ],
            [
              2773.5433762768926,
              -978.8788542505698
            ]
          ]
        ]
      }
    },
    {
      "type": "Feature",
      "properties": {
        "fid": 1148,
        "code": "vanga",
        "name": "Vanga",
        "capital": null,
        "culture": null,
        "civs": [
          "maur"
        ],
        "provinceType": "land",
        "terrain": "rivers",
        "mapTypes": [],
        "resources": null,
        "religion": null,
        "population": "high",
        "centerpoint": [
          2987,
          846
        ],
        "position": {
          "x": 2961,
          "y": 820
        },
        "bbox": {
          "w": 58,
          "h": 61
        }
      },
      "geometry": {
        "type": "Polygon",
        "coordinates": [
          [
            [
              2963.4213941691396,
              -824.3883175888622
            ],
            [
              2970.0259210694735,
              -820.574735927053
            ],
            [
              2972.752951531552,
              -820.1656813577415
            ],
            [
              2977.9343094094943,
              -819.892978311534
            ],
            [
              2982.43390967192,
              -824.1198755277519
            ],
            [
              2993.8874376126396,
              -820.574735927053
            ],
            [
              3002.068528998868,
              -819.892978311534
            ],
            [
              3016.385438924767,
              -843.618143331596
            ],
            [
              3019.521523956155,
              -845.3907131319455
            ],
            [
              3015.976384355457,
              -847.5723375016063
            ],
            [
              3014.612869124419,
              -851.3901801485129
            ],
            [
              3012.2948932316544,
              -851.3901801485129
            ],
            [
              3009.840565815786,
              -849.890313394371
            ],
            [
              3000.841365290935,
              -856.9805925957688
            ],
            [
              2999.7505531061042,
              -873.4791268913292
            ],
            [
              2991.7058132429797,
              -874.1608845068482
            ],
            [
              2988.8424312578,
              -876.2061573534053
            ],
            [
              2982.0248551026098,
              -878.3877817230662
            ],
            [
              2971.6621393467203,
              -881.251163708246
            ],
            [
              2963.617399483596,
              -877.0242664920281
            ],
            [
              2961.026720544624,
              -854.798968226108
            ],
            [
              2961.844829683246,
              -835.9824580377827
            ],
            [
              2964.42698665203,
              -825.121207025545
            ],
            [
              2963.4213941691396,
              -824.3883175888622
            ]
          ]
        ]
      }
    },
    {
      "type": "Feature",
      "properties": {
        "fid": 1149,
        "code": "champa",
        "name": "Champa",
        "capital": "Champa",
        "culture": null,
        "civs": [
          "maur"
        ],
        "provinceType": "land",
        "terrain": null,
        "mapTypes": [],
        "resources": null,
        "religion": null,
        "population": "high",
        "centerpoint": [
          2987,
          805
        ],
        "position": {
          "x": 2960,
          "y": 768
        },
        "bbox": {
          "w": 69,
          "h": 58
        }
      },
      "geometry": {
        "type": "Polygon",
        "coordinates": [
          [
            [
              3002.0685289988705,
              -819.9611540730859
            ],
            [
              3011.9540144238954,
              -820.7110874501569
            ],
            [
              3029.9524154735977,
              -813.0754021563439
            ],
            [
              3019.0442936252934,
              -780.6237396576385
            ],
            [
              3008.954280915612,
              -772.7153513176179
            ],
            [
              2986.592631126588,
              -769.7156178093342
            ],
            [
              2976.229915370699,
              -767.5339934396733
            ],
            [
              2970.2304483541316,
              -780.3510366114305
            ],
            [
              2965.168398058907,
              -793.700702920313
            ],
            [
              2961.214203888896,
              -810.8042970996462
            ],
            [
              2960.4557485416317,
              -825.5941763713116
            ],
            [
              2963.3873062883636,
              -824.3712736484741
            ],
            [
              2971.1849090158585,
              -820.5747359270531
            ],
            [
              2978.0024851710486,
              -820.0293298346378
            ],
            [
              2982.36573391037,
              -824.3925785739596
            ],
            [
              2993.682910327986,
              -820.9837904963645
            ],
            [
              3002.0685289988705,
              -819.9611540730859
            ]
          ]
        ]
      }
    },
    {
      "type": "Feature",
      "properties": {
        "fid": 1150,
        "code": "magadha",
        "name": "Magadha",
        "capital": "Pataliputra",
        "culture": null,
        "civs": [
          "maur"
        ],
        "provinceType": "land",
        "terrain": "plain",
        "mapTypes": [],
        "resources": null,
        "religion": null,
        "population": "high",
        "centerpoint": [
          2916,
          789
        ],
        "position": {
          "x": 2868,
          "y": 746
        },
        "bbox": {
          "w": 108,
          "h": 102
        }
      },
      "geometry": {
        "type": "Polygon",
        "coordinates": [
          [
            [
              2900.6911715711917,
              -745.7177497430641
            ],
            [
              2918.9622756671015,
              -752.2626228520468
            ],
            [
              2934.7790523471426,
              -759.3529020534446
            ],
            [
              2952.777453396845,
              -760.443714238275
            ],
            [
              2970.5031514003394,
              -765.8977751624273
            ],
            [
              2976.911672986218,
              -767.6703449627767
            ],
            [
              2965.185441999291,
              -793.7134858756033
            ],
            [
              2961.2312478292806,
              -810.8937777866826
            ],
            [
              2960.4813144522127,
              -825.7390498646092
            ],
            [
              2934.923925840444,
              -837.1840558351349
            ],
            [
              2930.748160445386,
              -845.8807264180991
            ],
            [
              2917.931117273629,
              -843.8354535715422
            ],
            [
              2901.296231454965,
              -847.6532962184485
            ],
            [
              2885.8885093442354,
              -832.5182771539266
            ],
            [
              2873.344169218686,
              -817.3832580894048
            ],
            [
              2881.329255290451,
              -791.2591584597347
            ],
            [
              2870.4211334421466,
              -785.532394489375
            ],
            [
              2868.7849151649007,
              -767.5339934396728
            ],
            [
              2873.9662730428454,
              -755.2623563603304
            ],
            [
              2885.419800983565,
              -759.3529020534445
            ],
            [
              2895.782516739454,
              -753.0807319906695
            ],
            [
              2900.6911715711917,
              -745.7177497430641
            ]
          ]
        ]
      }
    },
    {
      "type": "Feature",
      "properties": {
        "fid": 1151,
        "code": "kalinga",
        "name": "Kalinga",
        "capital": "Tosali",
        "culture": null,
        "civs": [
          "maur"
        ],
        "provinceType": "land",
        "terrain": "plain",
        "mapTypes": [],
        "resources": null,
        "religion": null,
        "population": "high",
        "centerpoint": [
          2924,
          887
        ],
        "position": {
          "x": 2867,
          "y": 825
        },
        "bbox": {
          "w": 97,
          "h": 115
        }
      },
      "geometry": {
        "type": "Polygon",
        "coordinates": [
          [
            [
              2963.4128721989414,
              -876.7515634458199
            ],
            [
              2954.2091443894346,
              -881.3193394697973
            ],
            [
              2954.822726243402,
              -898.6359829039807
            ],
            [
              2945.959877241655,
              -902.3174740277833
            ],
            [
              2937.5060828092187,
              -905.1808560129632
            ],
            [
              2933.7564159238646,
              -905.3853832976189
            ],
            [
              2913.917269312261,
              -923.1792570626654
            ],
            [
              2911.9742601080343,
              -927.3038906365556
            ],
            [
              2903.520465675598,
              -931.121733283462
            ],
            [
              2900.793435213522,
              -936.3030911614067
            ],
            [
              2893.132184009127,
              -939.7587500750662
            ],
            [
              2888.905286792909,
              -937.7134772285093
            ],
            [
              2877.0767921636543,
              -923.1068203160146
            ],
            [
              2871.026193325923,
              -921.1808550521733
            ],
            [
              2867.85602041376,
              -921.1467671713974
            ],
            [
              2885.3857131027926,
              -890.0799248292168
            ],
            [
              2884.0221978717545,
              -864.9912445781168
            ],
            [
              2901.4751928290416,
              -848.0836557132451
            ],
            [
              2918.110078647706,
              -843.7204069739233
            ],
            [
              2930.6544187732557,
              -845.6293282973766
            ],
            [
              2934.7449644663698,
              -837.1755338649408
            ],
            [
              2963.3787843181685,
              -824.3584906931832
            ],
            [
              2964.4440305924177,
              -825.1169460404483
            ],
            [
              2961.878917564027,
              -835.1302610183837
            ],
            [
              2960.7881053791966,
              -853.6740681605011
            ],
            [
              2963.566267662437,
              -876.4447725188363
            ],
            [
              2963.4128721989414,
              -876.7515634458199
            ]
          ]
        ]
      }
    },
    {
      "type": "Feature",
      "properties": {
        "fid": 1052,
        "code": "kuntala",
        "name": "Kuntala",
        "capital": "Suvarnagiri",
        "culture": null,
        "civs": [
          "maur"
        ],
        "provinceType": "land",
        "terrain": null,
        "mapTypes": [],
        "resources": null,
        "religion": null,
        "population": "high",
        "centerpoint": [
          2830,
          951
        ],
        "position": {
          "x": 2755,
          "y": 921
        },
        "bbox": {
          "w": 138,
          "h": 64
        }
      },
      "geometry": {
        "type": "Polygon",
        "coordinates": [
          [
            [
              2756.0307275282544,
              -928.8506282267623
            ],
            [
              2788.209686980751,
              -926.1235977646862
            ],
            [
              2801.0267301525087,
              -932.9411739198763
            ],
            [
              2807.571603261491,
              -923.6692703488178
            ],
            [
              2832.932986558798,
              -920.9422398867418
            ],
            [
              2848.749763238839,
              -920.9422398867418
            ],
            [
              2871.1114130278625,
              -921.2149429329494
            ],
            [
              2877.11088004443,
              -923.1238642564025
            ],
            [
              2889.246165600668,
              -937.7134772285092
            ],
            [
              2893.336711293782,
              -939.7587500750662
            ],
            [
              2888.564407985149,
              -941.940374444727
            ],
            [
              2888.7007595082528,
              -949.8487627847475
            ],
            [
              2885.7010259999693,
              -953.2575508623424
            ],
            [
              2875.474661767184,
              -952.8484962930311
            ],
            [
              2875.2019587209766,
              -958.1662056940793
            ],
            [
              2870.156952366136,
              -960.7568846330515
            ],
            [
              2864.56653991888,
              -960.3478300637402
            ],
            [
              2861.157751841285,
              -962.6658059565048
            ],
            [
              2858.430721379209,
              -968.801624496176
            ],
            [
              2858.2943698561053,
              -983.1185344220752
            ],
            [
              2834.637380597596,
              -984.3456981300094
            ],
            [
              2810.434985246671,
              -978.7552856827534
            ],
            [
              2773.6882497701968,
              -979.1643402520648
            ],
            [
              2770.0067586463942,
              -984.8229284608726
            ],
            [
              2764.8935765300016,
              -975.3464976051584
            ],
            [
              2764.109555272155,
              -971.0855125081646
            ],
            [
              2758.3487034210198,
              -961.302290725467
            ],
            [
              2755.6216729589437,
              -937.4407741823018
            ],
            [
              2756.0307275282544,
              -928.8506282267623
            ]
          ]
        ]
      }
    },
    {
      "type": "Feature",
      "properties": {
        "fid": 1155,
        "code": "vidarbha",
        "name": "Vidarbha",
        "capital": "",
        "culture": null,
        "civs": [
          "maur"
        ],
        "provinceType": "land",
        "terrain": null,
        "mapTypes": [],
        "resources": null,
        "religion": null,
        "population": "high",
        "centerpoint": [
          2804,
          888
        ],
        "position": {
          "x": 2752,
          "y": 853
        },
        "bbox": {
          "w": 139,
          "h": 80
        }
      },
      "geometry": {
        "type": "Polygon",
        "coordinates": [
          [
            [
              2754.7013001779906,
              -882.2184073252618
            ],
            [
              2766.461619045697,
              -867.3390473665592
            ],
            [
              2791.5162114160166,
              -859.0386483976156
            ],
            [
              2795.061351016716,
              -862.856491044522
            ],
            [
              2807.878394188473,
              -859.0386483976156
            ],
            [
              2833.23977748578,
              -860.129460582446
            ],
            [
              2841.420868872008,
              -860.4021636286536
            ],
            [
              2860.7827851527477,
              -853.8572905196712
            ],
            [
              2870.6000948162214,
              -853.0391813810484
            ],
            [
              2877.690374017619,
              -855.7662118431244
            ],
            [
              2891.3255263279993,
              -857.9478362127852
            ],
            [
              2884.064807722722,
              -865.0722032949589
            ],
            [
              2885.394235072985,
              -890.1949714268343
            ],
            [
              2867.8134105627882,
              -921.231986873337
            ],
            [
              2807.639779023042,
              -923.7033582295932
            ],
            [
              2801.0267301525078,
              -933.0775254429795
            ],
            [
              2788.141511219198,
              -926.3622129301173
            ],
            [
              2756.030727528253,
              -929.1233312729693
            ],
            [
              2754.4626850125596,
              -923.0556884948501
            ],
            [
              2752.962818258418,
              -912.2157424080979
            ],
            [
              2752.417412166002,
              -910.6476998924043
            ],
            [
              2752.485587927554,
              -906.5571541992903
            ],
            [
              2754.462685012559,
              -901.7166751291053
            ],
            [
              2754.1899819663518,
              -892.7856503658063
            ],
            [
              2753.763883456652,
              -885.9680742106164
            ],
            [
              2754.7013001779906,
              -882.2184073252618
            ]
          ]
        ]
      }
    },
    {
      "type": "Feature",
      "properties": {
        "fid": 1156,
        "code": "avanti",
        "name": "Avanti",
        "capital": "Ujjain",
        "culture": null,
        "civs": [
          "maur"
        ],
        "provinceType": "land",
        "terrain": null,
        "mapTypes": [],
        "resources": null,
        "religion": null,
        "population": "high",
        "centerpoint": [
          2828,
          827
        ],
        "position": {
          "x": 2751,
          "y": 769
        },
        "bbox": {
          "w": 150,
          "h": 99
        }
      },
      "geometry": {
        "type": "Polygon",
        "coordinates": [
          [
            [
              2766.1718720590984,
              -867.4242670684996
            ],
            [
              2751.7186106100958,
              -835.2453076160026
            ],
            [
              2758.5361867652855,
              -815.6106882890552
            ],
            [
              2769.717011659797,
              -799.5212085628067
            ],
            [
              2782.261351785347,
              -786.1587592986342
            ],
            [
              2788.8062248943297,
              -778.2503709586138
            ],
            [
              2803.8048924357477,
              -768.4330612951401
            ],
            [
              2846.8919737365486,
              -773.0690130806693
            ],
            [
              2867.0719991559113,
              -777.1595587737833
            ],
            [
              2869.7990296179873,
              -777.7049648661986
            ],
            [
              2870.480787233507,
              -785.681528967771
            ],
            [
              2881.6616121280185,
              -791.5446444612344
            ],
            [
              2873.1055540532557,
              -817.75822477794
            ],
            [
              2901.534846620398,
              -847.8237356223281
            ],
            [
              2901.3303193357424,
              -849.1190750918142
            ],
            [
              2891.5811854338203,
              -858.2546271397689
            ],
            [
              2877.673330077233,
              -856.0048270085562
            ],
            [
              2870.3785235911796,
              -853.4141480695839
            ],
            [
              2860.561213927706,
              -854.0959056851029
            ],
            [
              2841.1992976469664,
              -860.7771303171892
            ],
            [
              2807.9977017711903,
              -859.2090878014956
            ],
            [
              2795.044307076329,
              -863.026930448402
            ],
            [
              2791.703694760286,
              -859.2772635630474
            ],
            [
              2769.393176792429,
              -866.3845867048326
            ],
            [
              2766.1718720590984,
              -867.4242670684996
            ]
          ]
        ]
      }
    },
    {
      "type": "Feature",
      "properties": {
        "fid": 1158,
        "code": "saurashtra",
        "name": "Saurashtra",
        "capital": null,
        "culture": null,
        "civs": [
          "maur"
        ],
        "provinceType": "land",
        "terrain": null,
        "mapTypes": [],
        "resources": null,
        "religion": null,
        "population": "high",
        "centerpoint": [
          2726,
          870
        ],
        "position": {
          "x": 2696,
          "y": 834
        },
        "bbox": {
          "w": 70,
          "h": 67
        }
      },
      "geometry": {
        "type": "Polygon",
        "coordinates": [
          [
            [
              2699.0698787516426,
              -857.2660785972656
            ],
            [
              2714.6139523854763,
              -846.9033628413767
            ],
            [
              2730.7034321117244,
              -841.1765988710171
            ],
            [
              2737.7937113131225,
              -834.0863196696195
            ],
            [
              2750.6107544848796,
              -834.359022715827
            ],
            [
              2751.7015666697107,
              -835.1260000332858
            ],
            [
              2766.4275311649203,
              -867.3560913069468
            ],
            [
              2754.428597131786,
              -881.8093527559498
            ],
            [
              2751.70156666971,
              -877.4461040166282
            ],
            [
              2748.7018331614263,
              -880.7185405711194
            ],
            [
              2750.3380514386718,
              -886.7180075876867
            ],
            [
              2748.156427069011,
              -893.8082867890843
            ],
            [
              2737.7937113131225,
              -899.8077538056516
            ],
            [
              2730.7034321117244,
              -901.4439720828972
            ],
            [
              2721.704231586874,
              -898.7169416208211
            ],
            [
              2711.8869219234,
              -890.5358502345931
            ],
            [
              2702.6150183523414,
              -880.991243617327
            ],
            [
              2701.2515031213034,
              -871.7193400462685
            ],
            [
              2707.796376230286,
              -870.3558248152306
            ],
            [
              2717.340982847552,
              -869.8104187228153
            ],
            [
              2724.43126204895,
              -865.7198730297013
            ],
            [
              2708.614485368909,
              -867.3560913069468
            ],
            [
              2702.8877213985493,
              -866.8106852145316
            ],
            [
              2696.070145243359,
              -859.4477029669264
            ],
            [
              2699.0698787516426,
              -857.2660785972656
            ]
          ]
        ]
      }
    },
    {
      "type": "Feature",
      "properties": {
        "fid": 1160,
        "code": "gedrosia",
        "name": "Gedrosia",
        "capital": null,
        "culture": null,
        "civs": [
          "maur"
        ],
        "provinceType": "land",
        "terrain": null,
        "mapTypes": [],
        "resources": null,
        "religion": null,
        "population": "high",
        "centerpoint": [
          2697,
          813
        ],
        "position": {
          "x": 2635,
          "y": 723
        },
        "bbox": {
          "w": 150,
          "h": 137
        }
      },
      "geometry": {
        "type": "Polygon",
        "coordinates": [
          [
            [
              2640.09784500925,
              -828.240248116544
            ],
            [
              2634.9164871313055,
              -811.2644834901207
            ],
            [
              2640.370548055457,
              -779.9718089377984
            ],
            [
              2669.277070953463,
              -749.9744738549622
            ],
            [
              2678.8216775707288,
              -734.975806313544
            ],
            [
              2701.183327359752,
              -723.2495753266172
            ],
            [
              2736.6347233667407,
              -749.9744738549622
            ],
            [
              2750.2698756771206,
              -761.4280017956814
            ],
            [
              2774.813149835805,
              -781.3353241688365
            ],
            [
              2784.9031625454863,
              -786.7893850929885
            ],
            [
              2770.7226041426907,
              -797.424803895085
            ],
            [
              2758.996373155764,
              -815.6959079909943
            ],
            [
              2751.360687861951,
              -835.8759334103569
            ],
            [
              2737.4528325053634,
              -834.2397151331112
            ],
            [
              2730.635256350173,
              -842.9662126117545
            ],
            [
              2714.2730735777172,
              -847.8748674434913
            ],
            [
              2696.820078620431,
              -859.8738014766259
            ],
            [
              2696.138321004912,
              -852.9198737983321
            ],
            [
              2687.0027689569574,
              -855.2378496910967
            ],
            [
              2681.00330194039,
              -848.4202735359066
            ],
            [
              2678.821677570729,
              -843.9206732734812
            ],
            [
              2678.13991995521,
              -838.602963872433
            ],
            [
              2671.1859922769163,
              -832.1944422865542
            ],
            [
              2669.8224770458783,
              -829.1947087782706
            ],
            [
              2658.505300628263,
              -832.6034968558657
            ],
            [
              2648.278936395478,
              -834.9214727486303
            ],
            [
              2640.09784500925,
              -831.2399816248277
            ],
            [
              2640.09784500925,
              -828.240248116544
            ]
          ]
        ]
      }
    },
    {
      "type": "Feature",
      "properties": {
        "fid": 1161,
        "code": "himalaia",
        "name": "Himalaia",
        "capital": null,
        "culture": null,
        "civs": [
          "han"
        ],
        "provinceType": "land",
        "terrain": "cordillera",
        "mapTypes": [],
        "resources": null,
        "religion": null,
        "population": "low",
        "centerpoint": [
          2945,
          716
        ],
        "position": {
          "x": 2779,
          "y": 623
        },
        "bbox": {
          "w": 343,
          "h": 150
        }
      },
      "geometry": {
        "type": "Polygon",
        "coordinates": [
          [
            [
              2901.8927693685478,
              -745.4748735925367
            ],
            [
              2841.3526931104598,
              -724.2040359883438
            ],
            [
              2809.991842796586,
              -688.7526399813555
            ],
            [
              2786.2666777765244,
              -676.7537059482211
            ],
            [
              2779.7218046675416,
              -652.4831348357444
            ],
            [
              2808.0829214731325,
              -629.8487820005134
            ],
            [
              2836.9894443711382,
              -623.303908891531
            ],
            [
              2859.3510941601617,
              -630.1214850467211
            ],
            [
              2878.4403073946937,
              -656.0282744364433
            ],
            [
              2924.5271222037786,
              -689.843452166186
            ],
            [
              2946.3433659003867,
              -704.5694166613965
            ],
            [
              2971.9774522439016,
              -714.6594293710779
            ],
            [
              2998.4296477260386,
              -718.2045689717767
            ],
            [
              3075.60460980279,
              -715.204835463493
            ],
            [
              3108.6016783939103,
              -707.8418532158878
            ],
            [
              3122.5095337504977,
              -743.5659522690837
            ],
            [
              3101.5113991925123,
              -757.2011045794637
            ],
            [
              3077.240828080036,
              -750.3835284242737
            ],
            [
              3052.6975539213518,
              -762.6551655036158
            ],
            [
              3020.791297515062,
              -773.2905843057123
            ],
            [
              3009.610472620551,
              -773.2224085441603
            ],
            [
              2975.4544160830483,
              -768.3137537124236
            ],
            [
              2953.774523909544,
              -761.087122987922
            ],
            [
              2934.412607628804,
              -759.8599592799878
            ],
            [
              2901.006484468373,
              -746.6338615389192
            ],
            [
              2901.8927693685478,
              -745.4748735925367
            ]
          ]
        ]
      }
    },
    {
      "type": "Feature",
      "properties": {
        "fid": 1162,
        "code": "burmese",
        "name": "Burmese",
        "capital": null,
        "culture": null,
        "civs": [
          "han"
        ],
        "provinceType": "land",
        "terrain": "hills",
        "mapTypes": [],
        "resources": null,
        "religion": null,
        "population": "medium",
        "centerpoint": [
          3144,
          715
        ],
        "position": {
          "x": 3023,
          "y": 637
        },
        "bbox": {
          "w": 220,
          "h": 152
        }
      },
      "geometry": {
        "type": "Polygon",
        "coordinates": [
          [
            [
              3023.4501522155847,
              -718.5454477795352
            ],
            [
              3051.2658629287603,
              -691.8205492511902
            ],
            [
              3097.6253807840526,
              -658.5507776138627
            ],
            [
              3149.438959563497,
              -642.7340009338218
            ],
            [
              3212.1606601912454,
              -637.2799400096698
            ],
            [
              3243.2488074589123,
              -648.1880618579738
            ],
            [
              3231.1135219026737,
              -686.2983125654862
            ],
            [
              3239.9763709044205,
              -709.8189503008919
            ],
            [
              3214.7513391302173,
              -723.0450480419605
            ],
            [
              3220.0690485312653,
              -760.8144199417135
            ],
            [
              3220.887157669888,
              -773.6314631134708
            ],
            [
              3183.254137293239,
              -783.1760697307368
            ],
            [
              3169.8916880290667,
              -788.9028337010965
            ],
            [
              3125.9864975896426,
              -743.3614249844269
            ],
            [
              3122.4413579889438,
              -744.7249402154649
            ],
            [
              3108.533502632356,
              -710.0916533470995
            ],
            [
              3075.4682582796845,
              -715.6138900328034
            ],
            [
              3024.6432280427425,
              -717.3864598331528
            ],
            [
              3023.4501522155847,
              -718.5454477795352
            ]
          ]
        ]
      }
    },
    {
      "type": "Feature",
      "properties": {
        "fid": 1163,
        "code": "indian_ocean",
        "name": "Indian Ocean",
        "capital": null,
        "culture": null,
        "civs": [],
        "provinceType": "sea",
        "terrain": null,
        "mapTypes": [],
        "resources": null,
        "religion": null,
        "population": null,
        "centerpoint": [
          2807,
          1026
        ],
        "position": {
          "x": 2648,
          "y": 876
        },
        "bbox": {
          "w": 342,
          "h": 431
        }
      },
      "geometry": {
        "type": "Polygon",
        "coordinates": [
          [
            [
              2752.025401537083,
              -875.7076220970541
            ],
            [
              2748.480261936384,
              -880.4799254056871
            ],
            [
              2749.162019551903,
              -888.6610167919152
            ],
            [
              2742.344443396713,
              -897.2511627474547
            ],
            [
              2734.7087581029,
              -900.3872477788422
            ],
            [
              2711.8017022214613,
              -891.3880472539912
            ],
            [
              2678.804633630342,
              -918.6583518747512
            ],
            [
              2648.722078845565,
              -950.2748612944441
            ],
            [
              2654.1761397697173,
              -1078.9906991044322
            ],
            [
              2683.236058131215,
              -1236.4937522297103
            ],
            [
              2736.65176730713,
              -1285.4950808451388
            ],
            [
              2743.486387402708,
              -1233.6815020656948
            ],
            [
              2735.850702108895,
              -1232.727041403968
            ],
            [
              2744.7987708125816,
              -1141.252213341706
            ],
            [
              2742.0035645889534,
              -1114.0500844824974
            ],
            [
              2735.117812672211,
              -1041.4428984297235
            ],
            [
              2726.169743968524,
              -1015.7235923842686
            ],
            [
              2726.169743968524,
              -1006.9970949056253
            ],
            [
              2741.44111455615,
              -1013.5419680146078
            ],
            [
              2757.803297328606,
              -1095.3528818768884
            ],
            [
              2756.7124851437757,
              -1134.6221205307831
            ],
            [
              2736.6688112475176,
              -1285.4950808451392
            ],
            [
              2869.747897796827,
              -1306.7659184493323
            ],
            [
              2860.066939656457,
              -1119.07804689695
            ],
            [
              2859.1806547562824,
              -1117.8508831890158
            ],
            [
              2856.4536242942063,
              -1118.9416953738462
            ],
            [
              2848.204357146426,
              -1112.4649980264157
            ],
            [
              2845.068272115038,
              -1088.6716572448024
            ],
            [
              2846.5681388691796,
              -1078.0362384427058
            ],
            [
              2848.886114761944,
              -1066.310007455779
            ],
            [
              2853.9311211167847,
              -1056.9017523616167
            ],
            [
              2850.6586845622937,
              -1054.038370376437
            ],
            [
              2851.8858482702276,
              -1050.3568792526341
            ],
            [
              2855.7036909171343,
              -1049.4024185909077
            ],
            [
              2864.7028914419852,
              -1053.4929642840216
            ],
            [
              2875.4746617671854,
              -1070.6732561951005
            ],
            [
              2974.0568129712337,
              -1071.082310764412
            ],
            [
              2990.964401836105,
              -947.2751277861605
            ],
            [
              2910.244300158655,
              -928.7313206440435
            ],
            [
              2909.4261910200325,
              -928.458617597836
            ],
            [
              2903.631251288121,
              -931.2538238214639
            ],
            [
              2900.836045064493,
              -936.1624786532008
            ],
            [
              2888.2917049389434,
              -942.23012143132
            ],
            [
              2888.3598807004955,
              -950.3430370559961
            ],
            [
              2885.7010259999715,
              -953.138243279624
            ],
            [
              2875.5428375287383,
              -952.6610129487607
            ],
            [
              2874.5883768670105,
              -957.9787223498089
            ],
            [
              2869.54337051217,
              -960.7057528118847
            ],
            [
              2864.2256611111216,
              -960.501225527229
            ],
            [
              2861.29410336439,
              -962.5464983737861
            ],
            [
              2858.1580183330025,
              -969.1595472443205
            ],
            [
              2857.8853152867955,
              -983.7491602164275
            ],
            [
              2860.885048795079,
              -995.3390396802506
            ],
            [
              2851.6131452240206,
              -1016.7462288075474
            ],
            [
              2851.340442177813,
              -1044.289236474515
            ],
            [
              2841.250429468132,
              -1046.0618062748645
            ],
            [
              2837.4325868212254,
              -1051.7885702452243
            ],
            [
              2837.432586821225,
              -1060.6514192469713
            ],
            [
              2825.160949741883,
              -1064.4692618938775
            ],
            [
              2822.2975677567033,
              -1071.5595410952753
            ],
            [
              2814.798233985994,
              -1078.649820296673
            ],
            [
              2808.3897124001155,
              -1080.1496870508147
            ],
            [
              2800.7540271063026,
              -1074.2865715573512
            ],
            [
              2794.618208566632,
              -1063.6511527552548
            ],
            [
              2795.5726692283583,
              -1048.6524852138366
            ],
            [
              2789.8459052579988,
              -1040.88044839692
            ],
            [
              2783.5055594336723,
              -1021.3821805930764
            ],
            [
              2777.574268178657,
              -1013.9510225839193
            ],
            [
              2773.6882497701986,
              -1006.5880403363141
            ],
            [
              2770.279461692604,
              -984.9763239243615
            ],
            [
              2765.2344553377625,
              -975.840771876407
            ],
            [
              2764.484521960692,
              -971.000292806222
            ],
            [
              2758.4168791825728,
              -961.1829831427483
            ],
            [
              2755.6898487204976,
              -936.7078847456161
            ],
            [
              2756.167079051361,
              -932.6855148140539
            ],
            [
              2754.2070259067436,
              -909.5227998267967
            ],
            [
              2756.2522987533007,
              -883.0706043446593
            ],
            [
              2752.025401537083,
              -875.7076220970541
            ]
          ]
        ]
      }
    },
    {
      "type": "Feature",
      "properties": {
        "fid": 1001,
        "code": "ocean_pacific_austral",
        "name": "Ocean Pacific Austral",
        "capital": null,
        "culture": null,
        "civs": [],
        "provinceType": "sea",
        "terrain": null,
        "mapTypes": [],
        "resources": null,
        "religion": null,
        "population": null,
        "centerpoint": [
          101,
          1939
        ],
        "position": {
          "x": 0,
          "y": 1864
        },
        "bbox": {
          "w": 251,
          "h": 184
        }
      },
      "geometry": {
        "type": "Polygon",
        "coordinates": [
          [
            [
              0.530122074996399,
              -1866.3785029486019
            ],
            [
              250.97176439521996,
              -1863.909359996149
            ],
            [
              251.17017766818796,
              -2048.0368773076375
            ],
            [
              -0.004491466044955,
              -2048.0203428682235
            ],
            [
              0.530122074996399,
              -1866.3785029486019
            ]
          ]
        ]
      }
    },
    {
      "type": "Feature",
      "properties": {
        "fid": 1002,
        "code": "kamchatka",
        "name": "Kamchatka",
        "capital": null,
        "culture": null,
        "civs": [],
        "provinceType": "land",
        "terrain": "taiga",
        "mapTypes": [],
        "resources": null,
        "religion": null,
        "population": "low",
        "centerpoint": [
          4009,
          167
        ],
        "position": {
          "x": 3843,
          "y": 0
        },
        "bbox": {
          "w": 253,
          "h": 302
        }
      },
      "geometry": {
        "type": "Polygon",
        "coordinates": [
          [
            [
              3843.649076510601,
              0.287175533757775
            ],
            [
              3852.8212985267833,
              -156.32851539254807
            ],
            [
              3862.6814371941787,
              -156.32851539254807
            ],
            [
              3868.872687055102,
              -148.99073777960257
            ],
            [
              3870.4778259079335,
              -142.3408768178707
            ],
            [
              3878.732825722497,
              -147.84421002757983
            ],
            [
              3888.8222699402972,
              -140.96504351544343
            ],
            [
              3900.9754641117383,
              -143.94601567070254
            ],
            [
              3910.14768612792,
              -148.07351557798438
            ],
            [
              3920.4664358961245,
              -141.19434906584797
            ],
            [
              3931.2437967651385,
              -145.55115452353436
            ],
            [
              3950.734768549525,
              -143.2580990194889
            ],
            [
              3956.2381017592343,
              -141.19434906584797
            ],
            [
              3973.894629140384,
              -147.38559892677074
            ],
            [
              4022.048794725339,
              -132.71004370087974
            ],
            [
              4026.4056001830254,
              -121.93268283186602
            ],
            [
              4024.5711557797904,
              -90.28851687603844
            ],
            [
              4040.622544308109,
              -96.25046118655669
            ],
            [
              4049.1068496730772,
              -110.00879421082954
            ],
            [
              4061.718654945327,
              -92.12296127927482
            ],
            [
              4070.2029603102956,
              -93.95740568251121
            ],
            [
              4062.6358771469454,
              -107.25712760597497
            ],
            [
              4062.6358771469454,
              -116.88796072296597
            ],
            [
              4059.8842105420904,
              -142.7994879186798
            ],
            [
              4045.4379608666036,
              -148.0735155779844
            ],
            [
              4047.7310163706493,
              -159.30948754780727
            ],
            [
              4041.5397665097266,
              -169.39893176560736
            ],
            [
              4044.75004421539,
              -181.0935148362393
            ],
            [
              4044.75004421539,
              -188.43129244918487
            ],
            [
              4049.5654607738857,
              -191.87087570525307
            ],
            [
              4056.4446272860214,
              -205.62920872952606
            ],
            [
              4063.0944882477534,
              -207.92226423357152
            ],
            [
              4061.718654945326,
              -219.15823620339438
            ],
            [
              4071.1201825119124,
              -221.90990280824894
            ],
            [
              4072.7253213647446,
              -231.08212482443088
            ],
            [
              4076.1649046208126,
              -235.66823583252184
            ],
            [
              4077.5407379232397,
              -247.13351335274925
            ],
            [
              4073.1839324655543,
              -256.30573536893127
            ],
            [
              4083.04407113295,
              -257.9108742217631
            ],
            [
              4067.680599255845,
              -269.14684619158595
            ],
            [
              4061.718654945327,
              -280.84142926221784
            ],
            [
              4056.673932836426,
              -297.1221233409406
            ],
            [
              4064.9289326509897,
              -301.9375398994361
            ],
            [
              4088.3180987922537,
              -265.477957385113
            ],
            [
              4096.802404157222,
              -243.00601344546726
            ],
            [
              4096.028497924607,
              -236.8147635845445
            ],
            [
              4096.000058662006,
              9.5733249829e-05
            ],
            [
              3843.649076510601,
              0.287175533757775
            ]
          ]
        ]
      }
    },
    {
      "type": "Feature",
      "properties": {
        "fid": 1003,
        "code": "caatinga",
        "name": "Caatinga",
        "capital": null,
        "culture": null,
        "civs": [],
        "provinceType": "land",
        "terrain": "semi_arid",
        "mapTypes": [],
        "resources": null,
        "religion": null,
        "population": "medium",
        "centerpoint": [
          1172,
          1298
        ],
        "position": {
          "x": 1068,
          "y": 1193
        },
        "bbox": {
          "w": 186,
          "h": 242
        }
      },
      "geometry": {
        "type": "Polygon",
        "coordinates": [
          [
            [
              1099.9535665598844,
              -1195.061950777831
            ],
            [
              1104.5884049974418,
              -1195.6638778476436
            ],
            [
              1114.7609724772751,
              -1193.256169568393
            ],
            [
              1127.2810555293775,
              -1203.0073880993573
            ],
            [
              1131.2537741901406,
              -1205.6558672065328
            ],
            [
              1142.20884686073,
              -1211.9761014395654
            ],
            [
              1158.099721503783,
              -1211.675137904659
            ],
            [
              1163.637450546059,
              -1215.587663858441
            ],
            [
              1176.6390752540115,
              -1217.0322888259911
            ],
            [
              1182.8991167800627,
              -1222.8107886961923
            ],
            [
              1190.122241617814,
              -1234.8493300924445
            ],
            [
              1200.234616390666,
              -1241.5909132743457
            ],
            [
              1211.7916161310682,
              -1241.5909132743457
            ],
            [
              1217.0885743454191,
              -1248.814038112097
            ],
            [
              1238.276407202823,
              -1249.7771214237973
            ],
            [
              1248.388781975675,
              -1257.0002462615487
            ],
            [
              1245.4995320405746,
              -1280.5957873982034
            ],
            [
              1251.759573566626,
              -1285.8927456125543
            ],
            [
              1254.1672818458762,
              -1307.5621201258084
            ],
            [
              1249.8334069432256,
              -1325.3791613922617
            ],
            [
              1240.2025738262237,
              -1339.8254110677644
            ],
            [
              1236.831782235273,
              -1347.0485359055158
            ],
            [
              1225.2747824948708,
              -1355.2347440549672
            ],
            [
              1216.6070326895692,
              -1366.7917437953695
            ],
            [
              1213.7177827544688,
              -1378.3487435357715
            ],
            [
              1205.050032949167,
              -1387.9795766527734
            ],
            [
              1198.3084497672658,
              -1383.1641600942726
            ],
            [
              1197.8269081114156,
              -1398.5734930814754
            ],
            [
              1195.9007414880152,
              -1412.056659445278
            ],
            [
              1199.271533078966,
              -1435.1706589260823
            ],
            [
              1067.8106610318912,
              -1409.1674095101775
            ],
            [
              1073.5891609020923,
              -1392.3134515554243
            ],
            [
              1081.2938273956938,
              -1375.459493600671
            ],
            [
              1089.9615772009954,
              -1363.9024938602688
            ],
            [
              1104.4078268764981,
              -1351.3824108081667
            ],
            [
              1109.223243434999,
              -1335.9730778209637
            ],
            [
              1114.0386599935,
              -1331.6392029183128
            ],
            [
              1131.8557012599533,
              -1314.3037033077096
            ],
            [
              1099.9535665598844,
              -1195.061950777831
            ]
          ]
        ]
      }
    },
    {
      "type": "Feature",
      "properties": {
        "fid": 1004,
        "code": "pampas",
        "name": "Pampas",
        "capital": null,
        "culture": null,
        "civs": [],
        "provinceType": "land",
        "terrain": "plains",
        "mapTypes": [],
        "resources": null,
        "religion": null,
        "population": null,
        "centerpoint": [
          937,
          1669
        ],
        "position": {
          "x": 843,
          "y": 1578
        },
        "bbox": {
          "w": 221,
          "h": 169
        }
      },
      "geometry": {
        "type": "Polygon",
        "coordinates": [
          [
            [
              897.8601761764808,
              -1578.0240113680804
            ],
            [
              881.9497029478792,
              -1589.2549336470934
            ],
            [
              885.6933437075502,
              -1601.8897212109828
            ],
            [
              879.609927473085,
              -1608.2071149929275
            ],
            [
              875.866286713414,
              -1629.2650942660766
            ],
            [
              856.6801278201004,
              -1659.2142203434441
            ],
            [
              848.7248912057997,
              -1665.2976365779093
            ],
            [
              842.6414749713344,
              -1688.2274362308938
            ],
            [
              846.8530708259643,
              -1719.580427593138
            ],
            [
              846.7360820522244,
              -1722.7391244841103
            ],
            [
              856.2121727251415,
              -1728.0036193023975
            ],
            [
              866.5071848142366,
              -1729.056518266055
            ],
            [
              874.8133877497564,
              -1735.1399345005202
            ],
            [
              883.5875457802351,
              -1733.5020916681642
            ],
            [
              892.0107374894948,
              -1740.8723844137664
            ],
            [
              910.2609861928906,
              -1739.9364742238486
            ],
            [
              913.419683083863,
              -1746.721823100752
            ],
            [
              930.5000440498616,
              -1742.9781823410813
            ],
            [
              950.0371692643943,
              -1721.101281651754
            ],
            [
              971.212137311283,
              -1709.2854155040427
            ],
            [
              993.3230155480899,
              -1690.333234158209
            ],
            [
              1001.7462072573494,
              -1681.67606490147
            ],
            [
              1023.9740742678956,
              -1654.0667142988968
            ],
            [
              1028.6536252174842,
              -1650.557051086705
            ],
            [
              1031.6953333347167,
              -1639.7940839026512
            ],
            [
              1036.3748842843054,
              -1636.9863533328978
            ],
            [
              1037.778749569182,
              -1631.8388472883503
            ],
            [
              1048.3077392057564,
              -1624.585543316488
            ],
            [
              1053.2212677028247,
              -1620.841902556817
            ],
            [
              1053.923200345263,
              -1614.2905312273929
            ],
            [
              1063.4229955193355,
              -1604.9328110998397
            ],
            [
              897.8601761764808,
              -1578.0240113680804
            ]
          ]
        ]
      }
    },
    {
      "type": "Feature",
      "properties": {
        "fid": 1005,
        "code": "wallmapu",
        "name": "Wallmapu",
        "capital": null,
        "culture": null,
        "civs": [],
        "provinceType": "land",
        "terrain": "mountainous",
        "mapTypes": [],
        "resources": null,
        "religion": null,
        "population": "low",
        "centerpoint": [
          620,
          1694
        ],
        "position": {
          "x": 569,
          "y": 1547
        },
        "bbox": {
          "w": 153,
          "h": 281
        }
      },
      "geometry": {
        "type": "Polygon",
        "coordinates": [
          [
            [
              621.6825701529913,
              -1546.9104670477632
            ],
            [
              721.4336696429738,
              -1555.9918872715552
            ],
            [
              680.33586750064,
              -1737.8009618882006
            ],
            [
              679.5736179608883,
              -1753.045952683233
            ],
            [
              690.626236287287,
              -1764.289133394569
            ],
            [
              697.8676069149275,
              -1774.770064566154
            ],
            [
              699.5826683793687,
              -1782.5831223486082
            ],
            [
              642.6045152829346,
              -1827.7464075788919
            ],
            [
              568.2851851571512,
              -1810.2146681646045
            ],
            [
              573.2398071655367,
              -1802.0204856122746
            ],
            [
              572.763401203192,
              -1795.064958562041
            ],
            [
              576.57464890195,
              -1788.3952750892142
            ],
            [
              572.763401203192,
              -1781.4397480389807
            ],
            [
              571.5247457010955,
              -1764.765539356914
            ],
            [
              576.8604924793569,
              -1757.9052934991491
            ],
            [
              584.2924254919353,
              -1752.474265528419
            ],
            [
              588.3895167681003,
              -1737.419837118324
            ],
            [
              597.8223548225266,
              -1707.8826674529485
            ],
            [
              604.1585541217119,
              -1686.158555570027
            ],
            [
              596.9171834940714,
              -1654.5251996703346
            ],
            [
              604.1585541217119,
              -1649.1894528920734
            ],
            [
              602.2529302723328,
              -1624.0352180802697
            ],
            [
              615.2111724481103,
              -1595.4508603395839
            ],
            [
              623.2147926155023,
              -1564.5797539796433
            ],
            [
              621.5212421845449,
              -1555.138193438527
            ],
            [
              621.9514501004019,
              -1552.2342900064928
            ],
            [
              621.7363461424732,
              -1550.2983543851371
            ],
            [
              621.6825701529913,
              -1546.9104670477632
            ]
          ]
        ]
      }
    },
    {
      "type": "Feature",
      "properties": {
        "fid": 1008,
        "code": "ushuaia",
        "name": "Ushuaia",
        "capital": null,
        "culture": null,
        "civs": [],
        "provinceType": "land",
        "terrain": "tundra",
        "mapTypes": [],
        "resources": null,
        "religion": null,
        "population": null,
        "centerpoint": [
          700,
          1911
        ],
        "position": {
          "x": 545,
          "y": 1753
        },
        "bbox": {
          "w": 270,
          "h": 289
        }
      },
      "geometry": {
        "type": "Polygon",
        "coordinates": [
          [
            [
              568.9475887808815,
              -1811.2197146594026
            ],
            [
              642.9928094729887,
              -1827.8209361139386
            ],
            [
              699.6822077353535,
              -1782.5448776015671
            ],
            [
              698.0786806630402,
              -1775.0460304104563
            ],
            [
              690.6741585938296,
              -1764.1043162699664
            ],
            [
              679.5909567704887,
              -1752.926789324725
            ],
            [
              801.317526583437,
              -1783.4409662596245
            ],
            [
              807.7316348726897,
              -1794.7599808877173
            ],
            [
              808.6748860916974,
              -1800.419488201764
            ],
            [
              814.7116938933469,
              -1804.1924930777948
            ],
            [
              813.391142186736,
              -1810.0406506356426
            ],
            [
              806.5997334098804,
              -1813.4363550240705
            ],
            [
              810.7500387735145,
              -1821.5483155075372
            ],
            [
              802.8267285338494,
              -1827.5851233091867
            ],
            [
              786.6028075669165,
              -1828.151074040591
            ],
            [
              767.5491329429602,
              -1820.2277638009261
            ],
            [
              762.0782758727153,
              -1825.698620871171
            ],
            [
              765.6626305049446,
              -1837.0176354992643
            ],
            [
              770.5675368437849,
              -1840.036039400089
            ],
            [
              776.9816451330374,
              -1839.6587389124861
            ],
            [
              771.3221378189911,
              -1854.467783050907
            ],
            [
              758.8712217280889,
              -1860.5989159744572
            ],
            [
              758.6825714842875,
              -1872.9555069434584
            ],
            [
              746.0430051495839,
              -1881.8220684021321
            ],
            [
              738.496995397522,
              -1881.2561176707275
            ],
            [
              727.3666310132307,
              -1883.3312703525444
            ],
            [
              713.2178627281147,
              -1891.2545805922093
            ],
            [
              713.2178627281147,
              -1901.0643932698897
            ],
            [
              716.9908676041457,
              -1905.2146986335238
            ],
            [
              725.2914783314137,
              -1905.2146986335238
            ],
            [
              732.8374880834756,
              -1908.9877035095546
            ],
            [
              730.9509856454602,
              -1916.345063017815
            ],
            [
              729.4417836950478,
              -1926.1548756954953
            ],
            [
              717.1795178479472,
              -1926.9094766707017
            ],
            [
              703.0307495628311,
              -1936.9079395921835
            ],
            [
              700.200995905808,
              -1948.8872300735818
            ],
            [
              692.5606610318453,
              -1952.660234949613
            ],
            [
              685.4862768892873,
              -1950.5850822677958
            ],
            [
              681.9962473789586,
              -1955.3013383628345
            ],
            [
              676.2424149430115,
              -1960.6778703111786
            ],
            [
              677.5629666496224,
              -1970.016057379355
            ],
            [
              683.5997744512719,
              -1974.8266385962945
            ],
            [
              691.1457842033337,
              -1976.335840546707
            ],
            [
              691.9947103004407,
              -1982.8442739578604
            ],
            [
              695.3904146888685,
              -1989.9186581004185
            ],
            [
              693.5982373727538,
              -1992.3711112698386
            ],
            [
              698.125843223991,
              -1997.9362934619842
            ],
            [
              697.7485427363879,
              -2003.878776141733
            ],
            [
              699.4463949306017,
              -2008.2177317491671
            ],
            [
              716.9908676041457,
              -2014.2545395508166
            ],
            [
              726.2347295504214,
              -2017.5559188173436
            ],
            [
              734.1580397900864,
              -2021.8005493028784
            ],
            [
              753.2117144140427,
              -2020.3856724743669
            ],
            [
              758.7768966061883,
              -2022.6494753999857
            ],
            [
              759.9087980689976,
              -2031.1387363710553
            ],
            [
              712.5575868748092,
              -2034.9117412470862
            ],
            [
              694.8244639574639,
              -2027.931682226429
            ],
            [
              694.6358137136623,
              -2033.2138890528722
            ],
            [
              708.0299810235722,
              -2037.7414949041095
            ],
            [
              709.9164834615876,
              -2041.7031500239418
            ],
            [
              700.4839712715103,
              -2041.8918002677435
            ],
            [
              664.4517747054148,
              -2036.232292953697
            ],
            [
              628.7968786269224,
              -2028.308982714032
            ],
            [
              599.9333913252858,
              -2015.669416379329
            ],
            [
              572.5791059740615,
              -1996.993042242976
            ],
            [
              549.7524264740744,
              -1957.1878408008492
            ],
            [
              544.2815694038295,
              -1926.8151515488003
            ],
            [
              546.1680718418451,
              -1899.649516441378
            ],
            [
              550.5070274492806,
              -1871.9179306025505
            ],
            [
              564.467145490595,
              -1855.505359391816
            ],
            [
              562.4863179306786,
              -1843.9976945199219
            ],
            [
              570.7869286579468,
              -1821.7369657513389
            ],
            [
              569.0890764637329,
              -1810.6066013670477
            ],
            [
              609.5545537591647,
              -1820.2277638009266
            ],
            [
              568.9475887808815,
              -1811.2197146594026
            ]
          ]
        ]
      }
    },
    {
      "type": "Feature",
      "properties": {
        "fid": 1007,
        "code": "marajo",
        "name": "Marajo",
        "capital": null,
        "culture": null,
        "civs": [],
        "provinceType": "land",
        "terrain": "tropical_florest",
        "mapTypes": [],
        "resources": null,
        "religion": null,
        "population": null,
        "centerpoint": [
          971,
          1162
        ],
        "position": {
          "x": 935,
          "y": 1134
        },
        "bbox": {
          "w": 74,
          "h": 48
        }
      },
      "geometry": {
        "type": "Polygon",
        "coordinates": [
          [
            [
              963.7163702470016,
              -1133.5056502640068
            ],
            [
              1008.6999485861406,
              -1155.7821099395749
            ],
            [
              993.244176439377,
              -1158.1535575838595
            ],
            [
              987.8256943219124,
              -1167.253298544487
            ],
            [
              986.2814958558663,
              -1175.9945648612115
            ],
            [
              975.3755941894165,
              -1181.130403509445
            ],
            [
              953.2579620365519,
              -1177.580370579473
            ],
            [
              941.4922527997961,
              -1176.0863122636947
            ],
            [
              934.4336536097427,
              -1158.091513895491
            ],
            [
              963.7163702470016,
              -1133.5056502640068
            ]
          ]
        ]
      }
    },
    {
      "type": "Feature",
      "properties": {
        "fid": 1006,
        "code": "amazon_eastern",
        "name": "Eastern Amazon",
        "capital": null,
        "culture": null,
        "civs": [],
        "provinceType": "land",
        "terrain": "tropical_florest",
        "mapTypes": [],
        "resources": null,
        "religion": null,
        "population": "medium",
        "centerpoint": [
          906,
          1183
        ],
        "position": {
          "x": 733,
          "y": 1109
        },
        "bbox": {
          "w": 320,
          "h": 194
        }
      },
      "geometry": {
        "type": "Polygon",
        "coordinates": [
          [
            [
              963.7031944562902,
              -1133.759401152088
            ],
            [
              926.347671155935,
              -1108.904427285833
            ],
            [
              845.2190095119145,
              -1110.5914447419686
            ],
            [
              740.6300776535645,
              -1111.9053760467218
            ],
            [
              733.0092760859962,
              -1127.6725517037596
            ],
            [
              750.3531693087378,
              -1133.4538494446733
            ],
            [
              759.2879021810593,
              -1156.5790404083286
            ],
            [
              754.0321769620466,
              -1169.1927809339586
            ],
            [
              757.7111846153555,
              -1184.9599565909964
            ],
            [
              745.0974440897253,
              -1212.815300251763
            ],
            [
              746.6741616554291,
              -1231.7359110402083
            ],
            [
              756.6600395715529,
              -1249.07980426295
            ],
            [
              783.6370076052002,
              -1283.2023960599229
            ],
            [
              931.2625317598267,
              -1160.7387112658555
            ],
            [
              931.4555565680823,
              -1160.4905365123839
            ],
            [
              934.4349451046529,
              -1158.1557579740324
            ],
            [
              941.7272638460329,
              -1176.419403110101
            ],
            [
              975.363905247713,
              -1181.1495558072127
            ],
            [
              986.269535077164,
              -1176.0252237186753
            ],
            [
              987.8462526428677,
              -1167.2218839768293
            ],
            [
              993.2333709923556,
              -1158.1557579740327
            ],
            [
              1008.7377603884427,
              -1155.790681625477
            ],
            [
              1051.3091346624444,
              -1171.6892504129894
            ],
            [
              1052.7434641864622,
              -1174.6732394892222
            ],
            [
              1052.3859436366101,
              -1178.7847258125212
            ],
            [
              1049.1682586879413,
              -1181.2873696614859
            ],
            [
              1043.8054504401598,
              -1186.6501779092673
            ],
            [
              1039.3364435670087,
              -1190.2253834077883
            ],
            [
              1018.7790119505133,
              -1203.989924577094
            ],
            [
              976.7256572741609,
              -1244.121606297991
            ],
            [
              914.7489113314411,
              -1269.600531733544
            ],
            [
              907.3443255684888,
              -1302.989599334575
            ],
            [
              783.6284796016101,
              -1283.2091699039122
            ],
            [
              963.7031944562902,
              -1133.759401152088
            ]
          ]
        ]
      }
    },
    {
      "type": "Feature",
      "properties": {
        "fid": 1009,
        "code": "pindorama",
        "name": "Pindorama",
        "capital": null,
        "culture": null,
        "civs": [],
        "provinceType": "land",
        "terrain": "tropical_florest",
        "mapTypes": [],
        "resources": null,
        "religion": null,
        "population": "medium",
        "centerpoint": [
          1083,
          1508
        ],
        "position": {
          "x": 898,
          "y": 1409
        },
        "bbox": {
          "w": 301,
          "h": 196
        }
      },
      "geometry": {
        "type": "Polygon",
        "coordinates": [
          [
            [
              1063.3180459866371,
              -1604.8989568592579
            ],
            [
              1064.771565389188,
              -1583.0790655927244
            ],
            [
              1064.429560823882,
              -1576.1021724604784
            ],
            [
              1072.4666681085769,
              -1564.3030149574151
            ],
            [
              1071.919460804087,
              -1555.5476980855772
            ],
            [
              1080.1275703714352,
              -1550.8964359974132
            ],
            [
              1083.4108141983743,
              -1545.6979666047594
            ],
            [
              1099.8270333330706,
              -1536.3954424284316
            ],
            [
              1115.422441511032,
              -1533.933009558227
            ],
            [
              1120.894514555931,
              -1526.2721072953689
            ],
            [
              1122.5361364694004,
              -1522.7152598161847
            ],
            [
              1133.480282559198,
              -1519.4320159892454
            ],
            [
              1143.0564103877707,
              -1520.2528269459801
            ],
            [
              1161.1142514359367,
              -1518.0639977280207
            ],
            [
              1169.8695683077747,
              -1510.1294918129174
            ],
            [
              1171.7847938734894,
              -1500.8269676365896
            ],
            [
              1181.634525354307,
              -1486.5995777198527
            ],
            [
              1183.0025436155317,
              -1471.5513768463813
            ],
            [
              1190.6634458783901,
              -1464.9848891925028
            ],
            [
              1193.3994824008394,
              -1454.3143467549503
            ],
            [
              1191.7578604873697,
              -1448.2950664055616
            ],
            [
              1198.0507444890034,
              -1442.549389708418
            ],
            [
              1198.871555445738,
              -1435.9829020545394
            ],
            [
              1199.1451590979832,
              -1435.2988929239268
            ],
            [
              1067.828231191612,
              -1409.161194020403
            ],
            [
              1022.9230317669114,
              -1432.0370243823188
            ],
            [
              1011.431678372624,
              -1442.4339631676264
            ],
            [
              994.4682519334378,
              -1449.000450821505
            ],
            [
              972.032752449353,
              -1464.3222553472215
            ],
            [
              968.2023013179239,
              -1479.096852568448
            ],
            [
              953.4277040966972,
              -1493.3242424851849
            ],
            [
              933.1810338305719,
              -1512.4764981423305
            ],
            [
              915.6704000868958,
              -1538.7424487578444
            ],
            [
              904.7262539970984,
              -1562.8195701553989
            ],
            [
              897.8861626909752,
              -1578.0216730832574
            ],
            [
              1063.3180459866371,
              -1604.8989568592579
            ]
          ]
        ]
      }
    },
    {
      "type": "Feature",
      "properties": {
        "fid": 1010,
        "code": "paraguai",
        "name": "Paraguai",
        "capital": null,
        "culture": null,
        "civs": [],
        "provinceType": "land",
        "terrain": "wetland",
        "mapTypes": [],
        "resources": null,
        "religion": null,
        "population": "medium",
        "centerpoint": [
          844,
          1541
        ],
        "position": {
          "x": 731,
          "y": 1389
        },
        "bbox": {
          "w": 241,
          "h": 277
        }
      },
      "geometry": {
        "type": "Polygon",
        "coordinates": [
          [
            [
              968.3082148818221,
              -1479.218657984726
            ],
            [
              972.0584111565058,
              -1464.4936226120703
            ],
            [
              898.433234293228,
              -1457.98592907659
            ],
            [
              893.138839552498,
              -1432.8375540581224
            ],
            [
              829.6061026637371,
              -1402.8359838606518
            ],
            [
              797.3985346576293,
              -1389.1587974470992
            ],
            [
              747.9841837441487,
              -1451.3679356506775
            ],
            [
              733.8657977688686,
              -1498.135089193793
            ],
            [
              730.9980006176398,
              -1512.915274511665
            ],
            [
              748.4253833058765,
              -1517.8787695810993
            ],
            [
              756.5875751978352,
              -1523.614363883557
            ],
            [
              763.2055686237478,
              -1527.5851599391044
            ],
            [
              774.4561574477992,
              -1526.9233605965132
            ],
            [
              781.2947506545755,
              -1538.3945492014284
            ],
            [
              793.8689381638095,
              -1543.247744380431
            ],
            [
              796.7367353150382,
              -1564.425323343351
            ],
            [
              833.1356991575574,
              -1582.5145053741787
            ],
            [
              819.127613072709,
              -1613.9499741472634
            ],
            [
              815.7083164693202,
              -1631.7082565067958
            ],
            [
              814.8259173458653,
              -1641.8558464265284
            ],
            [
              809.5315226051351,
              -1654.8712334974898
            ],
            [
              848.5776838180193,
              -1666.121822321541
            ],
            [
              856.7950256551942,
              -1659.1729292243328
            ],
            [
              875.9596316177327,
              -1629.309233889902
            ],
            [
              879.6822529198084,
              -1608.1868048721976
            ],
            [
              885.7487468935617,
              -1601.8721361449727
            ],
            [
              881.97097564627,
              -1589.3255236083469
            ],
            [
              897.9920347315,
              -1577.9370599212557
            ],
            [
              915.5572922827761,
              -1539.001198598804
            ],
            [
              933.2052747518762,
              -1512.4189250047211
            ],
            [
              968.6115395805085,
              -1478.7774584229987
            ],
            [
              968.3082148818221,
              -1479.218657984726
            ]
          ]
        ]
      }
    },
    {
      "type": "Feature",
      "properties": {
        "fid": 1011,
        "code": "central_plateau",
        "name": "Central Plateau",
        "capital": null,
        "culture": null,
        "civs": [],
        "provinceType": "land",
        "terrain": "central plateau",
        "mapTypes": [],
        "resources": null,
        "religion": null,
        "population": null,
        "centerpoint": [
          942,
          1376
        ],
        "position": {
          "x": 813,
          "y": 1293
        },
        "bbox": {
          "w": 297,
          "h": 171
        }
      },
      "geometry": {
        "type": "Polygon",
        "coordinates": [
          [
            [
              812.6143183709104,
              -1395.863608950812
            ],
            [
              831.4755996347574,
              -1355.6317239157936
            ],
            [
              826.401804674892,
              -1341.9545375022435
            ],
            [
              832.1373989773484,
              -1335.557143857196
            ],
            [
              828.6078024835291,
              -1328.0567513078297
            ],
            [
              834.3433967859855,
              -1324.085955252283
            ],
            [
              841.1819899927606,
              -1313.9383653325524
            ],
            [
              840.7407904310331,
              -1300.9229782615935
            ],
            [
              847.5793836378082,
              -1292.9813861505
            ],
            [
              849.1511570764621,
              -1293.670760465699
            ],
            [
              1109.4278766514562,
              -1335.3675659205167
            ],
            [
              1109.4382172661842,
              -1335.7915311243642
            ],
            [
              1104.4057847652314,
              -1351.4058593636234
            ],
            [
              1089.8875616871383,
              -1363.924896927639
            ],
            [
              1081.2014453156296,
              -1375.4236605051597
            ],
            [
              1067.810133813413,
              -1409.1678869457353
            ],
            [
              1067.8147655470937,
              -1409.168317804682
            ],
            [
              1022.8448323865626,
              -1432.072994856694
            ],
            [
              1011.4218999836885,
              -1442.454972043615
            ],
            [
              994.3667794256264,
              -1449.031603010628
            ],
            [
              972.031051613128,
              -1464.325372193353
            ],
            [
              971.9931360257921,
              -1464.480481414273
            ],
            [
              898.7540087788838,
              -1458.1003221270917
            ],
            [
              893.1562893394552,
              -1432.896797163359
            ],
            [
              812.6143183709104,
              -1395.863608950812
            ]
          ]
        ]
      }
    },
    {
      "type": "Feature",
      "properties": {
        "fid": 1012,
        "code": "amazon_western",
        "name": "Western Amazon",
        "capital": null,
        "culture": null,
        "civs": [],
        "provinceType": "land",
        "terrain": "tropical_florest",
        "mapTypes": [],
        "resources": null,
        "religion": null,
        "population": "medium",
        "centerpoint": [
          704,
          1244
        ],
        "position": {
          "x": 616,
          "y": 1123
        },
        "bbox": {
          "w": 168,
          "h": 228
        }
      },
      "geometry": {
        "type": "Polygon",
        "coordinates": [
          [
            [
              746.3655627666197,
              -1229.524577124314
            ],
            [
              757.5509685788999,
              -1183.707434085551
            ],
            [
              753.8942012941161,
              -1168.43505307263
            ],
            [
              759.0566962843991,
              -1156.389231428636
            ],
            [
              750.237434009332,
              -1132.9429000144337
            ],
            [
              732.8140134171265,
              -1127.1350931503653
            ],
            [
              695.3859247375735,
              -1122.4028060759395
            ],
            [
              658.3880439738778,
              -1161.9819343347767
            ],
            [
              615.5823563461132,
              -1178.6524910742328
            ],
            [
              635.1568165176035,
              -1218.4467232909988
            ],
            [
              651.9832216824393,
              -1240.1013033380889
            ],
            [
              647.309560467799,
              -1248.4536468297172
            ],
            [
              635.1072607256624,
              -1263.6140798426748
            ],
            [
              623.2747276423785,
              -1279.8838128321902
            ],
            [
              626.2328609131995,
              -1297.0163346923619
            ],
            [
              638.3119051023851,
              -1303.9186456576108
            ],
            [
              655.3211714096059,
              -1309.8349121992528
            ],
            [
              664.1955712220688,
              -1335.225556107133
            ],
            [
              713.4977924024187,
              -1342.8674003900871
            ],
            [
              752.2000360289933,
              -1350.016222461238
            ],
            [
              748.7488805463687,
              -1323.1465119179472
            ],
            [
              760.0883914178492,
              -1312.7930454700738
            ],
            [
              778.8232354663821,
              -1296.2768013746565
            ],
            [
              783.7534575844171,
              -1282.7186905500605
            ],
            [
              756.5139803822739,
              -1249.008296817996
            ],
            [
              746.3655627666197,
              -1229.524577124314
            ]
          ]
        ]
      }
    },
    {
      "type": "Feature",
      "properties": {
        "fid": 1014,
        "code": "mojos",
        "name": "Mojos",
        "capital": null,
        "culture": null,
        "civs": [],
        "provinceType": "land",
        "terrain": "tropical_florest",
        "mapTypes": [],
        "resources": null,
        "religion": null,
        "population": null,
        "centerpoint": [
          773,
          1364
        ],
        "position": {
          "x": 665,
          "y": 1283
        },
        "bbox": {
          "w": 183,
          "h": 168
        }
      },
      "geometry": {
        "type": "Polygon",
        "coordinates": [
          [
            [
              747.2617062429431,
              -1448.6568783649252
            ],
            [
              742.9714596447183,
              -1433.9985358209906
            ],
            [
              734.5697267231947,
              -1428.2782070233575
            ],
            [
              729.3856787503398,
              -1414.156145304201
            ],
            [
              709.3645279586241,
              -1400.7491246847485
            ],
            [
              690.2371785415386,
              -1386.8058232405178
            ],
            [
              666.9983428011545,
              -1366.5165320364135
            ],
            [
              664.3169386772639,
              -1335.1441037868942
            ],
            [
              752.2669939408721,
              -1349.713066193366
            ],
            [
              748.825858648546,
              -1323.1224752981186
            ],
            [
              778.9693100079481,
              -1296.1967088873846
            ],
            [
              783.5500420529274,
              -1283.2030714036982
            ],
            [
              847.2557350296936,
              -1293.3812345572996
            ],
            [
              840.8203651323558,
              -1300.788613449547
            ],
            [
              841.2225757509394,
              -1313.9721837253423
            ],
            [
              834.3849952350186,
              -1324.3849697397839
            ],
            [
              828.977496918506,
              -1328.0942454444992
            ],
            [
              832.150491798443,
              -1335.6021769913928
            ],
            [
              826.5642332070045,
              -1341.9928568199987
            ],
            [
              831.5695209049334,
              -1355.7573979893036
            ],
            [
              812.8890721751628,
              -1395.6209392978094
            ],
            [
              797.6050686689867,
              -1389.0068091255462
            ],
            [
              748.3566129268636,
              -1450.768484112492
            ],
            [
              747.2617062429431,
              -1448.6568783649252
            ]
          ]
        ]
      }
    },
    {
      "type": "Feature",
      "properties": {
        "fid": 1013,
        "code": "quitu",
        "name": "Quitu",
        "capital": "Quitu",
        "culture": null,
        "civs": [],
        "provinceType": "land",
        "terrain": "mountainous",
        "mapTypes": [],
        "resources": null,
        "religion": null,
        "population": null,
        "centerpoint": [
          535,
          1195
        ],
        "position": {
          "x": 483,
          "y": 1110
        },
        "bbox": {
          "w": 170,
          "h": 163
        }
      },
      "geometry": {
        "type": "Polygon",
        "coordinates": [
          [
            [
              487.0090909849979,
              -1241.4402021741034
            ],
            [
              527.230152843356,
              -1234.289791177062
            ],
            [
              536.7044474144359,
              -1230.8933459534671
            ],
            [
              555.4742762816697,
              -1244.836647397698
            ],
            [
              628.9447492762706,
              -1273.2595311109378
            ],
            [
              647.5358178685783,
              -1248.501233033682
            ],
            [
              652.2575811729164,
              -1239.6344631469524
            ],
            [
              636.2323363072458,
              -1219.0920351647842
            ],
            [
              604.6333518863296,
              -1155.3671297972166
            ],
            [
              545.9999817105897,
              -1110.3195405158556
            ],
            [
              538.1345296138442,
              -1110.6770610657074
            ],
            [
              538.4920501636963,
              -1123.9053214102341
            ],
            [
              524.1912281696134,
              -1128.9106091081633
            ],
            [
              525.2637898191696,
              -1138.2061434043171
            ],
            [
              518.1133788221281,
              -1141.0663078031337
            ],
            [
              514.5381733236073,
              -1150.7193626491396
            ],
            [
              504.8851184776014,
              -1166.4502668426308
            ],
            [
              499.87983077967243,
              -1171.0980339907078
            ],
            [
              495.94710473129965,
              -1192.19174643198
            ],
            [
              498.09222803041206,
              -1203.6324040272464
            ],
            [
              507.03024177671386,
              -1199.3421574290214
            ],
            [
              510.96296782508665,
              -1206.1350478762108
            ],
            [
              500.95239242922867,
              -1215.0730616225128
            ],
            [
              492.729419782631,
              -1215.7881027222168
            ],
            [
              483.4338854864771,
              -1232.9490891151163
            ],
            [
              482.36132383692086,
              -1240.4570206620099
            ],
            [
              487.0090909849979,
              -1241.4402021741034
            ]
          ]
        ]
      }
    },
    {
      "type": "Feature",
      "properties": {
        "fid": 1016,
        "code": "andean_northern_coast",
        "name": "Northern Andean coast",
        "capital": null,
        "culture": null,
        "civs": [],
        "provinceType": "land",
        "terrain": "plain",
        "mapTypes": [],
        "resources": null,
        "religion": null,
        "population": "high",
        "centerpoint": [
          501,
          1274
        ],
        "position": {
          "x": 481,
          "y": 1231
        },
        "bbox": {
          "w": 67,
          "h": 108
        }
      },
      "geometry": {
        "type": "Polygon",
        "coordinates": [
          [
            [
              481.82504301214306,
              -1240.4570206620094
            ],
            [
              480.9312416375129,
              -1242.9596645109739
            ],
            [
              482.3613238369212,
              -1252.2551988071277
            ],
            [
              487.0090909849981,
              -1260.2994111787993
            ],
            [
              482.18256356199515,
              -1267.4498221758408
            ],
            [
              481.1100019124389,
              -1272.991390698548
            ],
            [
              483.2551252115514,
              -1277.281637296773
            ],
            [
              480.57372108766083,
              -1283.538246919184
            ],
            [
              482.3613238369212,
              -1289.4373359917433
            ],
            [
              491.299337583223,
              -1296.4089867138587
            ],
            [
              492.9081800575574,
              -1296.2302264389327
            ],
            [
              496.3046252811521,
              -1305.3470004601606
            ],
            [
              500.952392429229,
              -1312.676171732128
            ],
            [
              500.773632154303,
              -1322.150466303208
            ],
            [
              505.06387875252784,
              -1323.5805485026162
            ],
            [
              509.7116459006048,
              -1333.4123636235483
            ],
            [
              514.0018924988296,
              -1338.4176513214773
            ],
            [
              547.7875844598505,
              -1332.8760827987703
            ],
            [
              518.7390397843695,
              -1272.812630423622
            ],
            [
              521.062923358408,
              -1245.2835480850124
            ],
            [
              537.1513481017513,
              -1230.9827260909296
            ],
            [
              536.6374123113391,
              -1230.8933459534667
            ],
            [
              530.917083513706,
              -1233.0384692525793
            ],
            [
              526.9620124309673,
              -1234.3568262801587
            ],
            [
              498.8407866816651,
              -1239.2839063578074
            ],
            [
              487.0649535709125,
              -1241.4513746912858
            ],
            [
              482.3501513197385,
              -1240.4346756276436
            ],
            [
              481.82504301214306,
              -1240.4570206620094
            ]
          ]
        ]
      }
    },
    {
      "type": "Feature",
      "properties": {
        "fid": 1017,
        "code": "andean_central_coast",
        "name": "Central Andean coast",
        "capital": "Nasca",
        "culture": null,
        "civs": [],
        "provinceType": "land",
        "terrain": "semi_arid",
        "mapTypes": [],
        "resources": null,
        "religion": null,
        "population": null,
        "centerpoint": [
          540,
          1371
        ],
        "position": {
          "x": 514,
          "y": 1333
        },
        "bbox": {
          "w": 77,
          "h": 87
        }
      },
      "geometry": {
        "type": "Polygon",
        "coordinates": [
          [
            [
              513.9935131109061,
              -1338.45116887303
            ],
            [
              547.7903775891116,
              -1332.8313927300424
            ],
            [
              569.9566516799414,
              -1376.8064203618492
            ],
            [
              591.229124396141,
              -1393.7886464798237
            ],
            [
              550.4717817130023,
              -1420.0664068939525
            ],
            [
              538.8523638428093,
              -1401.8328588514958
            ],
            [
              540.9974871419219,
              -1396.6488108786405
            ],
            [
              536.7072405436967,
              -1381.4541875099264
            ],
            [
              521.6913774499088,
              -1357.5003106698362
            ],
            [
              514.0046856280889,
              -1342.3056873011224
            ],
            [
              513.9935131109061,
              -1338.45116887303
            ]
          ]
        ]
      }
    },
    {
      "type": "Feature",
      "properties": {
        "fid": 1018,
        "code": "Central Andean",
        "name": "andean_central",
        "capital": null,
        "culture": null,
        "civs": [],
        "provinceType": "land",
        "terrain": "mountainous",
        "mapTypes": [],
        "resources": null,
        "religion": null,
        "population": "high",
        "centerpoint": [
          620,
          1355
        ],
        "position": {
          "x": 548,
          "y": 1299
        },
        "bbox": {
          "w": 142,
          "h": 121
        }
      },
      "geometry": {
        "type": "Polygon",
        "coordinates": [
          [
            [
              547.8797577265743,
              -1332.9207728675053
            ],
            [
              628.7687821306104,
              -1298.7775603566304
            ],
            [
              655.9403439193694,
              -1309.503176852193
            ],
            [
              665.950919315228,
              -1337.0322591908043
            ],
            [
              667.7385220644885,
              -1367.06398537838
            ],
            [
              689.9047961553183,
              -1385.655053970689
            ],
            [
              630.913905429723,
              -1419.6195062066379
            ],
            [
              591.1844343274091,
              -1393.788646479824
            ],
            [
              570.0460318174041,
              -1376.9851806367756
            ],
            [
              547.8797577265743,
              -1332.9207728675053
            ]
          ]
        ]
      }
    },
    {
      "type": "Feature",
      "properties": {
        "fid": 1019,
        "code": "andes_northern",
        "name": "Northern Andes",
        "capital": null,
        "culture": null,
        "civs": [],
        "provinceType": "land",
        "terrain": null,
        "mapTypes": [
          "mountainous"
        ],
        "resources": null,
        "religion": null,
        "population": "high",
        "centerpoint": [
          571,
          1272
        ],
        "position": {
          "x": 519,
          "y": 1231
        },
        "bbox": {
          "w": 110,
          "h": 102
        }
      },
      "geometry": {
        "type": "Polygon",
        "coordinates": [
          [
            [
              521.199786693862,
              -1245.283548085011
            ],
            [
              537.0200710248171,
              -1231.105623779939
            ],
            [
              555.7675548576863,
              -1245.0936152929016
            ],
            [
              628.2883638917468,
              -1273.013735732914
            ],
            [
              623.2607311594518,
              -1279.9965589722128
            ],
            [
              626.2326207300973,
              -1297.22458046821
            ],
            [
              628.824644716525,
              -1298.8334229425443
            ],
            [
              547.8015501062944,
              -1332.8872553159563
            ],
            [
              518.7306603964462,
              -1272.8349754579874
            ],
            [
              521.199786693862,
              -1245.283548085011
            ]
          ]
        ]
      }
    },
    {
      "type": "Feature",
      "properties": {
        "fid": 1020,
        "code": "andes_southern",
        "name": "Southern Andes",
        "capital": null,
        "culture": null,
        "civs": [],
        "provinceType": "land",
        "terrain": "mountainous",
        "mapTypes": [],
        "resources": null,
        "religion": null,
        "population": "high",
        "centerpoint": [
          702,
          1457
        ],
        "position": {
          "x": 632,
          "y": 1386
        },
        "bbox": {
          "w": 117,
          "h": 170
        }
      },
      "geometry": {
        "type": "Polygon",
        "coordinates": [
          [
            [
              631.8462321651109,
              -1419.031164059293
            ],
            [
              689.3865409109752,
              -1385.9051545383095
            ],
            [
              729.7723090120445,
              -1414.245100995385
            ],
            [
              734.7197000443991,
              -1428.5495141976278
            ],
            [
              743.0549784141274,
              -1434.0346651248028
            ],
            [
              747.518385541143,
              -1449.5759260851346
            ],
            [
              748.5939053307853,
              -1450.812773843223
            ],
            [
              730.3638448963477,
              -1509.6437063366582
            ],
            [
              721.4370306423164,
              -1555.9986092702425
            ],
            [
              647.5084891017776,
              -1549.1488926099564
            ],
            [
              663.358962001631,
              -1466.5153627720001
            ],
            [
              631.8462321651109,
              -1419.031164059293
            ]
          ]
        ]
      }
    },
    {
      "type": "Feature",
      "properties": {
        "fid": 1021,
        "code": "andes_southern_coast",
        "name": "Southern Andes coast",
        "capital": null,
        "culture": null,
        "civs": [],
        "provinceType": "land",
        "terrain": "desert",
        "mapTypes": [],
        "resources": null,
        "religion": null,
        "population": "medium",
        "centerpoint": [
          602,
          1459
        ],
        "position": {
          "x": 551,
          "y": 1394
        },
        "bbox": {
          "w": 112,
          "h": 156
        }
      },
      "geometry": {
        "type": "Polygon",
        "coordinates": [
          [
            [
              550.9335339905822,
              -1420.0730738555076
            ],
            [
              591.4268540706156,
              -1393.6690630197886
            ],
            [
              631.0059823294532,
              -1419.62942194228
            ],
            [
              631.8663981611671,
              -1419.0378860579767
            ],
            [
              663.3522400029461,
              -1466.5220847706848
            ],
            [
              647.4748791083516,
              -1549.2967765810324
            ],
            [
              621.6892921516771,
              -1546.9205500457913
            ],
            [
              628.0583859059652,
              -1518.5167446012063
            ],
            [
              626.6602101794301,
              -1503.7821234831065
            ],
            [
              629.2952336640539,
              -1497.4365567242169
            ],
            [
              624.9393785160024,
              -1490.2843501230955
            ],
            [
              624.4553946106633,
              -1470.7636659410873
            ],
            [
              610.8500692716881,
              -1465.49361897184
            ],
            [
              592.8351127951793,
              -1446.8333506215458
            ],
            [
              588.586809626092,
              -1442.8001514103871
            ],
            [
              577.5089557927761,
              -1441.1868717259235
            ],
            [
              571.3784929918148,
              -1434.841304967034
            ],
            [
              564.3876143591398,
              -1432.475161429821
            ],
            [
              558.472255516107,
              -1427.2051144605734
            ],
            [
              555.8910080209654,
              -1422.2577234282187
            ],
            [
              550.9335339905822,
              -1420.0730738555076
            ]
          ]
        ]
      }
    },
    {
      "type": "Feature",
      "properties": {
        "fid": 1022,
        "code": "guianas",
        "name": "Guianas",
        "capital": null,
        "culture": null,
        "civs": [],
        "provinceType": "land",
        "terrain": "tropical_florest",
        "mapTypes": [],
        "resources": null,
        "religion": null,
        "population": "medium",
        "centerpoint": [
          872,
          1069
        ],
        "position": {
          "x": 773,
          "y": 1020
        },
        "bbox": {
          "w": 193,
          "h": 112
        }
      },
      "geometry": {
        "type": "Polygon",
        "coordinates": [
          [
            [
              807.7777427551964,
              -1023.1323294919537
            ],
            [
              793.1506736160609,
              -1037.3291907152322
            ],
            [
              797.4527527746302,
              -1045.503141116514
            ],
            [
              782.3954757196377,
              -1052.6015717281532
            ],
            [
              782.8256836354947,
              -1070.4552002362157
            ],
            [
              772.7157976128567,
              -1113.0457839060514
            ],
            [
              781.9652678037806,
              -1111.5400562005525
            ],
            [
              926.9453354475654,
              -1108.743704747482
            ],
            [
              959.9637929895846,
              -1131.7598282458275
            ],
            [
              965.0187360009035,
              -1126.0595733607233
            ],
            [
              965.7715998536531,
              -1116.0572393170496
            ],
            [
              956.5221296627292,
              -1106.5926651681973
            ],
            [
              952.6502584200168,
              -1100.9999622620571
            ],
            [
              949.6388030090183,
              -1096.5903311245236
            ],
            [
              947.8104193666263,
              -1080.134878342996
            ],
            [
              936.7325655333104,
              -1074.4346234578916
            ],
            [
              927.698199300315,
              -1069.2721284676084
            ],
            [
              920.1695607728187,
              -1060.6679701504697
            ],
            [
              891.7758383262615,
              -1054.2148514126159
            ],
            [
              885.9680314621929,
              -1052.924227665045
            ],
            [
              876.5034573133405,
              -1058.0867226553282
            ],
            [
              868.9748187858443,
              -1056.150787033972
            ],
            [
              856.9289971418502,
              -1055.9356830760435
            ],
            [
              852.4118140253526,
              -1050.3429801699035
            ],
            [
              839.2904725917163,
              -1045.1804851796203
            ],
            [
              832.6222498959338,
              -1035.0705991569826
            ],
            [
              822.0821559574391,
              -1026.8966487557009
            ],
            [
              811.326958061016,
              -1020.0133221019901
            ],
            [
              807.7777427551964,
              -1023.1323294919537
            ]
          ]
        ]
      }
    },
    {
      "type": "Feature",
      "properties": {
        "fid": 1023,
        "code": "far_northern_andes",
        "name": "Far Northern Andes",
        "capital": null,
        "culture": null,
        "civs": [],
        "provinceType": "land",
        "terrain": "hills",
        "mapTypes": [],
        "resources": null,
        "religion": null,
        "population": "medium",
        "centerpoint": [
          591,
          1066
        ],
        "position": {
          "x": 546,
          "y": 982
        },
        "bbox": {
          "w": 156,
          "h": 197
        }
      },
      "geometry": {
        "type": "Polygon",
        "coordinates": [
          [
            [
              545.2433621035054,
              -1109.4965686002317
            ],
            [
              545.3509140824697,
              -1104.8718335047697
            ],
            [
              553.6324164627155,
              -1100.7848583041289
            ],
            [
              555.4608001051074,
              -1094.0090836293823
            ],
            [
              555.2456961471789,
              -1087.6635168704927
            ],
            [
              557.1816317685351,
              -1077.9838387637117
            ],
            [
              565.3555821698169,
              -1072.3911358575717
            ],
            [
              564.2800623801745,
              -1071.208064088965
            ],
            [
              557.7193916633564,
              -1068.304160656931
            ],
            [
              556.8589758316425,
              -1059.7000023397923
            ],
            [
              559.6553272847125,
              -1054.9677152653662
            ],
            [
              546.9641937669331,
              -1040.017990189338
            ],
            [
              549.5454412620747,
              -1032.3280236933952
            ],
            [
              568.0443816439226,
              -1028.509928440165
            ],
            [
              569.7114373178682,
              -1031.6289358301276
            ],
            [
              569.119901433565,
              -1023.508761418328
            ],
            [
              579.2297874562028,
              -1013.2375474272441
            ],
            [
              587.7263937943771,
              -1007.2684125947292
            ],
            [
              592.5124568582855,
              -991.9960315818083
            ],
            [
              601.116615175424,
              -986.8335365915251
            ],
            [
              604.1280705864225,
              -991.7809276238798
            ],
            [
              607.3546299553495,
              -981.8861455591705
            ],
            [
              652.3113571623983,
              -1029.854328177218
            ],
            [
              654.032188825826,
              -1062.1199218664876
            ],
            [
              694.79438885327,
              -1077.9300627742302
            ],
            [
              701.247507591124,
              -1110.1956564634997
            ],
            [
              692.6433492739855,
              -1124.8227256026353
            ],
            [
              658.1191640264669,
              -1162.1970382927059
            ],
            [
              616.3889961883448,
              -1178.8138190426796
            ],
            [
              604.6658304812435,
              -1155.259935649513
            ],
            [
              545.2433621035054,
              -1109.4965686002317
            ]
          ]
        ]
      }
    },
    {
      "type": "Feature",
      "properties": {
        "fid": 1024,
        "code": "orinoco",
        "name": "Orinoco",
        "capital": null,
        "culture": null,
        "civs": [],
        "provinceType": "land",
        "terrain": "tropical_florest",
        "mapTypes": [],
        "resources": null,
        "religion": null,
        "population": "medium",
        "centerpoint": [
          707,
          1011
        ],
        "position": {
          "x": 608,
          "y": 963
        },
        "bbox": {
          "w": 204,
          "h": 165
        }
      },
      "geometry": {
        "type": "Polygon",
        "coordinates": [
          [
            [
              607.3680739527201,
              -981.9063115552259
            ],
            [
              610.7761272861492,
              -980.3736958549856
            ],
            [
              619.7499955309773,
              -983.0356073343504
            ],
            [
              626.0821182924964,
              -974.4045610224708
            ],
            [
              634.2695126911486,
              -971.2989976298788
            ],
            [
              640.7226314290026,
              -965.1685348289176
            ],
            [
              650.7249654726762,
              -964.0392390497932
            ],
            [
              654.9194926522813,
              -970.0083738823081
            ],
            [
              641.5292712712344,
              -976.4614926201621
            ],
            [
              642.8198950188051,
              -982.2692994842306
            ],
            [
              654.1128528100495,
              -982.2692994842306
            ],
            [
              661.3726113901353,
              -977.1068044939475
            ],
            [
              660.4046435794571,
              -970.0083738823081
            ],
            [
              666.373778411972,
              -965.1685348289176
            ],
            [
              669.7616657493454,
              -962.5872873337761
            ],
            [
              683.3132150988387,
              -972.4282934090033
            ],
            [
              694.2835169531904,
              -976.7841485570548
            ],
            [
              693.638205079405,
              -988.077106348299
            ],
            [
              709.6096739555935,
              -984.2052351055867
            ],
            [
              721.7092715890697,
              -988.077106348299
            ],
            [
              731.7116056327433,
              -991.9489775910114
            ],
            [
              747.5217465404855,
              -988.561090253638
            ],
            [
              752.5229135623223,
              -985.6571868216038
            ],
            [
              768.8170383754035,
              -989.851714001209
            ],
            [
              773.8182053972404,
              -999.5313921079899
            ],
            [
              782.6912436617896,
              -998.5634242973117
            ],
            [
              797.210760821961,
              -1005.8231828773975
            ],
            [
              795.2748252006048,
              -1011.9536456783587
            ],
            [
              794.6295133268194,
              -1016.7934847317492
            ],
            [
              805.3578232285016,
              -1019.7780521480072
            ],
            [
              811.2462940767933,
              -1020.5040280060158
            ],
            [
              793.1977276068577,
              -1037.3426347126035
            ],
            [
              797.472918770686,
              -1045.5300291112558
            ],
            [
              782.6509116696777,
              -1052.668791715007
            ],
            [
              782.8929036223473,
              -1070.8181881652213
            ],
            [
              772.1242617285534,
              -1112.118148087487
            ],
            [
              740.987963818408,
              -1111.9568201190407
            ],
            [
              732.9215653960906,
              -1127.7669610267828
            ],
            [
              694.2028529689669,
              -1123.0884499418387
            ],
            [
              701.3012835806062,
              -1110.343540434577
            ],
            [
              694.6061728900827,
              -1077.8359547926375
            ],
            [
              654.1935167942723,
              -1062.267805837565
            ],
            [
              652.2575811729163,
              -1029.8610501759044
            ],
            [
              607.3680739527201,
              -981.9063115552259
            ]
          ]
        ]
      }
    },
    {
      "type": "Feature",
      "properties": {
        "fid": 1025,
        "code": "pampas_southern",
        "name": "Southern Pampas",
        "capital": null,
        "culture": null,
        "civs": [],
        "provinceType": "land",
        "terrain": "plains",
        "mapTypes": [],
        "resources": null,
        "religion": null,
        "population": "medium",
        "centerpoint": [
          829,
          1741
        ],
        "position": {
          "x": 726,
          "y": 1650
        },
        "bbox": {
          "w": 159,
          "h": 149
        }
      },
      "geometry": {
        "type": "Polygon",
        "coordinates": [
          [
            [
              848.8357107247928,
              -1666.2998856967513
            ],
            [
              842.6245839396083,
              -1688.1598254212315
            ],
            [
              847.061103071883,
              -1719.8607712209396
            ],
            [
              846.8191111192135,
              -1723.0066666056434
            ],
            [
              842.7052479238316,
              -1726.6365458956861
            ],
            [
              869.1630347490329,
              -1741.96270289809
            ],
            [
              876.1001373922259,
              -1747.4478538252656
            ],
            [
              873.357561928638,
              -1757.288859900493
            ],
            [
              884.8118476883287,
              -1761.483387080098
            ],
            [
              883.3598959723116,
              -1774.0669686189133
            ],
            [
              877.8747450451358,
              -1780.3587593883208
            ],
            [
              873.6802178655307,
              -1788.747813747531
            ],
            [
              860.7739803898228,
              -1792.942340927136
            ],
            [
              850.7716463461492,
              -1794.8782765484923
            ],
            [
              839.4786885549047,
              -1798.1048359174192
            ],
            [
              822.8619078049308,
              -1797.7821799805265
            ],
            [
              814.1501975088279,
              -1797.7821799805265
            ],
            [
              809.7943423607765,
              -1792.942340927136
            ],
            [
              808.181062676313,
              -1795.5235884222777
            ],
            [
              801.5666159700127,
              -1784.5532865679259
            ],
            [
              726.0651267371215,
              -1765.1939303543638
            ],
            [
              763.1705594797818,
              -1725.1845941796694
            ],
            [
              772.5275816496701,
              -1711.3103888932833
            ],
            [
              787.0470988098415,
              -1708.406485461249
            ],
            [
              794.1455294214809,
              -1692.2736886166142
            ],
            [
              784.7885072515926,
              -1676.1408917719793
            ],
            [
              790.2736581787685,
              -1654.8455999370613
            ],
            [
              790.7576420841073,
              -1649.521776978332
            ],
            [
              848.8357107247928,
              -1666.2998856967513
            ]
          ]
        ]
      }
    },
    {
      "type": "Feature",
      "properties": {
        "fid": 1026,
        "code": "puna",
        "name": "Puna",
        "capital": null,
        "culture": null,
        "civs": [],
        "provinceType": "land",
        "terrain": "desert",
        "mapTypes": [],
        "resources": null,
        "religion": null,
        "population": "low",
        "centerpoint": [
          770,
          1633
        ],
        "position": {
          "x": 680,
          "y": 1513
        },
        "bbox": {
          "w": 154,
          "h": 252
        }
      },
      "geometry": {
        "type": "Polygon",
        "coordinates": [
          [
            [
              679.2800158876806,
              -1752.933004752442
            ],
            [
              680.5706396352514,
              -1737.4455197815926
            ],
            [
              729.9369979798342,
              -1512.6349957516056
            ],
            [
              733.0828933645381,
              -1513.3609716096144
            ],
            [
              748.9736982565034,
              -1518.0394826945583
            ],
            [
              763.3318874482285,
              -1527.7191608013393
            ],
            [
              774.8668371921424,
              -1526.8318569748842
            ],
            [
              781.2392919457732,
              -1538.0441507819055
            ],
            [
              794.0648654372579,
              -1543.2873097564118
            ],
            [
              797.1300968377387,
              -1564.7439295597762
            ],
            [
              833.348225753944,
              -1582.5706700730977
            ],
            [
              819.1513645306652,
              -1614.029623920136
            ],
            [
              815.7634771932919,
              -1632.4210123230198
            ],
            [
              814.9568373510601,
              -1641.6167065244617
            ],
            [
              809.4716864238842,
              -1655.0069279055085
            ],
            [
              790.9189700525541,
              -1649.6024409625559
            ],
            [
              790.4349861472151,
              -1655.087591889732
            ],
            [
              784.6271792831466,
              -1676.7055396615428
            ],
            [
              794.3068573899275,
              -1692.8383365061777
            ],
            [
              786.4017869360563,
              -1708.64847741392
            ],
            [
              772.5275816496703,
              -1712.0363647512934
            ],
            [
              762.0412637006576,
              -1725.1039301954477
            ],
            [
              726.7104386109075,
              -1764.9519384016953
            ],
            [
              679.2800158876806,
              -1752.933004752442
            ]
          ]
        ]
      }
    },
    {
      "type": "Feature",
      "properties": {
        "fid": 1027,
        "code": "maranhao",
        "name": "Maranhão",
        "capital": null,
        "culture": null,
        "civs": [],
        "provinceType": "land",
        "terrain": "tropical_florest",
        "mapTypes": [],
        "resources": null,
        "religion": null,
        "population": "low",
        "centerpoint": [
          1054,
          1220
        ],
        "position": {
          "x": 907,
          "y": 1177
        },
        "bbox": {
          "w": 225,
          "h": 159
        }
      },
      "geometry": {
        "type": "Polygon",
        "coordinates": [
          [
            [
              1052.9962547936482,
              -1177.1534853674236
            ],
            [
              1057.8360938470387,
              -1183.1226201999386
            ],
            [
              1056.5454700994678,
              -1190.705034716917
            ],
            [
              1058.9653896261632,
              -1197.3194814232172
            ],
            [
              1063.1599168057683,
              -1193.931594085844
            ],
            [
              1067.3544439853733,
              -1194.2542500227366
            ],
            [
              1068.9677236698367,
              -1187.962459253329
            ],
            [
              1080.2606814610813,
              -1185.7038676950801
            ],
            [
              1091.3923112838793,
              -1187.47847534799
            ],
            [
              1098.4907418955186,
              -1194.2542500227366
            ],
            [
              1101.0719893906603,
              -1195.5448737703075
            ],
            [
              1113.9782268663682,
              -1246.3631838309072
            ],
            [
              1132.2082873008053,
              -1315.4115543259447
            ],
            [
              1109.6223717183166,
              -1336.0615342870774
            ],
            [
              906.994443349702,
              -1303.2312927082448
            ],
            [
              916.2708015353669,
              -1269.1910913660663
            ],
            [
              978.8660532925503,
              -1241.4426807932944
            ],
            [
              1017.9074216565671,
              -1204.337248050634
            ],
            [
              1052.9962547936482,
              -1177.1534853674236
            ]
          ]
        ]
      }
    },
    {
      "type": "Feature",
      "properties": {
        "fid": 1028,
        "code": "rapa_nui",
        "name": "Rapa Nui",
        "capital": null,
        "culture": null,
        "civs": [],
        "provinceType": "land",
        "terrain": "island",
        "mapTypes": [],
        "resources": null,
        "religion": null,
        "population": "low",
        "centerpoint": [
          52,
          1510
        ],
        "position": {
          "x": 45,
          "y": 1504
        },
        "bbox": {
          "w": 16,
          "h": 15
        }
      },
      "geometry": {
        "type": "Polygon",
        "coordinates": [
          [
            [
              45.42242786197617,
              -1508.1178126351087
            ],
            [
              52.84351441050822,
              -1504.4072693608427
            ],
            [
              60.587256895932974,
              -1505.6978931084134
            ],
            [
              58.97397721146948,
              -1519.7334263632458
            ],
            [
              44.29313208285173,
              -1515.3775712151944
            ],
            [
              45.42242786197617,
              -1508.1178126351087
            ]
          ]
        ]
      }
    },
    {
      "type": "Feature",
      "properties": {
        "fid": 1029,
        "code": "panama",
        "name": "Panama",
        "capital": null,
        "culture": null,
        "civs": [],
        "provinceType": "land",
        "terrain": "tropical_florest",
        "mapTypes": [],
        "resources": null,
        "religion": null,
        "population": null,
        "centerpoint": [
          511,
          1023
        ],
        "position": {
          "x": 464,
          "y": 994
        },
        "bbox": {
          "w": 104,
          "h": 55
        }
      },
      "geometry": {
        "type": "Polygon",
        "coordinates": [
          [
            [
              470.5216247181047,
              -994.126905165043
            ],
            [
              497.94737935398405,
              -994.7722170388284
            ],
            [
              504.0778421549453,
              -1002.8386154611459
            ],
            [
              508.91768120833575,
              -1011.8729816941415
            ],
            [
              519.242671188902,
              -1022.1979716747078
            ],
            [
              531.1809408539319,
              -1025.4245310436347
            ],
            [
              550.2176411306011,
              -1017.68078855821
            ],
            [
              561.5105989218455,
              -1021.8753157378151
            ],
            [
              567.9637176596992,
              -1028.893082365231
            ],
            [
              549.5319972647039,
              -1032.321301694716
            ],
            [
              546.8700857853391,
              -1031.7969857972653
            ],
            [
              542.5948946215109,
              -1034.4185652845185
            ],
            [
              539.8523191579231,
              -1036.5964928585445
            ],
            [
              546.4667658642235,
              -1040.952348006596
            ],
            [
              537.432399631228,
              -1048.8574184604672
            ],
            [
              534.205840262301,
              -1049.18007439736
            ],
            [
              530.6566249564812,
              -1043.2109395648447
            ],
            [
              519.8476510705759,
              -1046.9214828391107
            ],
            [
              523.3968663763956,
              -1038.0484445745615
            ],
            [
              515.0078120171854,
              -1036.5964928585443
            ],
            [
              504.6828220366191,
              -1036.2738369216515
            ],
            [
              495.00314392983813,
              -1028.207438499334
            ],
            [
              492.9058803400356,
              -1030.7886859944758
            ],
            [
              493.38986424537467,
              -1022.7222875721583
            ],
            [
              484.83948191771816,
              -1019.1730722663386
            ],
            [
              481.77425051723753,
              -1010.9453458755748
            ],
            [
              477.25706740073974,
              -1011.913313686253
            ],
            [
              478.87034708520326,
              -1017.8824485187679
            ],
            [
              469.35199694686867,
              -1014.9785450867336
            ],
            [
              464.02817398813914,
              -1010.3000340017894
            ],
            [
              463.8668460196928,
              -1002.0723076110256
            ],
            [
              464.35082992503186,
              -995.9418448100644
            ],
            [
              470.5216247181047,
              -994.126905165043
            ]
          ]
        ]
      }
    },
    {
      "type": "Feature",
      "properties": {
        "fid": 1034,
        "code": "nicaragua",
        "name": "Nicaragua",
        "capital": null,
        "culture": null,
        "civs": [],
        "provinceType": "land",
        "terrain": "tropical_florest",
        "mapTypes": [],
        "resources": null,
        "religion": null,
        "population": null,
        "centerpoint": [
          480,
          964
        ],
        "position": {
          "x": 430,
          "y": 928
        },
        "bbox": {
          "w": 80,
          "h": 67
        }
      },
      "geometry": {
        "type": "Polygon",
        "coordinates": [
          [
            [
              464.02817398813954,
              -994.3285651256008
            ],
            [
              443.7008499638996,
              -973.0332732906829
            ],
            [
              440.3129626265262,
              -967.2254664266142
            ],
            [
              429.98797264595987,
              -968.3547622057387
            ],
            [
              467.09340538862006,
              -946.8981424023742
            ],
            [
              480.16097083277435,
              -927.7001141572587
            ],
            [
              490.32463284489444,
              -928.5067539994907
            ],
            [
              501.29493469924614,
              -935.9278405480227
            ],
            [
              510.006644995349,
              -940.1223677276278
            ],
            [
              508.0707093739928,
              -955.9325086353699
            ],
            [
              500.64962282546077,
              -971.4199936062195
            ],
            [
              501.61759063613886,
              -976.25983265961
            ],
            [
              498.7136872041046,
              -983.0356073343565
            ],
            [
              498.0683753303192,
              -994.0059091887083
            ],
            [
              464.02817398813954,
              -994.3285651256008
            ]
          ]
        ]
      }
    },
    {
      "type": "Feature",
      "properties": {
        "fid": 1033,
        "code": "yarumela",
        "name": "Yarumela",
        "capital": null,
        "culture": null,
        "civs": [],
        "provinceType": "land",
        "terrain": "hills",
        "mapTypes": [],
        "resources": null,
        "religion": null,
        "population": null,
        "centerpoint": [
          439,
          946
        ],
        "position": {
          "x": 410,
          "y": 928
        },
        "bbox": {
          "w": 71,
          "h": 41
        }
      },
      "geometry": {
        "type": "Polygon",
        "coordinates": [
          [
            [
              409.579984637497,
              -957.1424683987176
            ],
            [
              431.03660444086137,
              -929.3940578259455
            ],
            [
              441.84557832676677,
              -928.1034340783748
            ],
            [
              448.6213530015134,
              -928.2647620468211
            ],
            [
              459.59165485586516,
              -929.7167137628383
            ],
            [
              474.2724999844829,
              -927.4581222045894
            ],
            [
              480.2416348169978,
              -927.9421061099284
            ],
            [
              467.17406937284346,
              -946.9788063865974
            ],
            [
              430.22996459862946,
              -968.2740982215155
            ],
            [
              428.01170503249216,
              -964.5635549472494
            ],
            [
              416.15409935168555,
              -964.3215629945798
            ],
            [
              410.2252965112822,
              -960.5706877282023
            ],
            [
              409.579984637497,
              -957.1424683987176
            ]
          ]
        ]
      }
    },
    {
      "type": "Feature",
      "properties": {
        "fid": 1030,
        "code": "maya_highlands",
        "name": "Maya Highlands",
        "capital": "Kaminaljuyu",
        "culture": null,
        "civs": [],
        "provinceType": "land",
        "terrain": "hills",
        "mapTypes": [],
        "resources": null,
        "religion": null,
        "population": "high",
        "centerpoint": [
          389,
          936
        ],
        "position": {
          "x": 357,
          "y": 907
        },
        "bbox": {
          "w": 70,
          "h": 53
        }
      },
      "geometry": {
        "type": "Polygon",
        "coordinates": [
          [
            [
              356.9467349318759,
              -926.2884944333535
            ],
            [
              360.4959502376956,
              -912.8982730523066
            ],
            [
              384.0498336308625,
              -906.9291382197918
            ],
            [
              395.66544735899964,
              -918.7060799163752
            ],
            [
              409.8623085822784,
              -919.9967036639459
            ],
            [
              412.44355607741994,
              -928.5470859916024
            ],
            [
              426.47908933225233,
              -935.3228606663491
            ],
            [
              409.4589886611625,
              -957.4247923434989
            ],
            [
              408.5716848347076,
              -959.5220559333014
            ],
            [
              397.9240389172486,
              -956.7794804697136
            ],
            [
              389.8576404949311,
              -957.1828003908294
            ],
            [
              384.13049761508574,
              -950.487689700306
            ],
            [
              379.4519865301416,
              -942.7439472148811
            ],
            [
              375.05579938997846,
              -938.267096090495
            ],
            [
              366.9087369834379,
              -931.8946413368642
            ],
            [
              356.9467349318759,
              -926.2884944333535
            ]
          ]
        ]
      }
    },
    {
      "type": "Feature",
      "properties": {
        "fid": 1031,
        "code": "maya_lowlands",
        "name": "Maya lowlands",
        "capital": "Tikal",
        "culture": null,
        "civs": [],
        "provinceType": "land",
        "terrain": "plains",
        "mapTypes": [],
        "resources": null,
        "religion": null,
        "population": "high",
        "centerpoint": [
          422,
          914
        ],
        "position": {
          "x": 384,
          "y": 891
        },
        "bbox": {
          "w": 62,
          "h": 44
        }
      },
      "geometry": {
        "type": "Polygon",
        "coordinates": [
          [
            [
              384.1304976150857,
              -906.6871462671226
            ],
            [
              403.4091898444244,
              -896.9268041761184
            ],
            [
              415.4281234936774,
              -891.2803252804962
            ],
            [
              445.8384455458142,
              -897.0074681603415
            ],
            [
              444.5478217982434,
              -900.3146915134918
            ],
            [
              442.2892302399945,
              -903.7832428350882
            ],
            [
              443.74118195601164,
              -910.0750336044958
            ],
            [
              443.5798539875653,
              -915.0762006263327
            ],
            [
              441.07927047664685,
              -918.9480718690451
            ],
            [
              436.07810345481005,
              -923.7072469382124
            ],
            [
              432.5288881489904,
              -927.4984541967016
            ],
            [
              434.14216783345387,
              -929.111733881165
            ],
            [
              431.0769364329733,
              -929.394057825946
            ],
            [
              426.4589233361965,
              -935.4035246505726
            ],
            [
              412.46372207347576,
              -928.5470859916028
            ],
            [
              409.7614786019994,
              -920.1983636245043
            ],
            [
              395.8469413235018,
              -919.1900638217146
            ],
            [
              383.9893356426952,
              -907.0501341961268
            ],
            [
              384.1304976150857,
              -906.6871462671226
            ]
          ]
        ]
      }
    },
    {
      "type": "Feature",
      "properties": {
        "fid": 1032,
        "code": "yucatan",
        "name": "Yucatan",
        "capital": "Coba",
        "culture": null,
        "civs": [],
        "provinceType": "land",
        "terrain": "tropical_florest",
        "mapTypes": [],
        "resources": null,
        "religion": null,
        "population": "high",
        "centerpoint": [
          438,
          875
        ],
        "position": {
          "x": 401,
          "y": 848
        },
        "bbox": {
          "w": 65,
          "h": 50
        }
      },
      "geometry": {
        "type": "Polygon",
        "coordinates": [
          [
            [
              400.88844033745,
              -890.5543494224878
            ],
            [
              415.89194140296047,
              -891.6836452016123
            ],
            [
              445.737615565535,
              -896.9268041761187
            ],
            [
              447.3508952499985,
              -898.1367639394663
            ],
            [
              450.9001105558182,
              -892.1272971148398
            ],
            [
              455.13496972753484,
              -887.8924379431231
            ],
            [
              455.8609455855434,
              -885.5935143927627
            ],
            [
              457.1919013252258,
              -869.3800535639045
            ],
            [
              461.78974842594675,
              -868.2104257926686
            ],
            [
              464.6129878737578,
              -864.2175585736214
            ],
            [
              462.03174037861623,
              -861.9589670153725
            ],
            [
              465.8229476371054,
              -855.1831923406259
            ],
            [
              461.58808846538875,
              -849.214057508111
            ],
            [
              444.6889837706338,
              -848.246089697433
            ],
            [
              423.071035998823,
              -854.1345605457248
            ],
            [
              415.32729351339833,
              -857.5224478830979
            ],
            [
              413.310693907819,
              -870.1866934061363
            ],
            [
              410.8907743811237,
              -877.930435891561
            ],
            [
              401.3724242427891,
              -885.5128504085395
            ],
            [
              400.88844033745,
              -890.5543494224878
            ]
          ]
        ]
      }
    },
    {
      "type": "Feature",
      "properties": {
        "fid": 1035,
        "code": "cubanacan",
        "name": "Cubanacan",
        "capital": null,
        "culture": null,
        "civs": [],
        "provinceType": "land",
        "terrain": "island",
        "mapTypes": [],
        "resources": null,
        "religion": null,
        "population": "medium",
        "centerpoint": [
          556,
          852
        ],
        "position": {
          "x": 491,
          "y": 828
        },
        "bbox": {
          "w": 147,
          "h": 52
        }
      },
      "geometry": {
        "type": "Polygon",
        "coordinates": [
          [
            [
              490.506126809398,
              -845.9068341549618
            ],
            [
              496.47526164191294,
              -842.357618849142
            ],
            [
              496.63658961035924,
              -836.5498119850735
            ],
            [
              499.54049304239356,
              -835.7431721428418
            ],
            [
              502.2830685059815,
              -834.4525483952709
            ],
            [
              513.8986822341186,
              -830.9033330894513
            ],
            [
              524.0623442462386,
              -827.999429657417
            ],
            [
              547.6162276394056,
              -829.6127093418804
            ],
            [
              561.6517608942379,
              -834.93653230061
            ],
            [
              573.751358527714,
              -842.0349629122494
            ],
            [
              577.1392458650873,
              -838.9697315117687
            ],
            [
              599.0798495737909,
              -854.779872419511
            ],
            [
              615.0513184499794,
              -860.2650233466868
            ],
            [
              617.3099100082283,
              -863.3302547471674
            ],
            [
              625.8602923358848,
              -864.7822064631846
            ],
            [
              635.7012984111121,
              -870.5900133272532
            ],
            [
              637.475906064022,
              -876.3978201913218
            ],
            [
              622.6337329669578,
              -877.5271159704462
            ],
            [
              614.2446786077477,
              -879.9470354971414
            ],
            [
              602.4677369111643,
              -878.1724278442316
            ],
            [
              585.8509561611903,
              -880.2696914340341
            ],
            [
              584.2376764767268,
              -876.5591481597681
            ],
            [
              592.1427469305979,
              -868.3314217690044
            ],
            [
              579.8818213286754,
              -866.8794700529871
            ],
            [
              572.9447186854824,
              -862.6849428733822
            ],
            [
              572.6220627485897,
              -855.26385632485
            ],
            [
              558.90918543065,
              -853.811904608833
            ],
            [
              548.4228674816374,
              -847.5201138394253
            ],
            [
              528.0955434573973,
              -844.1322265020519
            ],
            [
              524.0623442462386,
              -840.7443391646785
            ],
            [
              530.3541350156462,
              -837.1951238588589
            ],
            [
              518.25453738217,
              -838.0017637010907
            ],
            [
              515.8346178554748,
              -842.1962908806958
            ],
            [
              506.3162677171402,
              -844.2935544704983
            ],
            [
              501.47642866374974,
              -847.1974579025325
            ],
            [
              494.21667008366404,
              -849.294721492335
            ],
            [
              490.506126809398,
              -845.9068341549618
            ]
          ]
        ]
      }
    },
    {
      "type": "Feature",
      "properties": {
        "fid": 1036,
        "code": "ayiti",
        "name": "Ayiti",
        "capital": null,
        "culture": null,
        "civs": [],
        "provinceType": "land",
        "terrain": "island",
        "mapTypes": [],
        "resources": null,
        "religion": null,
        "population": "low",
        "centerpoint": [
          665,
          894
        ],
        "position": {
          "x": 627,
          "y": 875
        },
        "bbox": {
          "w": 92,
          "h": 38
        }
      },
      "geometry": {
        "type": "Polygon",
        "coordinates": [
          [
            [
              642.9610569911979,
              -879.0597316706867
            ],
            [
              653.4473749402106,
              -875.3491883964207
            ],
            [
              664.4983407787854,
              -880.1890274498111
            ],
            [
              668.7735319426137,
              -876.6398121439914
            ],
            [
              675.9526265384762,
              -877.4464519862232
            ],
            [
              685.067656755695,
              -877.0431320651073
            ],
            [
              699.2645179789737,
              -883.2542588502918
            ],
            [
              706.846932495952,
              -886.8034741561115
            ],
            [
              718.7852021609818,
              -895.1925285153217
            ],
            [
              710.557475770218,
              -904.7108786536562
            ],
            [
              706.6856045275057,
              -900.1936955371584
            ],
            [
              694.7473348624759,
              -899.7097116318193
            ],
            [
              686.5196084717121,
              -903.9042388114244
            ],
            [
              679.9051617654118,
              -901.6456472531755
            ],
            [
              677.9692261440556,
              -905.3561905274416
            ],
            [
              674.0973549013432,
              -912.93860504442
            ],
            [
              667.6442361634893,
              -911.1639973915102
            ],
            [
              665.7083005421331,
              -905.6788464643344
            ],
            [
              660.2231496149573,
              -902.7749430323
            ],
            [
              650.0594876028372,
              -904.7108786536562
            ],
            [
              640.2184815276099,
              -904.2268947483171
            ],
            [
              637.7985620009147,
              -908.2600939594759
            ],
            [
              633.2813788844169,
              -903.5815828745317
            ],
            [
              626.6669321781167,
              -903.7429108429781
            ],
            [
              626.5056042096703,
              -895.837840389107
            ],
            [
              638.2825459062537,
              -893.0952649255191
            ],
            [
              646.8329282339103,
              -896.8058081997851
            ],
            [
              646.5102722970175,
              -890.6753453988239
            ],
            [
              652.4794071295324,
              -889.7073775881457
            ],
            [
              651.9954232241934,
              -884.3835546294163
            ],
            [
              643.7676968334296,
              -884.3835546294163
            ],
            [
              642.1544171489661,
              -882.931602913399
            ],
            [
              642.9610569911979,
              -879.0597316706867
            ]
          ]
        ]
      }
    },
    {
      "type": "Feature",
      "properties": {
        "fid": 1037,
        "code": "xaymaca",
        "name": "Xaymaca",
        "capital": null,
        "culture": null,
        "civs": [],
        "provinceType": "land",
        "terrain": "island",
        "mapTypes": [],
        "resources": null,
        "religion": null,
        "population": "low",
        "centerpoint": [
          588,
          904
        ],
        "position": {
          "x": 571,
          "y": 894
        },
        "bbox": {
          "w": 34,
          "h": 17
        }
      },
      "geometry": {
        "type": "Polygon",
        "coordinates": [
          [
            [
              570.8474550956796,
              -900.032367568712
            ],
            [
              573.5093665750444,
              -895.91850437333
            ],
            [
              582.9470527291559,
              -893.9825687519739
            ],
            [
              595.2079783310784,
              -895.2731924995446
            ],
            [
              600.7737932424774,
              -899.4677196791497
            ],
            [
              604.8069924536361,
              -904.0655667798707
            ],
            [
              602.7903928480567,
              -909.2280617701538
            ],
            [
              595.7726262206405,
              -910.1153655966087
            ],
            [
              592.4654028674904,
              -910.7606774703941
            ],
            [
              587.0609159245378,
              -910.5993495019478
            ],
            [
              581.2531090604691,
              -909.4700537228233
            ],
            [
              576.4939339913019,
              -907.6954460699135
            ],
            [
              570.8474550956796,
              -900.032367568712
            ]
          ]
        ]
      }
    },
    {
      "type": "Feature",
      "properties": {
        "fid": 1038,
        "code": "boriken",
        "name": "Boriken",
        "capital": null,
        "culture": null,
        "civs": [],
        "provinceType": "land",
        "terrain": "island",
        "mapTypes": [],
        "resources": null,
        "religion": null,
        "population": "low",
        "centerpoint": [
          747,
          900
        ],
        "position": {
          "x": 729,
          "y": 895
        },
        "bbox": {
          "w": 38,
          "h": 14
        }
      },
      "geometry": {
        "type": "Polygon",
        "coordinates": [
          [
            [
              729.8361679995569,
              -897.2091281209009
            ],
            [
              732.6594074473679,
              -908.5020859121454
            ],
            [
              748.2275564024407,
              -909.3087257543771
            ],
            [
              757.1005946669898,
              -903.0169349849696
            ],
            [
              758.1492264618911,
              -901.0809993636133
            ],
            [
              767.0222647264403,
              -901.403655300506
            ],
            [
              766.7802727737708,
              -897.69311202624
            ],
            [
              761.9404337203803,
              -897.0478001524546
            ],
            [
              757.665242556552,
              -898.4997518684718
            ],
            [
              758.7138743514533,
              -900.2743595213816
            ],
            [
              750.5668119449127,
              -897.8544399946863
            ],
            [
              743.2263893806038,
              -895.5151844522143
            ],
            [
              733.0627273684838,
              -895.1118645310984
            ],
            [
              730.6428078417886,
              -895.5958484364374
            ],
            [
              729.0295281573251,
              -899.3870556949266
            ],
            [
              729.8361679995569,
              -897.2091281209009
            ]
          ]
        ]
      }
    },
    {
      "type": "Feature",
      "properties": {
        "fid": 1039,
        "code": "antilles",
        "name": "Antilles",
        "capital": null,
        "culture": null,
        "civs": [],
        "provinceType": "land",
        "terrain": "island",
        "mapTypes": [],
        "resources": null,
        "religion": null,
        "population": "low",
        "centerpoint": [
          806,
          947
        ],
        "position": {
          "x": 774,
          "y": 899
        },
        "bbox": {
          "w": 64,
          "h": 99
        }
      },
      "geometry": {
        "type": "Polygon",
        "coordinates": [
          [
            [
              783.3970535237445,
              -898.7417438211418
            ],
            [
              782.2677577446201,
              -911.0026694230643
            ],
            [
              791.4634519460619,
              -923.5862509618795
            ],
            [
              800.9818020843966,
              -934.2338968793385
            ],
            [
              808.4028886329286,
              -951.4959895030978
            ],
            [
              802.7564097373064,
              -976.1791686753892
            ],
            [
              790.1728281984912,
              -983.7615831923677
            ],
            [
              773.87870338541,
              -985.6975188137238
            ],
            [
              775.4919830698734,
              -997.1518045734146
            ],
            [
              800.4978181790575,
              -997.3131325418609
            ],
            [
              818.7278786134949,
              -985.3748628768311
            ],
            [
              820.5024862664047,
              -966.6608185370546
            ],
            [
              837.4419229532714,
              -974.0819050855866
            ],
            [
              835.1833313950225,
              -964.5635549472521
            ],
            [
              827.2782609411514,
              -965.8541786948228
            ],
            [
              822.1157659508682,
              -953.7545810613467
            ],
            [
              819.695846424173,
              -943.5909190492267
            ],
            [
              814.6946794023363,
              -932.9432731317677
            ],
            [
              816.3079590867999,
              -920.1983636245061
            ],
            [
              811.1454640965167,
              -914.3905567604376
            ],
            [
              808.7255445698214,
              -907.9374380225836
            ],
            [
              804.853673327109,
              -901.6456472531762
            ],
            [
              783.3970535237445,
              -898.7417438211418
            ]
          ]
        ]
      }
    },
    {
      "type": "Feature",
      "properties": {
        "fid": 1040,
        "code": "olmecatl",
        "name": "Olmecatl",
        "capital": null,
        "culture": null,
        "civs": [],
        "provinceType": "land",
        "terrain": "wetlands",
        "mapTypes": [],
        "resources": null,
        "religion": null,
        "population": "medium",
        "centerpoint": [
          368,
          892
        ],
        "position": {
          "x": 324,
          "y": 873
        },
        "bbox": {
          "w": 91,
          "h": 40
        }
      },
      "geometry": {
        "type": "Polygon",
        "coordinates": [
          [
            [
              333.39273342101404,
              -873.0497378560013
            ],
            [
              323.38149844782345,
              -883.7283884940714
            ],
            [
              340.9567776229803,
              -904.0845662728923
            ],
            [
              360.2005959603356,
              -912.8722058604708
            ],
            [
              361.3129554018012,
              -913.0946777487638
            ],
            [
              384.08851496580996,
              -906.9210828486297
            ],
            [
              414.7757310572431,
              -891.5844270494224
            ],
            [
              400.91295151797766,
              -890.5554945660666
            ],
            [
              400.5653391925197,
              -891.3480506681109
            ],
            [
              394.3361263203121,
              -892.18232024921
            ],
            [
              391.5274187306114,
              -888.0387813297505
            ],
            [
              386.32713834175956,
              -887.7328824833475
            ],
            [
              383.60185771016876,
              -890.5137810870116
            ],
            [
              371.39371284008337,
              -891.7929944446971
            ],
            [
              363.1622529732377,
              -893.4337246208589
            ],
            [
              357.3223659055431,
              -894.351421160068
            ],
            [
              343.39006390118607,
              -885.6472085305994
            ],
            [
              338.2454014844075,
              -882.3657481782758
            ],
            [
              333.39273342101404,
              -873.0497378560013
            ]
          ]
        ]
      }
    },
    {
      "type": "Feature",
      "properties": {
        "fid": 1041,
        "code": "oaxaca",
        "name": "Oaxaca",
        "capital": "Danibaan",
        "culture": null,
        "civs": [],
        "provinceType": "land",
        "terrain": "hills",
        "mapTypes": [],
        "resources": null,
        "religion": null,
        "population": "high",
        "centerpoint": [
          321,
          913
        ],
        "position": {
          "x": 293,
          "y": 888
        },
        "bbox": {
          "w": 68,
          "h": 44
        }
      },
      "geometry": {
        "type": "Polygon",
        "coordinates": [
          [
            [
              292.16591162169374,
              -917.8778233470659
            ],
            [
              297.7277088290219,
              -904.3070381611852
            ],
            [
              310.4086064617301,
              -898.0778252889777
            ],
            [
              312.8557972329545,
              -892.0710843050633
            ],
            [
              322.6445603178521,
              -888.2890622040802
            ],
            [
              329.7636607432321,
              -889.4014216455457
            ],
            [
              340.97068211599844,
              -904.1958022170387
            ],
            [
              360.4925903137203,
              -912.927823832544
            ],
            [
              356.87742212895705,
              -926.2205191580586
            ],
            [
              348.92405212247775,
              -922.3828790850021
            ],
            [
              336.0763005735497,
              -929.9469232869684
            ],
            [
              324.1740545498674,
              -932.505350002339
            ],
            [
              310.3807974756935,
              -929.724451398675
            ],
            [
              299.70214683762345,
              -925.0525417445193
            ],
            [
              292.13810263565716,
              -920.6031039786568
            ],
            [
              292.16591162169374,
              -917.8778233470659
            ]
          ]
        ]
      }
    },
    {
      "type": "Feature",
      "properties": {
        "fid": 1042,
        "code": "mixteca",
        "name": "Mixteca",
        "capital": null,
        "culture": null,
        "civs": [],
        "provinceType": "land",
        "terrain": "hills",
        "mapTypes": [],
        "resources": null,
        "religion": null,
        "population": "high",
        "centerpoint": [
          277,
          902
        ],
        "position": {
          "x": 248,
          "y": 877
        },
        "bbox": {
          "w": 64,
          "h": 44
        }
      },
      "geometry": {
        "type": "Polygon",
        "coordinates": [
          [
            [
              247.97743280947162,
              -893.9064773834816
            ],
            [
              265.5527119846286,
              -876.5536700966178
            ],
            [
              282.2381036066131,
              -880.3356921976009
            ],
            [
              311.3819209730127,
              -892.794117942016
            ],
            [
              311.9937186658188,
              -894.5182750762876
            ],
            [
              310.2695615315471,
              -898.3559151493441
            ],
            [
              297.86675375920527,
              -904.1958022170388
            ],
            [
              292.08248466358395,
              -917.5441155146264
            ],
            [
              292.1937206077305,
              -920.4918680345103
            ],
            [
              279.846530807462,
              -918.3783850957255
            ],
            [
              271.2813631081766,
              -913.0946777487638
            ],
            [
              263.661700934137,
              -911.8154643910784
            ],
            [
              258.04428575473554,
              -907.2547906810693
            ],
            [
              252.03754477082114,
              -903.250296691793
            ],
            [
              249.03417427886393,
              -898.6896229817839
            ],
            [
              247.97743280947162,
              -893.9064773834816
            ]
          ]
        ]
      }
    },
    {
      "type": "Feature",
      "properties": {
        "fid": 1043,
        "code": "michoacan",
        "name": "Michoacan",
        "capital": null,
        "culture": null,
        "civs": [],
        "provinceType": "land",
        "terrain": "hills",
        "mapTypes": [],
        "resources": null,
        "religion": null,
        "population": "high",
        "centerpoint": [
          226,
          864
        ],
        "position": {
          "x": 199,
          "y": 827
        },
        "bbox": {
          "w": 67,
          "h": 69
        }
      },
      "geometry": {
        "type": "Polygon",
        "coordinates": [
          [
            [
              200.2015947985226,
              -827.2205288676168
            ],
            [
              236.4645125903022,
              -828.5553601973755
            ],
            [
              250.4802415527692,
              -846.3531112608257
            ],
            [
              265.60832995670177,
              -874.6070410740527
            ],
            [
              264.49597051523614,
              -879.2789507282084
            ],
            [
              248.03305078154483,
              -893.9620953555549
            ],
            [
              245.66928696843036,
              -896.1311962664129
            ],
            [
              236.65917549255872,
              -895.6028255317167
            ],
            [
              217.49878411331315,
              -886.1755792652954
            ],
            [
              218.38867166648566,
              -882.1710852760191
            ],
            [
              205.93024592207058,
              -877.2767037335702
            ],
            [
              198.81114549669053,
              -863.9283904359827
            ],
            [
              205.48530214548433,
              -857.2542337871889
            ],
            [
              209.4897961347606,
              -849.6901895852226
            ],
            [
              201.48080815620804,
              -837.2317638408075
            ],
            [
              200.2015947985226,
              -827.2205288676168
            ]
          ]
        ]
      }
    },
    {
      "type": "Feature",
      "properties": {
        "fid": 1044,
        "code": "central_mexican_plateau",
        "name": "Central Mexican Plateau",
        "capital": null,
        "culture": null,
        "civs": [],
        "provinceType": "land",
        "terrain": "plateau",
        "mapTypes": [],
        "resources": null,
        "religion": null,
        "population": "high",
        "centerpoint": [
          294,
          875
        ],
        "position": {
          "x": 250,
          "y": 841
        },
        "bbox": {
          "w": 78,
          "h": 53
        }
      },
      "geometry": {
        "type": "Polygon",
        "coordinates": [
          [
            [
              249.9796798041095,
              -846.1306393725324
            ],
            [
              290.35832752931196,
              -840.7913140534973
            ],
            [
              302.59428138543393,
              -858.9227729493871
            ],
            [
              327.51113287426415,
              -879.5014226165013
            ],
            [
              323.4788298989512,
              -883.8118154521806
            ],
            [
              328.3454024553633,
              -889.2623767153623
            ],
            [
              322.67236930388856,
              -888.6505790225561
            ],
            [
              312.77237027484443,
              -892.1545112631729
            ],
            [
              311.9381006937452,
              -894.1011402857378
            ],
            [
              311.103831112646,
              -892.8219269280522
            ],
            [
              282.1268676624663,
              -880.6415910440036
            ],
            [
              265.21900415218863,
              -876.970804887167
            ],
            [
              265.3302400963352,
              -877.6938385241197
            ],
            [
              265.3858580684085,
              -874.8573219483823
            ],
            [
              249.9796798041095,
              -846.1306393725324
            ]
          ]
        ]
      }
    },
    {
      "type": "Feature",
      "properties": {
        "fid": 1045,
        "code": "totonacapan",
        "name": "Totonacapan",
        "capital": null,
        "culture": null,
        "civs": [],
        "provinceType": "land",
        "terrain": "plain",
        "mapTypes": [],
        "resources": null,
        "religion": null,
        "population": "medium",
        "centerpoint": [
          321,
          834
        ],
        "position": {
          "x": 287,
          "y": 776
        },
        "bbox": {
          "w": 51,
          "h": 104
        }
      },
      "geometry": {
        "type": "Polygon",
        "coordinates": [
          [
            [
              335.96506462940283,
              -790.9576110758367
            ],
            [
              301.9268657205545,
              -775.6070507836109
            ],
            [
              286.3538335400356,
              -805.640755703183
            ],
            [
              290.80327130589814,
              -841.2362578300833
            ],
            [
              290.74765333382487,
              -841.486538704413
            ],
            [
              302.7889442876903,
              -859.3120987538999
            ],
            [
              327.7057957765205,
              -879.8351304489408
            ],
            [
              333.60130081628836,
              -873.3834456884401
            ],
            [
              335.0473680901937,
              -872.8272659677073
            ],
            [
              331.7102897657968,
              -866.7649070117196
            ],
            [
              326.120683572432,
              -859.4789526701196
            ],
            [
              325.4532679075526,
              -849.0227739203427
            ],
            [
              322.78360524803503,
              -842.9047969922817
            ],
            [
              319.22405503534503,
              -839.1227748912986
            ],
            [
              322.5611333597419,
              -834.5621011812894
            ],
            [
              323.45102091291443,
              -825.2182818729782
            ],
            [
              328.0116946229235,
              -813.9834515141753
            ],
            [
              327.6779867904838,
              -811.2025529105113
            ],
            [
              337.29989595916163,
              -794.7952511488932
            ],
            [
              335.96506462940283,
              -790.9576110758367
            ]
          ]
        ]
      }
    },
    {
      "type": "Feature",
      "properties": {
        "fid": 1046,
        "code": "caxcanes",
        "name": "Caxcanes",
        "capital": null,
        "culture": null,
        "civs": [],
        "provinceType": "land",
        "terrain": "semi_arid",
        "mapTypes": [],
        "resources": null,
        "religion": null,
        "population": "low",
        "centerpoint": [
          255,
          760
        ],
        "position": {
          "x": 162,
          "y": 718
        },
        "bbox": {
          "w": 147,
          "h": 86
        }
      },
      "geometry": {
        "type": "Polygon",
        "coordinates": [
          [
            [
              161.99204798417793,
              -717.3750340228855
            ],
            [
              297.25495606639885,
              -721.824471788748
            ],
            [
              309.26843803422764,
              -776.9975000854434
            ],
            [
              308.54540439727504,
              -778.8328931638617
            ],
            [
              302.0381016647011,
              -775.6070507836114
            ],
            [
              285.74203584722966,
              -803.8053626247653
            ],
            [
              210.10159382756666,
              -789.122217997419
            ],
            [
              161.99204798417793,
              -717.3750340228855
            ]
          ]
        ]
      }
    },
    {
      "type": "Feature",
      "properties": {
        "fid": 1047,
        "code": "zacatecas",
        "name": "Zacatecas",
        "capital": null,
        "culture": null,
        "civs": [],
        "provinceType": "land",
        "terrain": "semi_arid",
        "mapTypes": [],
        "resources": null,
        "religion": null,
        "population": "medium",
        "centerpoint": [
          248,
          821
        ],
        "position": {
          "x": 210,
          "y": 789
        },
        "bbox": {
          "w": 81,
          "h": 57
        }
      },
      "geometry": {
        "type": "Polygon",
        "coordinates": [
          [
            [
              223.004963348568,
              -824.0503044594399
            ],
            [
              209.87912193927355,
              -789.0109820532724
            ],
            [
              287.29933906528163,
              -804.0278345130585
            ],
            [
              286.7431593445488,
              -805.2514298986706
            ],
            [
              290.91450725004495,
              -841.4031117463036
            ],
            [
              250.36900560862267,
              -846.408729232899
            ],
            [
              236.63136650652208,
              -829.0003039739618
            ],
            [
              222.17069376746886,
              -828.2772703370091
            ],
            [
              223.004963348568,
              -824.0503044594399
            ]
          ]
        ]
      }
    },
    {
      "type": "Feature",
      "properties": {
        "fid": 1048,
        "code": "mississippi_southern",
        "name": "Southern Mississippi",
        "capital": null,
        "culture": null,
        "civs": [],
        "provinceType": "land",
        "terrain": "plains",
        "mapTypes": [],
        "resources": null,
        "religion": null,
        "population": "medium",
        "centerpoint": [
          422,
          715
        ],
        "position": {
          "x": 371,
          "y": 652
        },
        "bbox": {
          "w": 110,
          "h": 90
        }
      },
      "geometry": {
        "type": "Polygon",
        "coordinates": [
          [
            [
              387.30045285304203,
              -739.5109869080512
            ],
            [
              389.9701155125596,
              -694.5716654728396
            ],
            [
              370.55944325898395,
              -681.7795318959849
            ],
            [
              413.3296637833378,
              -651.6902090043396
            ],
            [
              453.59707556439366,
              -673.6593079732859
            ],
            [
              480.7386459361551,
              -690.5671714835635
            ],
            [
              462.940894872705,
              -730.6121113763261
            ],
            [
              463.7473554677677,
              -736.2573355417643
            ],
            [
              451.23331175127936,
              -733.0871111335872
            ],
            [
              442.0563463591879,
              -734.3107065191994
            ],
            [
              430.87713397245835,
              -715.4562139863569
            ],
            [
              402.178260382645,
              -717.235989092702
            ],
            [
              395.28163184555814,
              -741.9303686932391
            ],
            [
              387.71758764359186,
              -742.1528405815321
            ],
            [
              387.30045285304203,
              -739.5109869080512
            ]
          ]
        ]
      }
    },
    {
      "type": "Feature",
      "properties": {
        "fid": 1049,
        "code": "mississippi_delta",
        "name": "Mississippi River Delta",
        "capital": null,
        "culture": null,
        "civs": [],
        "provinceType": "land",
        "terrain": "river",
        "mapTypes": [],
        "resources": null,
        "religion": null,
        "population": "medium",
        "centerpoint": [
          429,
          743
        ],
        "position": {
          "x": 396,
          "y": 716
        },
        "bbox": {
          "w": 53,
          "h": 39
        }
      },
      "geometry": {
        "type": "Polygon",
        "coordinates": [
          [
            [
              395.22601387348453,
              -741.930368693239
            ],
            [
              401.2883728294723,
              -744.4887954086099
            ],
            [
              408.4074732548523,
              -744.6556493248298
            ],
            [
              416.9170229820644,
              -748.2708175095931
            ],
            [
              423.47994368671164,
              -751.4410419177701
            ],
            [
              429.04174089403983,
              -748.7157612861794
            ],
            [
              432.76814502294974,
              -752.219693526796
            ],
            [
              434.5479201292947,
              -747.8258737330068
            ],
            [
              440.16533530869617,
              -750.6067723366709
            ],
            [
              441.8338744708946,
              -753.9438506610678
            ],
            [
              446.7282560133434,
              -753.3320529682617
            ],
            [
              447.5625255944426,
              -747.0472221239809
            ],
            [
              440.99960488979536,
              -743.5989078554375
            ],
            [
              446.7838739854167,
              -740.92924519592
            ],
            [
              448.4524131476151,
              -736.4241894579841
            ],
            [
              445.33780671151135,
              -733.9769986867598
            ],
            [
              442.1675823033343,
              -734.3107065191995
            ],
            [
              430.98836991660465,
              -715.3449780422103
            ],
            [
              402.1782603826448,
              -717.0691351764821
            ],
            [
              395.22601387348453,
              -741.930368693239
            ]
          ]
        ]
      }
    },
    {
      "type": "Feature",
      "properties": {
        "fid": 1050,
        "code": "mississippi_northern ",
        "name": "Northern Mississippi",
        "capital": null,
        "culture": null,
        "civs": [],
        "provinceType": null,
        "terrain": "land",
        "mapTypes": [
          "plains"
        ],
        "resources": null,
        "religion": null,
        "population": "medium",
        "centerpoint": [
          500,
          641
        ],
        "position": {
          "x": 379,
          "y": 583
        },
        "bbox": {
          "w": 199,
          "h": 107
        }
      },
      "geometry": {
        "type": "Polygon",
        "coordinates": [
          [
            [
              480.6274099920085,
              -690.6227894556371
            ],
            [
              518.44763100184,
              -673.436836084993
            ],
            [
              536.1897640932166,
              -663.0362753072894
            ],
            [
              545.9785271781142,
              -657.4744780999613
            ],
            [
              548.8706617259248,
              -649.4654901214087
            ],
            [
              549.7605492790973,
              -643.4587491374944
            ],
            [
              560.2167280288743,
              -635.894704935528
            ],
            [
              569.3380754488925,
              -628.775604510148
            ],
            [
              576.6796477625657,
              -620.9890884198885
            ],
            [
              577.7920072040313,
              -609.643022116939
            ],
            [
              520.6167319126978,
              -601.1890903618003
            ],
            [
              429.4032577125159,
              -583.168867410057
            ],
            [
              404.8201140561253,
              -618.8756054811038
            ],
            [
              379.0133750141226,
              -634.3374017174762
            ],
            [
              400.48191223440926,
              -643.5699850816409
            ],
            [
              413.1628098671175,
              -652.3576246692194
            ],
            [
              480.6274099920085,
              -690.6227894556371
            ]
          ]
        ]
      }
    },
    {
      "type": "Feature",
      "properties": {
        "fid": 1051,
        "code": "karankawa",
        "name": "Karankawa",
        "capital": null,
        "culture": null,
        "civs": [],
        "provinceType": "land",
        "terrain": "semi_arid",
        "mapTypes": [],
        "resources": null,
        "religion": null,
        "population": "low",
        "centerpoint": [
          345,
          734
        ],
        "position": {
          "x": 297,
          "y": 654
        },
        "bbox": {
          "w": 93,
          "h": 140
        }
      },
      "geometry": {
        "type": "Polygon",
        "coordinates": [
          [
            [
              296.921248233959,
              -721.2126740959416
            ],
            [
              301.98248369262774,
              -653.3587481665378
            ],
            [
              339.4689968700196,
              -655.4166131332493
            ],
            [
              351.6493327540684,
              -672.3800946156002
            ],
            [
              377.2892178798509,
              -684.8385203600155
            ],
            [
              389.97011551255935,
              -694.0711037241799
            ],
            [
              387.35607082511495,
              -739.1216611035384
            ],
            [
              387.4673067692615,
              -742.5699753720818
            ],
            [
              375.6762966897258,
              -745.1284020874527
            ],
            [
              368.55719626434575,
              -751.5800868479535
            ],
            [
              353.65157974870624,
              -757.8092997201609
            ],
            [
              343.4178728872224,
              -761.5913218211441
            ],
            [
              336.74371623842865,
              -771.4913208501882
            ],
            [
              336.41000840598895,
              -788.2879484163193
            ],
            [
              336.41000840598895,
              -793.182329958768
            ],
            [
              308.7122583134947,
              -778.6104212755682
            ],
            [
              309.49090992252064,
              -777.0531180575164
            ],
            [
              296.921248233959,
              -721.2126740959416
            ]
          ]
        ]
      }
    },
    {
      "type": "Feature",
      "properties": {
        "fid": 1052,
        "code": "tovaangar",
        "name": "Tovaangar",
        "capital": null,
        "culture": null,
        "civs": [],
        "provinceType": "land",
        "terrain": "semi_arid",
        "mapTypes": [],
        "resources": null,
        "religion": null,
        "population": "low",
        "centerpoint": [
          100,
          699
        ],
        "position": {
          "x": 66,
          "y": 675
        },
        "bbox": {
          "w": 97,
          "h": 43
        }
      },
      "geometry": {
        "type": "Polygon",
        "coordinates": [
          [
            [
              65.88419224154723,
              -674.8272853868249
            ],
            [
              151.75834112269405,
              -678.3868355995148
            ],
            [
              162.8819355373504,
              -717.5418879391052
            ],
            [
              126.17407396898463,
              -714.8166073075143
            ],
            [
              118.0538500462855,
              -707.1413271614015
            ],
            [
              111.49092934163828,
              -708.3649225470136
            ],
            [
              104.26059297211167,
              -703.3593050604184
            ],
            [
              101.92463814503384,
              -707.3637990496945
            ],
            [
              99.9223911503957,
              -708.6986303794533
            ],
            [
              80.56733686889369,
              -712.3694165362899
            ],
            [
              78.62070784632891,
              -707.4194170217678
            ],
            [
              74.61621385705264,
              -692.7362723944215
            ],
            [
              74.17127008046639,
              -687.3969470753865
            ],
            [
              69.72183231460386,
              -680.0553747617133
            ],
            [
              65.88419224154723,
              -674.8272853868249
            ]
          ]
        ]
      }
    },
    {
      "type": "Feature",
      "properties": {
        "fid": 1053,
        "code": "sonora",
        "name": "Sonora",
        "capital": null,
        "culture": null,
        "civs": [],
        "provinceType": "land",
        "terrain": "semi_arid",
        "mapTypes": [],
        "resources": null,
        "religion": null,
        "population": "low",
        "centerpoint": [
          168,
          779
        ],
        "position": {
          "x": 127,
          "y": 715
        },
        "bbox": {
          "w": 96,
          "h": 117
        }
      },
      "geometry": {
        "type": "Polygon",
        "coordinates": [
          [
            [
              126.11845599691136,
              -714.760989335441
            ],
            [
              126.89710760593731,
              -722.658741369847
            ],
            [
              129.23306243301514,
              -731.4463809574255
            ],
            [
              131.56901726009295,
              -739.9003127125643
            ],
            [
              140.80160062425767,
              -753.9160416750314
            ],
            [
              147.03081349646524,
              -757.9205356643076
            ],
            [
              151.3690153181812,
              -759.7003107706527
            ],
            [
              149.70047615598276,
              -764.4834563689549
            ],
            [
              150.92407154159494,
              -769.3778379114036
            ],
            [
              157.7094641345353,
              -774.4946913421455
            ],
            [
              160.26789084990625,
              -777.0531180575165
            ],
            [
              165.16227239235505,
              -781.6137917675256
            ],
            [
              167.0532834428466,
              -782.3924433765516
            ],
            [
              163.27126134186346,
              -785.840757645095
            ],
            [
              163.04878945357035,
              -790.8463751316904
            ],
            [
              168.94429449333822,
              -795.2958128975529
            ],
            [
              172.17013687358855,
              -796.8531161156047
            ],
            [
              177.73193408091672,
              -801.3025538814674
            ],
            [
              178.51058568994267,
              -804.5283962617176
            ],
            [
              182.84878751165863,
              -811.8699685753908
            ],
            [
              192.74878654070275,
              -819.8789565539433
            ],
            [
              199.6454150777897,
              -829.8901915271341
            ],
            [
              200.53530263096218,
              -832.2261463542119
            ],
            [
              200.64653857510876,
              -828.2216523649356
            ],
            [
              222.33754768368857,
              -828.2216523649356
            ],
            [
              222.0038398512489,
              -822.5486192134609
            ],
            [
              209.65665005098037,
              -788.8441281370522
            ],
            [
              162.0476659562513,
              -716.7632363300793
            ],
            [
              126.11845599691136,
              -714.760989335441
            ]
          ]
        ]
      }
    },
    {
      "type": "Feature",
      "properties": {
        "fid": 1054,
        "code": "california",
        "name": "California",
        "capital": null,
        "culture": null,
        "civs": [],
        "provinceType": "land",
        "terrain": "semi_arid",
        "mapTypes": [],
        "resources": null,
        "religion": null,
        "population": "medium",
        "centerpoint": [
          40,
          618
        ],
        "position": {
          "x": 16,
          "y": 571
        },
        "bbox": {
          "w": 98,
          "h": 106
        }
      },
      "geometry": {
        "type": "Polygon",
        "coordinates": [
          [
            [
              17.218466677425255,
              -571.1553854422278
            ],
            [
              70.16677609118935,
              -570.7104416656416
            ],
            [
              112.88137864346965,
              -664.593578525341
            ],
            [
              113.54879430834904,
              -676.7739144093896
            ],
            [
              66.21790007398641,
              -674.8272853868247
            ],
            [
              63.103293637882636,
              -675.7171729399972
            ],
            [
              37.79711634453952,
              -661.2008822288706
            ],
            [
              38.90947578600516,
              -652.9694223620249
            ],
            [
              26.228578153296944,
              -634.2817837454023
            ],
            [
              25.783634376710694,
              -627.8300989849016
            ],
            [
              23.113971717193174,
              -611.8121230277965
            ],
            [
              21.33419661084816,
              -606.9177414853477
            ],
            [
              17.10723073327876,
              -599.7986410599677
            ],
            [
              16.884758844985633,
              -589.5649341984839
            ],
            [
              17.997118286451247,
              -586.0053839857939
            ],
            [
              15.104983738640605,
              -576.6615646774826
            ],
            [
              15.32745562693372,
              -573.5469582413788
            ],
            [
              17.218466677425255,
              -571.1553854422278
            ]
          ]
        ]
      }
    },
    {
      "type": "Feature",
      "properties": {
        "fid": 1055,
        "code": "west_coast_na",
        "name": "West Coast",
        "capital": null,
        "culture": null,
        "civs": [],
        "provinceType": "land",
        "terrain": "florest_pines",
        "mapTypes": [],
        "resources": null,
        "religion": null,
        "population": "medium",
        "centerpoint": [
          48,
          450
        ],
        "position": {
          "x": 18,
          "y": 333
        },
        "bbox": {
          "w": 117,
          "h": 239
        }
      },
      "geometry": {
        "type": "Polygon",
        "coordinates": [
          [
            [
              17.107230733278655,
              -571.7671831350335
            ],
            [
              73.17014658314653,
              -571.5447112467405
            ],
            [
              123.22632144909994,
              -487.8952812485249
            ],
            [
              133.90497208716997,
              -453.18966667479725
            ],
            [
              98.30946996026975,
              -364.6458551341329
            ],
            [
              65.82857426947328,
              -332.60990321992267
            ],
            [
              41.80161033381563,
              -341.06383497506147
            ],
            [
              36.46228501478059,
              -347.0705759589759
            ],
            [
              29.343184589400536,
              -352.6323731663041
            ],
            [
              27.563409483055523,
              -356.1919233789941
            ],
            [
              24.89374682353801,
              -367.09304590535726
            ],
            [
              30.23307214257305,
              -373.0997868892717
            ],
            [
              39.131947674298104,
              -378.884055984893
            ],
            [
              42.691497886988145,
              -409.36270468105135
            ],
            [
              29.788128365986807,
              -414.03461433520704
            ],
            [
              50.47801397724758,
              -446.96045380258965
            ],
            [
              54.0375641899376,
              -460.3087671001774
            ],
            [
              54.482507966523855,
              -475.43685550411
            ],
            [
              51.367901530420085,
              -494.1244941207326
            ],
            [
              39.79936333917752,
              -511.92224518418277
            ],
            [
              34.46003802014249,
              -526.6053898115291
            ],
            [
              24.671274935244924,
              -535.5042653432541
            ],
            [
              24.226331158658667,
              -548.4076348642554
            ],
            [
              21.111724722554897,
              -561.3110043852569
            ],
            [
              17.107230733278655,
              -571.7671831350335
            ]
          ]
        ]
      }
    },
    {
      "type": "Feature",
      "properties": {
        "fid": 1056,
        "code": "great_plains",
        "name": "Great Plains",
        "capital": null,
        "culture": null,
        "civs": [],
        "provinceType": "land",
        "terrain": "plains",
        "mapTypes": [],
        "resources": null,
        "religion": null,
        "population": "low",
        "centerpoint": [
          318,
          625
        ],
        "position": {
          "x": 242,
          "y": 502
        },
        "bbox": {
          "w": 171,
          "h": 180
        }
      },
      "geometry": {
        "type": "Polygon",
        "coordinates": [
          [
            [
              376.12124046631146,
              -681.2789701473254
            ],
            [
              412.4119672441285,
              -652.0795348088521
            ],
            [
              400.6765751366661,
              -643.5699850816401
            ],
            [
              376.6774201870443,
              -632.1683008066177
            ],
            [
              338.30101945647993,
              -581.1666204154184
            ],
            [
              308.4897864252011,
              -501.9666281830654
            ],
            [
              244.41788259678066,
              -519.7643792465154
            ],
            [
              241.74821993726331,
              -574.4924637666246
            ],
            [
              248.4223765860571,
              -590.955383500316
            ],
            [
              252.87181435191965,
              -611.8677409998699
            ],
            [
              256.8763083411959,
              -622.9913354145262
            ],
            [
              253.76170190509214,
              -633.2250422760101
            ],
            [
              255.9864207880234,
              -650.1329057862877
            ],
            [
              318.27854951009886,
              -655.0272873287364
            ],
            [
              339.63585078623896,
              -655.4722311053226
            ],
            [
              350.20326548016294,
              -671.378971118281
            ],
            [
              369.8920275941042,
              -681.7239139239116
            ],
            [
              376.12124046631146,
              -681.2789701473254
            ]
          ]
        ]
      }
    },
    {
      "type": "Feature",
      "properties": {
        "fid": 1057,
        "code": "oasisamerica",
        "name": "Oasisamerica",
        "capital": null,
        "culture": null,
        "civs": [
          "land"
        ],
        "provinceType": "semi_arid",
        "terrain": null,
        "mapTypes": [],
        "resources": null,
        "religion": null,
        "population": "high",
        "centerpoint": [
          219,
          668
        ],
        "position": {
          "x": 98,
          "y": 620
        },
        "bbox": {
          "w": 209,
          "h": 102
        }
      },
      "geometry": {
        "type": "Polygon",
        "coordinates": [
          [
            [
              306.71001131885635,
              -684.171104695136
            ],
            [
              302.03810166470066,
              -653.6924559989777
            ],
            [
              256.3201286204632,
              -650.2441417304343
            ],
            [
              255.09653323485102,
              -633.4475141643032
            ],
            [
              259.9909147772998,
              -619.6542570901294
            ],
            [
              98.03138009990371,
              -631.6677390579582
            ],
            [
              112.49205283895697,
              -665.0385223019272
            ],
            [
              113.38194039212947,
              -676.829532381463
            ],
            [
              152.53699273171972,
              -679.2767231526873
            ],
            [
              161.65834015173792,
              -717.7643598273982
            ],
            [
              296.9212482339588,
              -721.5463819283814
            ],
            [
              306.71001131885635,
              -684.171104695136
            ]
          ]
        ]
      }
    },
    {
      "type": "Feature",
      "properties": {
        "fid": 1058,
        "code": "great_lakes",
        "name": "Nayaano nibiimaang Gichigamiin",
        "capital": null,
        "culture": null,
        "civs": [],
        "provinceType": "land",
        "terrain": "lakes",
        "mapTypes": [],
        "resources": null,
        "religion": null,
        "population": "high",
        "centerpoint": [
          498,
          550
        ],
        "position": {
          "x": 392,
          "y": 455
        },
        "bbox": {
          "w": 247,
          "h": 155
        }
      },
      "geometry": {
        "type": "Polygon",
        "coordinates": [
          [
            [
              428.7636510336732,
              -574.4368457945511
            ],
            [
              391.8333175770142,
              -512.5896608490619
            ],
            [
              422.9793819380519,
              -454.3020261162628
            ],
            [
              501.73443039381874,
              -454.74696989284905
            ],
            [
              604.9613865618294,
              -517.0390986149245
            ],
            [
              639.2220573589709,
              -568.6525766989298
            ],
            [
              576.040041083723,
              -608.2525728151063
            ],
            [
              575.1501535305504,
              -609.0312244241323
            ],
            [
              478.48611806718685,
              -593.3469562994669
            ],
            [
              429.87601047513874,
              -583.2244853821296
            ],
            [
              428.7636510336732,
              -574.4368457945511
            ]
          ]
        ]
      }
    },
    {
      "type": "Feature",
      "properties": {
        "fid": 1059,
        "code": "apalaches",
        "name": "Apalaches",
        "capital": null,
        "culture": null,
        "civs": [],
        "provinceType": "land",
        "terrain": "hills",
        "mapTypes": [],
        "resources": null,
        "religion": null,
        "population": "medium",
        "centerpoint": [
          616,
          629
        ],
        "position": {
          "x": 516,
          "y": 555
        },
        "bbox": {
          "w": 195,
          "h": 161
        }
      },
      "geometry": {
        "type": "Polygon",
        "coordinates": [
          [
            [
              515.5276874679923,
              -676.4402065769495
            ],
            [
              554.4602679192894,
              -715.8177308048329
            ],
            [
              575.8175691954295,
              -703.581776948711
            ],
            [
              584.0490290622753,
              -694.6829014169859
            ],
            [
              594.7276797003453,
              -693.5705419755203
            ],
            [
              603.4040833437772,
              -685.5615539969677
            ],
            [
              620.8681265747877,
              -673.2143641966992
            ],
            [
              610.856891601597,
              -652.3020066971453
            ],
            [
              621.3130703513739,
              -649.1874002610415
            ],
            [
              638.8883495265309,
              -620.7109985595214
            ],
            [
              643.7827310689796,
              -607.1402133736407
            ],
            [
              665.3625042334129,
              -601.8008880546056
            ],
            [
              683.6051990734493,
              -594.2368438526393
            ],
            [
              687.3872211744324,
              -582.2233618848105
            ],
            [
              676.5973345922157,
              -580.1098789460257
            ],
            [
              681.9366599112508,
              -568.2076329223435
            ],
            [
              694.8400294322521,
              -561.6447122176962
            ],
            [
              710.5242975569175,
              -554.8593196247558
            ],
            [
              652.3478987682648,
              -556.082915010368
            ],
            [
              639.6670011355566,
              -568.4301048106365
            ],
            [
              575.2613894746966,
              -608.4750447033994
            ],
            [
              577.8198161900675,
              -609.809876033158
            ],
            [
              576.5962208044554,
              -621.044706391961
            ],
            [
              549.4546504326938,
              -642.958187388834
            ],
            [
              546.3400439965901,
              -657.0851522954474
            ],
            [
              515.5276874679923,
              -676.4402065769495
            ]
          ]
        ]
      }
    },
    {
      "type": "Feature",
      "properties": {
        "fid": 1060,
        "code": "florida",
        "name": "Florida",
        "capital": null,
        "culture": null,
        "civs": [],
        "provinceType": "land",
        "terrain": "plains",
        "mapTypes": [],
        "resources": null,
        "religion": null,
        "population": "medium",
        "centerpoint": [
          518,
          752
        ],
        "position": {
          "x": 463,
          "y": 674
        },
        "bbox": {
          "w": 98,
          "h": 141
        }
      },
      "geometry": {
        "type": "Polygon",
        "coordinates": [
          [
            [
              463.8029734398399,
              -734.616605365602
            ],
            [
              462.46814211008115,
              -730.3896394880326
            ],
            [
              481.26701667085035,
              -689.4548120420973
            ],
            [
              516.8625187977506,
              -673.6593079732853
            ],
            [
              555.3501554724614,
              -716.1514386372725
            ],
            [
              547.341167493909,
              -733.7267178124295
            ],
            [
              554.4602679192891,
              -759.9784006310184
            ],
            [
              560.4670089032035,
              -777.5536798061754
            ],
            [
              555.3501554724616,
              -798.4660373057293
            ],
            [
              547.7861112704953,
              -813.816597597955
            ],
            [
              529.5434164304589,
              -814.4840132628344
            ],
            [
              533.1029666431489,
              -795.1289589813324
            ],
            [
              522.2018441167858,
              -769.9896356042091
            ],
            [
              521.3119565636132,
              -761.9806476256565
            ],
            [
              519.7546533455613,
              -752.4143564290521
            ],
            [
              513.0804966967676,
              -743.0705371207408
            ],
            [
              496.1726331864899,
              -748.4098624397758
            ],
            [
              486.16139821329926,
              -737.5087399134126
            ],
            [
              463.8029734398399,
              -734.616605365602
            ]
          ]
        ]
      }
    },
    {
      "type": "Feature",
      "properties": {
        "fid": 1061,
        "code": "kebec",
        "name": "Kebec",
        "capital": null,
        "culture": null,
        "civs": [],
        "provinceType": "land",
        "terrain": "river",
        "mapTypes": [],
        "resources": null,
        "religion": null,
        "population": "medium",
        "centerpoint": [
          667,
          432
        ],
        "position": {
          "x": 547,
          "y": 268
        },
        "bbox": {
          "w": 298,
          "h": 302
        }
      },
      "geometry": {
        "type": "Polygon",
        "coordinates": [
          [
            [
              576.151277027869,
              -499.01887566318027
            ],
            [
              574.927681642256,
              -499.01887566318067
            ],
            [
              605.1838584501213,
              -519.0413456095621
            ],
            [
              639.2220573589698,
              -570.2098799169811
            ],
            [
              654.5726176511955,
              -556.6390947311004
            ],
            [
              710.6355335010635,
              -556.1941509545142
            ],
            [
              744.6737324099118,
              -568.6525766989292
            ],
            [
              807.0770970761338,
              -530.3874119125113
            ],
            [
              779.7130548160794,
              -495.6817973387836
            ],
            [
              752.571484444318,
              -492.1222471260936
            ],
            [
              741.0029462530754,
              -478.32899005191973
            ],
            [
              782.3827174755969,
              -489.89752824316236
            ],
            [
              790.3917054541495,
              -473.8795522860572
            ],
            [
              817.9782196024971,
              -455.1919136694346
            ],
            [
              845.5647337508449,
              -442.2885441484333
            ],
            [
              781.9377736990107,
              -315.92451159793745
            ],
            [
              749.4568780082142,
              -299.46159186424615
            ],
            [
              680.0456488607587,
              -273.2099090456572
            ],
            [
              635.9962149787196,
              -267.87058372662216
            ],
            [
              623.9827330108908,
              -283.8885596837273
            ],
            [
              628.8771145533397,
              -295.45709787496986
            ],
            [
              622.2029579045459,
              -308.80541117255746
            ],
            [
              628.8771145533397,
              -318.14923048086877
            ],
            [
              611.0793634898896,
              -332.3874313316288
            ],
            [
              620.4231827982009,
              -356.4143952672865
            ],
            [
              623.5377892343047,
              -383.1110218624617
            ],
            [
              606.1849819474407,
              -390.2301222878417
            ],
            [
              588.3872308839906,
              -396.90427893663554
            ],
            [
              585.7175682244731,
              -424.49079308498324
            ],
            [
              586.6074557776456,
              -444.0683192547784
            ],
            [
              564.8052107249192,
              -468.095283190436
            ],
            [
              547.1186956056159,
              -482.2222480970492
            ],
            [
              577.2636364693343,
              -500.1312351046463
            ],
            [
              576.151277027869,
              -499.01887566318027
            ]
          ]
        ]
      }
    },
    {
      "type": "Feature",
      "properties": {
        "fid": 1062,
        "code": "alaska",
        "name": "Alaska",
        "capital": null,
        "culture": null,
        "civs": [],
        "provinceType": "land",
        "terrain": "taiga",
        "mapTypes": [],
        "resources": null,
        "religion": null,
        "population": "low",
        "centerpoint": [
          80,
          145
        ],
        "position": {
          "x": 0,
          "y": 3
        },
        "bbox": {
          "w": 191,
          "h": 271
        }
      },
      "geometry": {
        "type": "Polygon",
        "coordinates": [
          [
            [
              -0.050913651328642,
              -2.572856937068707
            ],
            [
              107.62548028254457,
              -66.64476076548914
            ],
            [
              133.43221932454725,
              -85.77734315869802
            ],
            [
              190.8299665041739,
              -85.77734315869802
            ],
            [
              149.89513905823867,
              -153.8537409763947
            ],
            [
              142.33109485627233,
              -181.44025512474238
            ],
            [
              113.85469315475216,
              -216.59081347505636
            ],
            [
              27.535600497019075,
              -249.96159671902535
            ],
            [
              7.513130550637683,
              -273.5436168780967
            ],
            [
              -0.495857427914871,
              -269.9840666654067
            ],
            [
              -0.050913651328642,
              -2.572856937068707
            ]
          ]
        ]
      }
    },
    {
      "type": "Feature",
      "properties": {
        "fid": 1063,
        "code": "inside_passage",
        "name": "Inside Passage",
        "capital": null,
        "culture": null,
        "civs": [],
        "provinceType": "land",
        "terrain": "taiga",
        "mapTypes": [],
        "resources": null,
        "religion": null,
        "population": "low",
        "centerpoint": [
          75,
          303
        ],
        "position": {
          "x": 1,
          "y": 157
        },
        "bbox": {
          "w": 258,
          "h": 237
        }
      },
      "geometry": {
        "type": "Polygon",
        "coordinates": [
          [
            [
              4.843467891119637,
              -273.988560654683
            ],
            [
              0.394030125257103,
              -353.18855288703605
            ],
            [
              2.173805231602117,
              -391.0087738968675
            ],
            [
              17.301893635534718,
              -394.12338033297135
            ],
            [
              18.636724965293475,
              -361.1975408655886
            ],
            [
              23.976050284328515,
              -347.84922756800097
            ],
            [
              29.7603193799498,
              -351.85372155727725
            ],
            [
              31.873802318734526,
              -350.96383400410474
            ],
            [
              42.107509180218344,
              -341.73125063994
            ],
            [
              65.02211367441038,
              -333.27731888480116
            ],
            [
              98.28166097423276,
              -365.75821457559766
            ],
            [
              215.0794023281241,
              -358.6391141502176
            ],
            [
              258.68389243357706,
              -278.10429058810587
            ],
            [
              175.4794062119477,
              -156.63463958005877
            ],
            [
              147.5591842311603,
              -163.7537400054388
            ],
            [
              142.44233080041838,
              -182.10767078962172
            ],
            [
              112.742333713286,
              -217.03575725164262
            ],
            [
              27.75807238531167,
              -249.96159671902535
            ],
            [
              4.843467891119637,
              -273.988560654683
            ]
          ]
        ]
      }
    },
    {
      "type": "Feature",
      "properties": {
        "fid": 1064,
        "code": "arisona",
        "name": "Arisona",
        "capital": null,
        "culture": null,
        "civs": [],
        "provinceType": "land",
        "terrain": "desert",
        "mapTypes": [],
        "resources": null,
        "religion": null,
        "population": "low",
        "centerpoint": [
          169,
          575
        ],
        "position": {
          "x": 71,
          "y": 532
        },
        "bbox": {
          "w": 186,
          "h": 102
        }
      },
      "geometry": {
        "type": "Polygon",
        "coordinates": [
          [
            [
              94.49963887324935,
              -536.7278607288652
            ],
            [
              244.00074780623035,
              -531.8334791864163
            ],
            [
              241.10861325841978,
              -573.6581941855238
            ],
            [
              250.22996067843792,
              -594.3480797967846
            ],
            [
              256.68164543893863,
              -621.9345939451323
            ],
            [
              98.50413286252572,
              -633.9480759129613
            ],
            [
              70.25020304929865,
              -571.6559471908859
            ],
            [
              94.49963887324935,
              -536.7278607288652
            ]
          ]
        ]
      }
    },
    {
      "type": "Feature",
      "properties": {
        "fid": 1065,
        "code": "rocky_mountains",
        "name": "Rocky Mountains",
        "capital": null,
        "culture": null,
        "civs": [],
        "provinceType": "land",
        "terrain": "mountainous",
        "mapTypes": [],
        "resources": null,
        "religion": null,
        "population": "low",
        "centerpoint": [
          176,
          442
        ],
        "position": {
          "x": 95,
          "y": 358
        },
        "bbox": {
          "w": 213,
          "h": 180
        }
      },
      "geometry": {
        "type": "Polygon",
        "coordinates": [
          [
            [
              101.39626741033625,
              -365.2020348548647
            ],
            [
              217.08164932276202,
              -357.4155187646053
            ],
            [
              270.9198462896986,
              -364.53461918998534
            ],
            [
              307.85017974635764,
              -501.5773023785513
            ],
            [
              243.33333214135095,
              -522.0447161015189
            ],
            [
              241.99850081159218,
              -536.282916952279
            ],
            [
              94.72211076154245,
              -537.6177482820377
            ],
            [
              124.5333437928214,
              -488.22898908096363
            ],
            [
              132.98727554796022,
              -456.19303716675347
            ],
            [
              97.39177342105997,
              -367.6492256260891
            ],
            [
              101.39626741033625,
              -365.2020348548647
            ]
          ]
        ]
      }
    },
    {
      "type": "Feature",
      "properties": {
        "fid": 1066,
        "code": "plains_central",
        "name": "Plains",
        "capital": null,
        "culture": null,
        "civs": [],
        "provinceType": "land",
        "terrain": "plains",
        "mapTypes": [],
        "resources": null,
        "religion": null,
        "population": "low",
        "centerpoint": [
          359,
          491
        ],
        "position": {
          "x": 277,
          "y": 383
        },
        "bbox": {
          "w": 155,
          "h": 251
        }
      },
      "geometry": {
        "type": "Polygon",
        "coordinates": [
          [
            [
              280.70860937459616,
              -383.22225780660796
            ],
            [
              415.52657368023085,
              -399.68517754029926
            ],
            [
              424.4254492119559,
              -452.6334869540634
            ],
            [
              392.3894972977457,
              -510.92112168686253
            ],
            [
              430.6546620841634,
              -574.993025515283
            ],
            [
              426.65016809488714,
              -594.5705516850782
            ],
            [
              377.70635267039927,
              -634.6154915778409
            ],
            [
              336.771525224464,
              -583.0020134938355
            ],
            [
              307.4052359697713,
              -501.132358601965
            ],
            [
              276.0923176925138,
              -384.2789992760003
            ],
            [
              280.70860937459616,
              -383.22225780660796
            ]
          ]
        ]
      }
    },
    {
      "type": "Feature",
      "properties": {
        "fid": 1067,
        "code": "canada",
        "name": "canada",
        "capital": null,
        "culture": null,
        "civs": [],
        "provinceType": "land",
        "terrain": "florest_pines",
        "mapTypes": [],
        "resources": null,
        "religion": null,
        "population": "medium",
        "centerpoint": [
          430,
          367
        ],
        "position": {
          "x": 214,
          "y": 223
        },
        "bbox": {
          "w": 366,
          "h": 260
        }
      },
      "geometry": {
        "type": "Polygon",
        "coordinates": [
          [
            [
              258.9619822939429,
              -277.38125695115343
            ],
            [
              274.09007069787555,
              -222.65317243104442
            ],
            [
              514.8046538310383,
              -261.8082247706347
            ],
            [
              464.08106330020536,
              -305.19024298779436
            ],
            [
              457.4069066514116,
              -331.88686958296955
            ],
            [
              466.7507259597229,
              -333.2217009127283
            ],
            [
              465.41589462996416,
              -356.35877729521343
            ],
            [
              501.01139675686443,
              -365.70259660352474
            ],
            [
              554.4046499472147,
              -390.6194480923549
            ],
            [
              572.6473447872511,
              -410.19697426215004
            ],
            [
              576.6518387765275,
              -444.0127012827053
            ],
            [
              579.6552092684849,
              -452.80034087028383
            ],
            [
              546.506897912809,
              -482.8340457898559
            ],
            [
              501.3451045893043,
              -456.8048348595601
            ],
            [
              424.14735935158944,
              -454.1351722000426
            ],
            [
              414.58106815498496,
              -399.85203145651974
            ],
            [
              276.64849741324656,
              -386.05877438234586
            ],
            [
              270.19681265274585,
              -365.8138325476714
            ],
            [
              213.91142491458484,
              -358.4722602339982
            ],
            [
              258.9619822939429,
              -277.38125695115343
            ]
          ]
        ]
      }
    },
    {
      "type": "Feature",
      "properties": {
        "fid": 1068,
        "code": "nunavut",
        "name": "Nunavut",
        "capital": null,
        "culture": null,
        "civs": [],
        "provinceType": "land",
        "terrain": "taiga",
        "mapTypes": [],
        "resources": null,
        "religion": null,
        "population": "low",
        "centerpoint": [
          426,
          178
        ],
        "position": {
          "x": 142,
          "y": 2
        },
        "bbox": {
          "w": 691,
          "h": 295
        }
      },
      "geometry": {
        "type": "Polygon",
        "coordinates": [
          [
            [
              514.2484741103058,
              -262.80934826795385
            ],
            [
              274.86872230690176,
              -224.5441834815361
            ],
            [
              251.7316459244165,
              -277.9374366718865
            ],
            [
              176.0912039047535,
              -160.47227965311563
            ],
            [
              141.38558933102576,
              -170.26104273801323
            ],
            [
              186.76985454282357,
              -79.49251231441758
            ],
            [
              314.02377464649203,
              -16.310496039169642
            ],
            [
              714.4731735741198,
              -2.072295188409541
            ],
            [
              832.8282181460631,
              -202.29699465222347
            ],
            [
              759.8574387859176,
              -296.6250752885091
            ],
            [
              514.2484741103058,
              -262.80934826795385
            ]
          ]
        ]
      }
    },
    {
      "type": "Feature",
      "properties": {
        "fid": 1069,
        "code": "baja_california_peninsula",
        "name": "Baja California Peninsula",
        "capital": null,
        "culture": null,
        "civs": [],
        "provinceType": "land",
        "terrain": "semi_arid",
        "mapTypes": [],
        "resources": null,
        "religion": null,
        "population": "low",
        "centerpoint": [
          115,
          760
        ],
        "position": {
          "x": 80,
          "y": 707
        },
        "bbox": {
          "w": 78,
          "h": 135
        }
      },
      "geometry": {
        "type": "Polygon",
        "coordinates": [
          [
            [
              79.76087627383114,
              -712.8699782849485
            ],
            [
              101.11817754997129,
              -707.0857091893272
            ],
            [
              104.01031209778195,
              -715.3171690561729
            ],
            [
              104.67772776266132,
              -726.218291582536
            ],
            [
              113.35413140609326,
              -739.7890767684169
            ],
            [
              122.03053504952518,
              -748.910424188435
            ],
            [
              126.92491659197397,
              -758.2542434967463
            ],
            [
              130.92941058125024,
              -769.6003097996958
            ],
            [
              139.82828611297532,
              -785.840757645094
            ],
            [
              158.0709809530116,
              -827.4430007559085
            ],
            [
              156.29120584666657,
              -842.5710891598412
            ],
            [
              118.02604106024882,
              -807.8654745861135
            ],
            [
              117.1361535070763,
              -782.0587355441107
            ],
            [
              85.10020159286609,
              -772.2699724592132
            ],
            [
              87.76986425238363,
              -750.9126711830731
            ],
            [
              79.76087627383114,
              -712.8699782849485
            ]
          ]
        ]
      }
    },
    {
      "type": "Feature",
      "properties": {
        "fid": 1070,
        "code": "tewaipounamu ",
        "name": "Te Waipounamu  (New Zealand S.) ",
        "capital": null,
        "culture": null,
        "civs": [],
        "provinceType": "land",
        "terrain": "island",
        "mapTypes": [],
        "resources": null,
        "religion": null,
        "population": "low",
        "centerpoint": [
          3946,
          1803
        ],
        "position": {
          "x": 3884,
          "y": 1746
        },
        "bbox": {
          "w": 118,
          "h": 104
        }
      },
      "geometry": {
        "type": "Polygon",
        "coordinates": [
          [
            [
              3886.699828745808,
              -1835.685598500357
            ],
            [
              3889.369491405326,
              -1823.0047008676486
            ],
            [
              3913.17398345269,
              -1802.0923433680948
            ],
            [
              3941.205441377624,
              -1787.6316706290415
            ],
            [
              3957.890832999609,
              -1774.9507729963334
            ],
            [
              3960.7829675474195,
              -1767.6092006826602
            ],
            [
              3968.3470117493857,
              -1761.6024596987459
            ],
            [
              3971.4616181854894,
              -1751.8136966138482
            ],
            [
              3981.250381270387,
              -1746.2518994065201
            ],
            [
              3986.144762812836,
              -1749.8114496192102
            ],
            [
              3986.8121784777154,
              -1757.3754938211764
            ],
            [
              3991.484088131871,
              -1756.93055004459
            ],
            [
              3995.043638344561,
              -1752.7035841670206
            ],
            [
              4002.607682546527,
              -1754.7058311616588
            ],
            [
              4001.940266881648,
              -1773.1709978899883
            ],
            [
              3993.263863238216,
              -1782.5148171982996
            ],
            [
              3983.252628265025,
              -1790.0788614002659
            ],
            [
              3976.5784716162316,
              -1798.0878493788184
            ],
            [
              3979.2481342757487,
              -1804.9844779159055
            ],
            [
              3974.576224621593,
              -1808.9889719051816
            ],
            [
              3966.1222928664547,
              -1805.874365469078
            ],
            [
              3955.2211703400912,
              -1815.4406566656824
            ],
            [
              3951.7728560715477,
              -1828.3440261866838
            ],
            [
              3944.320047813728,
              -1837.0204298301157
            ],
            [
              3939.0919584388394,
              -1842.0260473167111
            ],
            [
              3927.74589213589,
              -1848.8114399096514
            ],
            [
              3919.1807244366046,
              -1849.8125634069706
            ],
            [
              3909.6144332400004,
              -1847.4766085798926
            ],
            [
              3903.7189282002323,
              -1849.5900915186774
            ],
            [
              3898.6020747694906,
              -1841.4698675959783
            ],
            [
              3888.9245476287397,
              -1842.1372832608577
            ],
            [
              3885.9211771367827,
              -1841.1361597635387
            ],
            [
              3885.03128958361,
              -1837.242901718409
            ],
            [
              3886.699828745808,
              -1835.685598500357
            ]
          ]
        ]
      }
    },
    {
      "type": "Feature",
      "properties": {
        "fid": 1071,
        "code": "te_ika_a_maui ",
        "name": "Te Ika-a-Maui (New Zealand N.) ",
        "capital": null,
        "culture": null,
        "civs": [],
        "provinceType": "land",
        "terrain": "island",
        "mapTypes": [],
        "resources": null,
        "religion": null,
        "population": "low",
        "centerpoint": [
          4023,
          1705
        ],
        "position": {
          "x": 3987,
          "y": 1644
        },
        "bbox": {
          "w": 85,
          "h": 125
        }
      },
      "geometry": {
        "type": "Polygon",
        "coordinates": [
          [
            [
              4014.398692626063,
              -1738.910327092847
            ],
            [
              3996.823413450906,
              -1732.2361704440532
            ],
            [
              3996.1559977860265,
              -1727.5642607898976
            ],
            [
              4000.160491775303,
              -1721.2238119735434
            ],
            [
              4008.1694797538553,
              -1719.8889806437846
            ],
            [
              4010.1717267484937,
              -1711.879992665232
            ],
            [
              4012.3964456314247,
              -1705.5395438488779
            ],
            [
              4013.1750972404507,
              -1698.1979715352047
            ],
            [
              4008.836895418735,
              -1689.8552757242126
            ],
            [
              4007.502064088976,
              -1681.2901080249273
            ],
            [
              4001.3562781748783,
              -1674.7549963063166
            ],
            [
              3992.3461666990074,
              -1662.908368254707
            ],
            [
              3990.1214478160764,
              -1654.788144332008
            ],
            [
              3987.674257044852,
              -1648.3364595715072
            ],
            [
              3991.9012229224213,
              -1644.9993812471103
            ],
            [
              3994.1259418053523,
              -1644.2207296380843
            ],
            [
              3998.6866155153616,
              -1651.3398300634644
            ],
            [
              4008.2529067119663,
              -1655.1218521644475
            ],
            [
              4014.5933555283204,
              -1661.0173572042154
            ],
            [
              4016.2618946905186,
              -1669.4712889593543
            ],
            [
              4016.484366578812,
              -1676.1454456081483
            ],
            [
              4019.265265182476,
              -1679.8162317649849
            ],
            [
              4020.488860568088,
              -1684.7106133074337
            ],
            [
              4022.8248153951663,
              -1689.9387026823222
            ],
            [
              4026.8293093844422,
              -1682.4858944245025
            ],
            [
              4031.1675112061585,
              -1681.7072428154765
            ],
            [
              4034.615825474702,
              -1685.6005008606062
            ],
            [
              4034.615825474702,
              -1698.5038703816076
            ],
            [
              4044.7382963920395,
              -1700.8398252086856
            ],
            [
              4048.1866106605826,
              -1703.7319597564963
            ],
            [
              4055.6394189184025,
              -1703.509487868203
            ],
            [
              4060.088856684265,
              -1698.2813984933146
            ],
            [
              4067.541664942085,
              -1697.8364547167282
            ],
            [
              4073.103462149413,
              -1700.8398252086856
            ],
            [
              4071.879866763801,
              -1707.847689689919
            ],
            [
              4062.5360474554896,
              -1720.7510592109206
            ],
            [
              4061.3124520698775,
              -1729.4274628543526
            ],
            [
              4053.748407867911,
              -1729.316226910206
            ],
            [
              4054.8607673093766,
              -1727.4252158597144
            ],
            [
              4047.5191949957034,
              -1727.2027439714213
            ],
            [
              4045.8506558335052,
              -1742.2195964312075
            ],
            [
              4032.9472863125034,
              -1755.901617561235
            ],
            [
              4027.607960993468,
              -1760.462291271244
            ],
            [
              4025.383242110537,
              -1765.2454368695464
            ],
            [
              4019.598973014916,
              -1768.916223026383
            ],
            [
              4009.810209930018,
              -1764.578021204667
            ],
            [
              4006.8068394380607,
              -1761.018470991977
            ],
            [
              4016.1506587463723,
              -1749.561168744881
            ],
            [
              4016.2618946905186,
              -1743.3319558726732
            ],
            [
              4014.398692626063,
              -1738.910327092847
            ]
          ]
        ]
      }
    },
    {
      "type": "Feature",
      "properties": {
        "fid": 1072,
        "code": "lutruwita",
        "name": "Lutruwita (Tasmania Isl.)",
        "capital": null,
        "culture": null,
        "civs": [],
        "provinceType": "land",
        "terrain": "island",
        "mapTypes": [],
        "resources": null,
        "religion": null,
        "population": "low",
        "centerpoint": [
          3773,
          1818
        ],
        "position": {
          "x": 3749,
          "y": 1798
        },
        "bbox": {
          "w": 53,
          "h": 55
        }
      },
      "geometry": {
        "type": "Polygon",
        "coordinates": [
          [
            [
              3749.9630444036475,
              -1806.2915002596278
            ],
            [
              3755.969785387562,
              -1797.8375685044891
            ],
            [
              3775.324839669064,
              -1806.0690283713348
            ],
            [
              3784.2237152007892,
              -1803.8443094884035
            ],
            [
              3795.3473096154457,
              -1801.3971187171792
            ],
            [
              3800.909106822774,
              -1798.7274560576616
            ],
            [
              3803.133825705705,
              -1810.5184661371973
            ],
            [
              3799.7967473813083,
              -1826.3139702060096
            ],
            [
              3791.7877594027555,
              -1844.556665046046
            ],
            [
              3770.8754019032017,
              -1853.0105968011849
            ],
            [
              3760.8641669300105,
              -1846.1139682640978
            ],
            [
              3757.0821448290276,
              -1831.4308236367515
            ],
            [
              3755.5248416109757,
              -1821.8645324401468
            ],
            [
              3751.2978757334063,
              -1812.5207131318355
            ],
            [
              3749.9630444036475,
              -1806.2915002596278
            ]
          ]
        ]
      }
    },
    {
      "type": "Feature",
      "properties": {
        "fid": 1073,
        "code": "kanaky",
        "name": "Kanaky (New Caledonia)",
        "capital": null,
        "culture": null,
        "civs": [],
        "provinceType": "land",
        "terrain": "island",
        "mapTypes": [],
        "resources": null,
        "religion": null,
        "population": "low",
        "centerpoint": [
          4072,
          1482
        ],
        "position": {
          "x": 4054,
          "y": 1463
        },
        "bbox": {
          "w": 41,
          "h": 43
        }
      },
      "geometry": {
        "type": "Polygon",
        "coordinates": [
          [
            [
              4055.0832391976737,
              -1462.683668790891
            ],
            [
              4066.87424927721,
              -1466.9106346684605
            ],
            [
              4088.8989662182294,
              -1485.5982732850835
            ],
            [
              4096.463010420196,
              -1493.3847893753427
            ],
            [
              4095.5731228670234,
              -1505.3982713431717
            ],
            [
              4074.883237255762,
              -1496.9443395880328
            ],
            [
              4064.2045866176923,
              -1485.3758013967902
            ],
            [
              4055.5281829742603,
              -1475.1420945353063
            ],
            [
              4055.0832391976737,
              -1462.683668790891
            ]
          ]
        ]
      }
    },
    {
      "type": "Feature",
      "properties": {
        "fid": 1074,
        "code": "kalaallit_nunaat",
        "name": "Kalaallit Nunaat (Greenland)",
        "capital": null,
        "culture": null,
        "civs": [],
        "provinceType": "land",
        "terrain": "trunda",
        "mapTypes": [],
        "resources": null,
        "religion": null,
        "population": "low",
        "centerpoint": [
          987,
          180
        ],
        "position": {
          "x": 873,
          "y": 59
        },
        "bbox": {
          "w": 303,
          "h": 248
        }
      },
      "geometry": {
        "type": "Polygon",
        "coordinates": [
          [
            [
              885.3037747971728,
              -124.96020448430804
            ],
            [
              924.4588271367634,
              -129.85458602675686
            ],
            [
              915.5599516050382,
              -201.9354778337306
            ],
            [
              920.4543331474871,
              -243.31524905625253
            ],
            [
              949.8206224021801,
              -258.44333746018526
            ],
            [
              970.288036125148,
              -213.05907224838703
            ],
            [
              1002.7689318159447,
              -183.24783921710775
            ],
            [
              1042.3689279321216,
              -167.67480703658876
            ],
            [
              1059.2767914423994,
              -151.65683107948348
            ],
            [
              1073.959936069746,
              -131.18941735651563
            ],
            [
              1102.4363377712662,
              -83.13548948519978
            ],
            [
              1136.6970085684081,
              -58.663581772955624
            ],
            [
              1175.4071171314124,
              -64.44785086857698
            ],
            [
              1159.3891411743075,
              -70.6770637407846
            ],
            [
              1158.9441973977212,
              -79.35346738421663
            ],
            [
              1143.148693328909,
              -81.35571437885477
            ],
            [
              1152.4925126372204,
              -83.8029051500792
            ],
            [
              1148.488018647944,
              -91.81189312863182
            ],
            [
              1131.3576832493732,
              -93.59166823497685
            ],
            [
              1140.0340868928051,
              -97.37369033596002
            ],
            [
              1136.9194804567014,
              -113.83661006965153
            ],
            [
              1132.2475708025459,
              -118.2860478355141
            ],
            [
              1137.809368009874,
              -128.519754696998
            ],
            [
              1133.3599302440114,
              -146.76244953703454
            ],
            [
              1124.9059984888727,
              -144.53773065410326
            ],
            [
              1128.6880205898558,
              -149.20964030825894
            ],
            [
              1108.6655506434743,
              -162.1130098292604
            ],
            [
              1101.5464502180942,
              -169.89952591951987
            ],
            [
              1062.8363416550897,
              -177.46357012148627
            ],
            [
              1048.1531970277435,
              -185.91750187662512
            ],
            [
              1029.9105021877072,
              -209.49952203569674
            ],
            [
              1011.2228635710843,
              -213.50401602497305
            ],
            [
              994.9824157256859,
              -218.17592567912874
            ],
            [
              989.4206185183577,
              -227.9646887640264
            ],
            [
              984.0812931993224,
              -242.64783339137287
            ],
            [
              972.0678112314936,
              -260.8905282314094
            ],
            [
              965.6161264709928,
              -259.1107531250644
            ],
            [
              968.5082610188035,
              -267.7871567684964
            ],
            [
              953.825116391457,
              -306.4972653315007
            ],
            [
              942.7015219768006,
              -306.942209108087
            ],
            [
              933.3577026684892,
              -298.9332211295344
            ],
            [
              928.2408492377472,
              -292.0365925924474
            ],
            [
              916.2273672699183,
              -290.25681748610236
            ],
            [
              910.8880419508833,
              -292.8152442014734
            ],
            [
              897.3172567650025,
              -272.57030236679867
            ],
            [
              891.6442236135277,
              -257.44221396286594
            ],
            [
              889.7532125630362,
              -244.53884444186446
            ],
            [
              885.4150107413201,
              -237.6422159047775
            ],
            [
              886.6386061269322,
              -222.40289155669822
            ],
            [
              883.8577075232681,
              -217.8422178466891
            ],
            [
              879.9644494781384,
              -211.94671280692117
            ],
            [
              877.0723149303277,
              -206.71862343203267
            ],
            [
              876.1824273771551,
              -199.37705111835942
            ],
            [
              879.6307416456987,
              -193.70401796688466
            ],
            [
              876.738607097888,
              -189.03210831272895
            ],
            [
              882.634112137656,
              -175.01637935026184
            ],
            [
              888.0846734008377,
              -167.56357109244206
            ],
            [
              892.8678189991399,
              -159.9995268904757
            ],
            [
              897.6509645974421,
              -158.66469556071692
            ],
            [
              886.972313959372,
              -155.99503290119938
            ],
            [
              882.8565840259491,
              -155.21638129217342
            ],
            [
              879.7419775898453,
              -153.7703140182681
            ],
            [
              872.5116412203187,
              -148.430988699233
            ],
            [
              878.4349552461233,
              -132.85795651871405
            ],
            [
              880.2147303524682,
              -126.40627175821334
            ],
            [
              884.107988397598,
              -122.73548560137671
            ],
            [
              885.3037747971728,
              -124.96020448430804
            ]
          ]
        ]
      }
    },
    {
      "type": "Feature",
      "properties": {
        "fid": 1075,
        "code": "noongar",
        "name": "Noongar (p. Australia)",
        "capital": null,
        "culture": null,
        "civs": [],
        "provinceType": "land",
        "terrain": "desert",
        "mapTypes": [],
        "resources": null,
        "religion": null,
        "population": "medium",
        "centerpoint": [
          3420,
          1562
        ],
        "position": {
          "x": 3317,
          "y": 1401
        },
        "bbox": {
          "w": 221,
          "h": 308
        }
      },
      "geometry": {
        "type": "Polygon",
        "coordinates": [
          [
            [
              3474.7769133966153,
              -1418.615778685733
            ],
            [
              3493.5167401640183,
              -1473.1316383727242
            ],
            [
              3507.7135786241724,
              -1483.9212356024414
            ],
            [
              3519.0710493922957,
              -1595.2244491300482
            ],
            [
              3530.996393698825,
              -1619.075137743107
            ],
            [
              3538.946623236511,
              -1649.7403088170395
            ],
            [
              3531.8482040064346,
              -1648.3206249710238
            ],
            [
              3521.6264803151234,
              -1654.709202278093
            ],
            [
              3501.6089380863064,
              -1655.8449493549053
            ],
            [
              3487.838004779957,
              -1661.3817163543654
            ],
            [
              3469.524083166358,
              -1670.467692968864
            ],
            [
              3467.394557397335,
              -1682.2510688907919
            ],
            [
              3455.469213090806,
              -1684.948468198222
            ],
            [
              3419.6931801712176,
              -1685.5163417366282
            ],
            [
              3410.039330018313,
              -1687.7878358902528
            ],
            [
              3385.6207678668484,
              -1706.527662657656
            ],
            [
              3358.3628380233527,
              -1708.2312832728746
            ],
            [
              3331.104908179857,
              -1687.2199623518468
            ],
            [
              3335.0800229487,
              -1674.158870968505
            ],
            [
              3347.0053672552294,
              -1666.2086414308187
            ],
            [
              3352.116229100885,
              -1642.35795281776
            ],
            [
              3319.1795638733274,
              -1562.2877839024914
            ],
            [
              3318.043816796515,
              -1544.1158306734942
            ],
            [
              3327.1297934110135,
              -1545.8194512887126
            ],
            [
              3322.586805103764,
              -1520.8330155988415
            ],
            [
              3321.451058026952,
              -1502.0931888314383
            ],
            [
              3331.6727817182627,
              -1482.7854885256288
            ],
            [
              3342.46237894798,
              -1479.9461208335983
            ],
            [
              3369.1524352530696,
              -1465.7492823734442
            ],
            [
              3380.509906021193,
              -1460.0705469893826
            ],
            [
              3386.188641405254,
              -1465.1814088350382
            ],
            [
              3404.3605946342514,
              -1452.6881909901026
            ],
            [
              3424.804042016873,
              -1450.416696836478
            ],
            [
              3444.6796158610887,
              -1432.2447436074808
            ],
            [
              3449.7904777067442,
              -1420.3193993009515
            ],
            [
              3457.7407072444303,
              -1407.826181456016
            ],
            [
              3469.0981780125535,
              -1400.4438254567358
            ],
            [
              3474.7769133966153,
              -1418.615778685733
            ]
          ]
        ]
      }
    },
    {
      "type": "Feature",
      "properties": {
        "fid": 1076,
        "code": "arrernte",
        "name": "Arrernte (p. Australia)",
        "capital": null,
        "culture": null,
        "civs": [],
        "provinceType": "land",
        "terrain": "semi_arid",
        "mapTypes": [],
        "resources": null,
        "religion": null,
        "population": "low",
        "centerpoint": [
          3623,
          1606
        ],
        "position": {
          "x": 3507,
          "y": 1459
        },
        "bbox": {
          "w": 212,
          "h": 264
        }
      },
      "geometry": {
        "type": "Polygon",
        "coordinates": [
          [
            [
              3514.5280610850446,
              -1482.3595833718243
            ],
            [
              3527.5891524683866,
              -1467.026997834858
            ],
            [
              3540.650243851728,
              -1473.841480295732
            ],
            [
              3566.7724266184114,
              -1461.3482624507965
            ],
            [
              3586.364063693424,
              -1461.9161359892025
            ],
            [
              3597.153660923141,
              -1458.7928315279687
            ],
            [
              3604.2520801532182,
              -1460.496452143187
            ],
            [
              3624.6955275358396,
              -1466.4591242964518
            ],
            [
              3648.2622793796954,
              -1465.0394404504364
            ],
            [
              3672.6808415311602,
              -1475.2611641417473
            ],
            [
              3694.2600359905946,
              -1497.6921689087906
            ],
            [
              3713.5677362964043,
              -1494.5688644475565
            ],
            [
              3715.555293680826,
              -1502.5190939852428
            ],
            [
              3708.1729376815456,
              -1513.0247544457568
            ],
            [
              3712.1480524503886,
              -1535.7396959820032
            ],
            [
              3719.530408449669,
              -1544.5417358272987
            ],
            [
              3713.8516730656074,
              -1555.0473962878125
            ],
            [
              3704.4817596819057,
              -1559.5903845950618
            ],
            [
              3695.111846298204,
              -1571.7996656707942
            ],
            [
              3684.8901226068933,
              -1587.9840615153698
            ],
            [
              3681.482881376456,
              -1608.9953824363977
            ],
            [
              3676.6559563000033,
              -1617.229548743287
            ],
            [
              3684.322249068486,
              -1636.2533122798934
            ],
            [
              3678.6435136844266,
              -1651.869834586063
            ],
            [
              3684.322249068488,
              -1692.1888558129003
            ],
            [
              3676.9398930692078,
              -1712.6323031955221
            ],
            [
              3667.3570271086037,
              -1716.820370541267
            ],
            [
              3649.327042264208,
              -1723.2089478483363
            ],
            [
              3639.6731921113037,
              -1721.5053272331177
            ],
            [
              3649.1850738796065,
              -1714.4069080030406
            ],
            [
              3650.746726110224,
              -1713.8390344646346
            ],
            [
              3649.6109790334112,
              -1709.72195131119
            ],
            [
              3644.216180418553,
              -1708.0183306959714
            ],
            [
              3645.351927495365,
              -1699.9261327736835
            ],
            [
              3655.4316828020746,
              -1686.5811046211388
            ],
            [
              3646.629642956779,
              -1685.8712626981312
            ],
            [
              3632.716741265828,
              -1705.4628997731436
            ],
            [
              3624.0566698051343,
              -1707.7343939267682
            ],
            [
              3616.674313805854,
              -1695.0992076972311
            ],
            [
              3618.519902805674,
              -1685.0194523905218
            ],
            [
              3608.724084268168,
              -1674.9396970838125
            ],
            [
              3605.0329062685278,
              -1668.1252146229385
            ],
            [
              3605.7427481915356,
              -1661.1687637774633
            ],
            [
              3600.205981192076,
              -1655.6319967780032
            ],
            [
              3595.237087731022,
              -1659.4651431622449
            ],
            [
              3590.4101626545694,
              -1654.3542813165895
            ],
            [
              3585.4412691935154,
              -1653.2185342397772
            ],
            [
              3578.2008815788367,
              -1652.2247555475665
            ],
            [
              3573.9418300407906,
              -1648.1076723941217
            ],
            [
              3566.985379195315,
              -1646.1201150097002
            ],
            [
              3559.035149657629,
              -1646.2620833943017
            ],
            [
              3547.3937421203027,
              -1648.1076723941217
            ],
            [
              3540.7212280440303,
              -1648.5335775479264
            ],
            [
              3538.8756390442104,
              -1649.8112930093403
            ],
            [
              3531.2093462757266,
              -1619.35907451231
            ],
            [
              3519.000065199994,
              -1595.082480745447
            ],
            [
              3507.9265312010734,
              -1484.0632039870425
            ],
            [
              3514.5280610850446,
              -1482.3595833718243
            ]
          ]
        ]
      }
    },
    {
      "type": "Feature",
      "properties": {
        "fid": 1077,
        "code": "yolngu",
        "name": "Yolngu",
        "capital": null,
        "culture": null,
        "civs": [],
        "provinceType": "land",
        "terrain": "tropical_florest",
        "mapTypes": [],
        "resources": null,
        "religion": null,
        "population": "medium",
        "centerpoint": [
          3588,
          1389
        ],
        "position": {
          "x": 3472,
          "y": 1325
        },
        "bbox": {
          "w": 261,
          "h": 174
        }
      },
      "geometry": {
        "type": "Polygon",
        "coordinates": [
          [
            [
              3476.480534011833,
              -1414.4986955322877
            ],
            [
              3477.616281088645,
              -1409.3878336866323
            ],
            [
              3472.7893560121925,
              -1403.7090983025707
            ],
            [
              3475.6287237042234,
              -1398.3142996877123
            ],
            [
              3483.57895324191,
              -1402.2894144565553
            ],
            [
              3490.9613092411896,
              -1400.3018570721338
            ],
            [
              3488.121941549159,
              -1393.4873746112598
            ],
            [
              3488.405878318362,
              -1387.8086392271982
            ],
            [
              3494.0846137024237,
              -1385.2532083043704
            ],
            [
              3497.7757917020635,
              -1386.3889553811828
            ],
            [
              3497.2079181636577,
              -1378.1547890742936
            ],
            [
              3502.318780009313,
              -1372.476053690232
            ],
            [
              3510.5529463162025,
              -1372.1921169210289
            ],
            [
              3512.540503700624,
              -1367.6491286137796
            ],
            [
              3521.3425435459194,
              -1365.661571229358
            ],
            [
              3522.7622273919346,
              -1366.229444767764
            ],
            [
              3528.724899545199,
              -1363.1061403065303
            ],
            [
              3535.823318775276,
              -1364.8097609217489
            ],
            [
              3547.1807895433994,
              -1377.0190419974813
            ],
            [
              3549.452283697024,
              -1380.9941567663243
            ],
            [
              3555.982829388695,
              -1375.883294920669
            ],
            [
              3560.8097544651473,
              -1377.3029787666842
            ],
            [
              3568.1921104644275,
              -1380.142346458715
            ],
            [
              3564.500932464787,
              -1375.5993581514658
            ],
            [
              3564.2169956955845,
              -1372.1921169210289
            ],
            [
              3567.340300156818,
              -1366.5133815369672
            ],
            [
              3573.5869090792858,
              -1359.4149623068902
            ],
            [
              3580.685328309363,
              -1352.3165430768133
            ],
            [
              3607.0914478452496,
              -1340.3911987702838
            ],
            [
              3616.7452979981545,
              -1340.3911987702838
            ],
            [
              3605.103890460828,
              -1332.1570324633947
            ],
            [
              3589.771304923862,
              -1339.5393884626747
            ],
            [
              3577.278087078926,
              -1337.8357678474563
            ],
            [
              3579.833518001754,
              -1330.169475078973
            ],
            [
              3591.190988769877,
              -1327.3301073869422
            ],
            [
              3603.6842066148124,
              -1329.601601540567
            ],
            [
              3611.918372921702,
              -1324.4907396949116
            ],
            [
              3617.8810450749666,
              -1325.3425500025207
            ],
            [
              3619.0167921517786,
              -1328.7497912329577
            ],
            [
              3628.6706423046835,
              -1331.5891589249884
            ],
            [
              3653.6570779945546,
              -1337.5518310782531
            ],
            [
              3665.014548762678,
              -1337.26789430905
            ],
            [
              3671.8290312235517,
              -1335.5642736938316
            ],
            [
              3683.754375530081,
              -1341.5269458470962
            ],
            [
              3690.000984452549,
              -1347.489618000361
            ],
            [
              3676.372019530801,
              -1362.8222035373271
            ],
            [
              3670.1254106083334,
              -1368.784875690592
            ],
            [
              3685.4579961452996,
              -1367.3651918445764
            ],
            [
              3684.8901226068933,
              -1374.7475478438564
            ],
            [
              3670.9772209159423,
              -1374.7475478438564
            ],
            [
              3671.5450944543486,
              -1370.4884963058103
            ],
            [
              3664.1627384550684,
              -1380.7102199971212
            ],
            [
              3668.989663531521,
              -1388.9443863040105
            ],
            [
              3712.999862757998,
              -1413.3629484554754
            ],
            [
              3720.382218757278,
              -1400.0179203029306
            ],
            [
              3722.937649680106,
              -1411.3753910710539
            ],
            [
              3719.246471680466,
              -1416.7701896859123
            ],
            [
              3727.764574756558,
              -1425.2882927620049
            ],
            [
              3733.7627390059793,
              -1424.8268955120498
            ],
            [
              3713.5677362964057,
              -1495.278706370564
            ],
            [
              3694.402004375198,
              -1498.2600424471962
            ],
            [
              3672.254936377358,
              -1475.9710060647544
            ],
            [
              3648.120310995096,
              -1465.891250758045
            ],
            [
              3624.6245433435424,
              -1466.6720768733537
            ],
            [
              3597.5085818846483,
              -1459.0057841048704
            ],
            [
              3585.512253385817,
              -1463.0518830660146
            ],
            [
              3567.1983317722184,
              -1462.7679462968115
            ],
            [
              3540.508275467129,
              -1474.2673854495363
            ],
            [
              3527.589152468389,
              -1467.594871373264
            ],
            [
              3514.6700294696484,
              -1483.6372988332378
            ],
            [
              3507.7135786241734,
              -1485.0569826792532
            ],
            [
              3493.374771779418,
              -1473.8414802957313
            ],
            [
              3473.1797690698486,
              -1414.9246006860924
            ],
            [
              3476.480534011833,
              -1414.4986955322877
            ]
          ]
        ]
      }
    },
    {
      "type": "Feature",
      "properties": {
        "fid": 1079,
        "code": "kulin",
        "name": "Kulin",
        "capital": null,
        "culture": null,
        "civs": [],
        "provinceType": "land",
        "terrain": "temperate_forest",
        "mapTypes": [],
        "resources": null,
        "religion": null,
        "population": "medium",
        "centerpoint": [
          3782,
          1683
        ],
        "position": {
          "x": 3676,
          "y": 1557
        },
        "bbox": {
          "w": 237,
          "h": 221
        }
      },
      "geometry": {
        "type": "Polygon",
        "coordinates": [
          [
            [
              3713.8161809694575,
              -1557.7093034990921
            ],
            [
              3867.7099098775266,
              -1574.745509651277
            ],
            [
              3911.436172334801,
              -1586.1029804194002
            ],
            [
              3914.2755400268315,
              -1606.5464278020218
            ],
            [
              3908.028931104364,
              -1619.6075191853636
            ],
            [
              3905.473500181536,
              -1632.384673799502
            ],
            [
              3903.4859427971146,
              -1643.7421445676252
            ],
            [
              3901.21444864349,
              -1654.8156785665453
            ],
            [
              3895.2517764902254,
              -1664.753465488653
            ],
            [
              3886.44973664493,
              -1677.2466833335886
            ],
            [
              3878.7834438764467,
              -1684.0611657944626
            ],
            [
              3866.006289262308,
              -1722.9605031752844
            ],
            [
              3852.9451978789666,
              -1740.8485196350784
            ],
            [
              3840.4519800340313,
              -1754.1935477876232
            ],
            [
              3827.1069518814866,
              -1759.3044096332785
            ],
            [
              3804.6759471144433,
              -1766.9707024017616
            ],
            [
              3791.8987925003044,
              -1775.204868708651
            ],
            [
              3778.8377011169628,
              -1778.0442364006817
            ],
            [
              3768.8999141948552,
              -1772.3655010166203
            ],
            [
              3763.5051155799965,
              -1768.9582597861834
            ],
            [
              3752.9994551194827,
              -1772.0815642474172
            ],
            [
              3736.247185736501,
              -1775.772742247057
            ],
            [
              3722.618220814753,
              -1773.7851848626356
            ],
            [
              3700.18721604771,
              -1763.5634611713247
            ],
            [
              3689.397618817993,
              -1753.0578007108106
            ],
            [
              3679.7437686650883,
              -1736.8734048662352
            ],
            [
              3683.7188834339313,
              -1724.0962502520965
            ],
            [
              3678.04014804987,
              -1711.8869691763641
            ],
            [
              3685.7064408183523,
              -1691.727458562945
            ],
            [
              3678.6080215882753,
              -1649.4208799516862
            ],
            [
              3683.718883433931,
              -1635.2240414915323
            ],
            [
              3676.904400973057,
              -1613.9287838013013
            ],
            [
              3684.5706937415407,
              -1586.3869171886026
            ],
            [
              3704.7302043549594,
              -1557.4253667298885
            ],
            [
              3708.705319123803,
              -1557.8512718836928
            ],
            [
              3713.8161809694575,
              -1557.7093034990921
            ]
          ]
        ]
      }
    },
    {
      "type": "Feature",
      "properties": {
        "fid": 1078,
        "code": "eora",
        "name": "Eora",
        "capital": null,
        "culture": null,
        "civs": [],
        "provinceType": "land",
        "terrain": "tropical_forest",
        "mapTypes": [],
        "resources": null,
        "religion": null,
        "population": "medium",
        "centerpoint": [
          3796,
          1446
        ],
        "position": {
          "x": 3707,
          "y": 1325
        },
        "bbox": {
          "w": 205,
          "h": 263
        }
      },
      "geometry": {
        "type": "Polygon",
        "coordinates": [
          [
            [
              3733.8692152944263,
              -1424.7914034159003
            ],
            [
              3738.1992510247733,
              -1421.455146377764
            ],
            [
              3737.986298447871,
              -1413.5049168400778
            ],
            [
              3743.097160293526,
              -1405.9805924561965
            ],
            [
              3745.29767025485,
              -1402.5733512257596
            ],
            [
              3747.214243446971,
              -1392.9195010728547
            ],
            [
              3747.214243446971,
              -1370.0625911520071
            ],
            [
              3750.9764056389117,
              -1358.1372468454774
            ],
            [
              3750.621484677408,
              -1350.1160331154906
            ],
            [
              3758.1458090612896,
              -1339.0424991165705
            ],
            [
              3762.9727341377416,
              -1325.7684551563266
            ],
            [
              3767.0188330988854,
              -1324.7746764641158
            ],
            [
              3772.555600098345,
              -1330.3824276558769
            ],
            [
              3774.8270942519703,
              -1347.8445389618657
            ],
            [
              3781.4996083282426,
              -1357.0724839609659
            ],
            [
              3782.493387020453,
              -1365.5905870370582
            ],
            [
              3782.493387020453,
              -1376.522152651377
            ],
            [
              3789.8757430197334,
              -1377.9418364973922
            ],
            [
              3796.2643203268026,
              -1374.8185320361583
            ],
            [
              3801.375182172458,
              -1379.6454571126108
            ],
            [
              3806.628012402715,
              -1385.6081292658753
            ],
            [
              3809.0414749409415,
              -1409.8847230327385
            ],
            [
              3815.004147094206,
              -1416.273300339808
            ],
            [
              3817.7015464016354,
              -1425.501245338908
            ],
            [
              3817.843514786237,
              -1442.1115463372882
            ],
            [
              3831.3305113233832,
              -1450.2037442595758
            ],
            [
              3848.366717475568,
              -1460.8513731046914
            ],
            [
              3856.742852167059,
              -1464.5425511043313
            ],
            [
              3857.8785992438725,
              -1480.1590734105012
            ],
            [
              3865.9707971661605,
              -1487.683397794383
            ],
            [
              3862.137650781919,
              -1491.942449332429
            ],
            [
              3881.7292878569315,
              -1497.0533111780844
            ],
            [
              3884.568655548962,
              -1510.6822760998323
            ],
            [
              3892.2349483174453,
              -1522.46565202176
            ],
            [
              3903.8763558547716,
              -1536.8044588665157
            ],
            [
              3907.4255654698113,
              -1545.1805935580066
            ],
            [
              3912.8203640846696,
              -1563.6364835562067
            ],
            [
              3912.5364273154664,
              -1578.68513232397
            ],
            [
              3911.6846170078575,
              -1587.4871721692655
            ],
            [
              3867.958354550583,
              -1575.1359227089317
            ],
            [
              3707.9599851046482,
              -1558.0997165567464
            ],
            [
              3713.567736296409,
              -1554.7634595186103
            ],
            [
              3719.3884400650722,
              -1544.8966567888033
            ],
            [
              3712.077068258093,
              -1536.0946169435078
            ],
            [
              3708.243921873851,
              -1513.4506595995624
            ],
            [
              3715.342341103928,
              -1502.377125600642
            ],
            [
              3713.3547837195065,
              -1494.0009909091514
            ],
            [
              3733.8692152944263,
              -1424.7914034159003
            ]
          ]
        ]
      }
    },
    {
      "type": "Feature",
      "properties": {
        "fid": 1080,
        "code": "polinesia",
        "name": "Polinesia",
        "capital": null,
        "culture": null,
        "civs": [],
        "provinceType": "land",
        "terrain": "island",
        "mapTypes": [],
        "resources": null,
        "religion": null,
        "population": "medium",
        "centerpoint": [
          3998,
          983
        ],
        "position": {
          "x": 3898,
          "y": 883
        },
        "bbox": {
          "w": 196,
          "h": 274
        }
      },
      "geometry": {
        "type": "Polygon",
        "coordinates": [
          [
            [
              3898.6082926567037,
              -883.2522447506415
            ],
            [
              3934.1230793592804,
              -911.5026432640545
            ],
            [
              3968.8307118186162,
              -930.8743451018236
            ],
            [
              4009.188423980635,
              -932.4886535883044
            ],
            [
              4057.6176785750577,
              -959.1247436152368
            ],
            [
              4089.9038483046725,
              -974.4606742368038
            ],
            [
              4094.7467737641146,
              -1105.2196616417446
            ],
            [
              4044.7032106832116,
              -1156.8775332091286
            ],
            [
              4057.6176785750577,
              -1118.941283776831
            ],
            [
              4072.1464549533844,
              -1081.0050343445332
            ],
            [
              4068.917837980423,
              -1034.997242479832
            ],
            [
              4054.3890616020963,
              -998.675301534015
            ],
            [
              3985.7809509266644,
              -964.7748233179193
            ],
            [
              3930.8944623863185,
              -950.2460469395926
            ],
            [
              3909.908452062069,
              -923.6099569126602
            ],
            [
              3899.415446899944,
              -894.5524041560067
            ],
            [
              3898.6082926567037,
              -883.2522447506415
            ]
          ]
        ]
      }
    },
    {
      "type": "Feature",
      "properties": {
        "fid": 1081,
        "code": "hawaii",
        "name": "Hawaii",
        "capital": null,
        "culture": null,
        "civs": [],
        "provinceType": "land",
        "terrain": "island",
        "mapTypes": [],
        "resources": null,
        "religion": null,
        "population": "medium",
        "centerpoint": [
          4062,
          711
        ],
        "position": {
          "x": 4035,
          "y": 698
        },
        "bbox": {
          "w": 59,
          "h": 38
        }
      },
      "geometry": {
        "type": "Polygon",
        "coordinates": [
          [
            [
              4036.0615354916863,
              -702.9036041340092
            ],
            [
              4038.9442292175445,
              -700.7987801436999
            ],
            [
              4040.1796693857696,
              -701.4393787494462
            ],
            [
              4040.7745109482485,
              -699.2887977158692
            ],
            [
              4044.892644842332,
              -697.7788152880386
            ],
            [
              4048.278666044134,
              -699.3803118024044
            ],
            [
              4047.729581524923,
              -701.7139210090518
            ],
            [
              4050.3834900344436,
              -701.8969491821222
            ],
            [
              4053.723754192978,
              -699.1057695427988
            ],
            [
              4059.123085298554,
              -702.1714914417277
            ],
            [
              4060.907609985991,
              -706.6556816819519
            ],
            [
              4064.019088928187,
              -705.0084281243186
            ],
            [
              4069.692962293369,
              -705.6490267300649
            ],
            [
              4073.3077687115087,
              -707.9368788934446
            ],
            [
              4074.8177511393396,
              -710.6365444462327
            ],
            [
              4084.747029528408,
              -715.1207346864571
            ],
            [
              4087.950022557139,
              -719.4676537968787
            ],
            [
              4092.617240970434,
              -723.6315447342298
            ],
            [
              4094.6305508742075,
              -727.8869497581161
            ],
            [
              4082.0931210188864,
              -735.9859464164805
            ],
            [
              4078.5698286872816,
              -728.5733054071301
            ],
            [
              4077.9749871248027,
              -725.2787982918633
            ],
            [
              4077.837715995,
              -721.1149073545121
            ],
            [
              4079.3019413795632,
              -719.1931115372731
            ],
            [
              4079.6679977257036,
              -717.042530503696
            ],
            [
              4074.3144236633952,
              -717.042530503696
            ],
            [
              4071.614758110607,
              -717.0882875469636
            ],
            [
              4070.1047756827766,
              -715.8528473787385
            ],
            [
              4071.5232440240716,
              -713.5192381720911
            ],
            [
              4068.9150925578188,
              -714.5716501672458
            ],
            [
              4065.940884745425,
              -714.0225656480346
            ],
            [
              4064.3393882310593,
              -711.048357835641
            ],
            [
              4065.3460431829467,
              -709.7214035808807
            ],
            [
              4060.587310683117,
              -709.9959458404863
            ],
            [
              4058.5740007793424,
              -708.5774774991908
            ],
            [
              4055.233736620808,
              -709.2638331482048
            ],
            [
              4052.854370370893,
              -707.5250655040361
            ],
            [
              4051.252873856527,
              -705.054185167586
            ],
            [
              4045.9450568374864,
              -704.7338858647129
            ],
            [
              4035.8327502753477,
              -705.0999422108536
            ],
            [
              4036.0615354916863,
              -702.9036041340092
            ]
          ]
        ]
      }
    },
    {
      "type": "Feature",
      "properties": {
        "fid": 1082,
        "code": "wa",
        "name": "Wa (Yamatai)",
        "capital": null,
        "culture": null,
        "civs": [
          "han"
        ],
        "provinceType": "land",
        "terrain": "temperate_forest",
        "mapTypes": [],
        "resources": null,
        "religion": null,
        "population": "medium",
        "centerpoint": [
          3848,
          580
        ],
        "position": {
          "x": 3775,
          "y": 510
        },
        "bbox": {
          "w": 167,
          "h": 120
        }
      },
      "geometry": {
        "type": "Polygon",
        "coordinates": [
          [
            [
              3795.69071250308,
              -601.0781842144906
            ],
            [
              3793.460676693385,
              -598.323434096632
            ],
            [
              3786.7705692643,
              -600.9470056374497
            ],
            [
              3780.0804618352145,
              -598.5857912507138
            ],
            [
              3775.7515687928653,
              -595.4375054017326
            ],
            [
              3776.8009974091924,
              -589.2721122808109
            ],
            [
              3785.4587834938907,
              -586.1238264318296
            ],
            [
              3797.9207483127752,
              -569.8576828787598
            ],
            [
              3804.742034318901,
              -560.0192896006934
            ],
            [
              3814.055713288804,
              -558.0516109450801
            ],
            [
              3822.4511422194205,
              -560.1504681777343
            ],
            [
              3829.4036068025875,
              -555.9527537124259
            ],
            [
              3836.6184285398363,
              -555.1656822501806
            ],
            [
              3845.1450360474937,
              -551.0991463619131
            ],
            [
              3850.1298219750474,
              -549.3938248603816
            ],
            [
              3851.441607745456,
              -555.4280394042623
            ],
            [
              3857.344643712296,
              -554.772146519058
            ],
            [
              3855.9016793648466,
              -545.4584675491551
            ],
            [
              3860.099393830155,
              -538.506002965988
            ],
            [
              3867.4453941444444,
              -532.3406098450664
            ],
            [
              3867.9701084526077,
              -524.4698952226133
            ],
            [
              3865.608894065872,
              -518.5668592557735
            ],
            [
              3870.856037147508,
              -512.7950018659743
            ],
            [
              3880.300894694452,
              -509.77789459403397
            ],
            [
              3877.546144576593,
              -522.1086808358773
            ],
            [
              3879.776180386288,
              -525.7816809930221
            ],
            [
              3883.05564481231,
              -521.9775022588364
            ],
            [
              3938.6753614776458,
              -525.2569666848585
            ],
            [
              3936.1829685138687,
              -536.8006814644567
            ],
            [
              3935.0023613205008,
              -539.817788736397
            ],
            [
              3942.4795402118316,
              -545.7208247032369
            ],
            [
              3941.954825903668,
              -553.9850750568128
            ],
            [
              3936.051789936828,
              -557.9204323680393
            ],
            [
              3935.5270756286645,
              -565.0040755282471
            ],
            [
              3929.0993253536612,
              -568.0211828001875
            ],
            [
              3921.7533250393712,
              -566.7093970297786
            ],
            [
              3918.080324882227,
              -567.496468492024
            ],
            [
              3917.162074842941,
              -574.3177544981501
            ],
            [
              3913.7514318398776,
              -577.4660403471313
            ],
            [
              3908.897824489365,
              -576.2854331537634
            ],
            [
              3907.586038718956,
              -572.7436115736595
            ],
            [
              3903.7818599847706,
              -576.2854331537634
            ],
            [
              3901.1582884439526,
              -579.0401832716219
            ],
            [
              3893.812288129663,
              -578.3842903864175
            ],
            [
              3886.4662878153736,
              -579.5648975797855
            ],
            [
              3881.6126804648607,
              -580.0896118879491
            ],
            [
              3880.8256090026152,
              -588.222683664484
            ],
            [
              3874.397858727612,
              -590.8462552053016
            ],
            [
              3871.3807514556715,
              -594.7816125165282
            ],
            [
              3870.4625014163853,
              -599.2416841359184
            ],
            [
              3868.2324656066903,
              -601.3405413685725
            ],
            [
              3866.264786951077,
              -607.5059344894942
            ],
            [
              3859.574679521992,
              -608.5553631058212
            ],
            [
              3854.0651792862745,
              -603.9641129093902
            ],
            [
              3849.8674648209662,
              -598.0610769425504
            ],
            [
              3847.768607588312,
              -597.1428269032642
            ],
            [
              3845.669750355658,
              -601.6028985226543
            ],
            [
              3842.7838216607583,
              -604.8823629486765
            ],
            [
              3838.979642926572,
              -615.3766491119471
            ],
            [
              3830.321856841874,
              -614.0648633415383
            ],
            [
              3827.698285301056,
              -610.3918631843934
            ],
            [
              3822.713499373502,
              -612.2283632629658
            ],
            [
              3816.9416419837034,
              -623.2473637344002
            ],
            [
              3817.9910706000305,
              -628.4945068160357
            ],
            [
              3809.8579988234956,
              -630.0686497405263
            ],
            [
              3805.922641512269,
              -625.6085781211362
            ],
            [
              3802.7743556632877,
              -620.3614350395007
            ],
            [
              3803.8237842796148,
              -616.9507920364377
            ],
            [
              3798.838998352061,
              -611.4412918007205
            ],
            [
              3801.7249270469606,
              -606.9812201813304
            ],
            [
              3807.2344272826776,
              -604.6200057945945
            ],
            [
              3807.2344272826776,
              -597.5363626343866
            ],
            [
              3813.793356134722,
              -595.6998625558142
            ],
            [
              3820.87699929493,
              -596.2245768639777
            ],
            [
              3824.287642297993,
              -592.0268623986694
            ],
            [
              3827.1735709928926,
              -587.0420764711157
            ],
            [
              3833.470142690855,
              -582.5820048517256
            ],
            [
              3839.242000080654,
              -586.2550050088704
            ],
            [
              3843.4397145459625,
              -582.0572905435621
            ],
            [
              3842.9150002377987,
              -577.597218924172
            ],
            [
              3839.242000080654,
              -577.3348617700901
            ],
            [
              3830.5842139959555,
              -582.8443620058074
            ],
            [
              3824.0252851439113,
              -582.3196476976439
            ],
            [
              3821.1393564490118,
              -587.0420764711157
            ],
            [
              3813.793356134722,
              -589.9280051660153
            ],
            [
              3810.382713131659,
              -593.60100532316
            ],
            [
              3805.1355700500235,
              -593.60100532316
            ],
            [
              3802.7743556632877,
              -598.8481484047954
            ],
            [
              3798.5766411979794,
              -603.0458628701039
            ],
            [
              3795.1659981949165,
              -601.734077099695
            ],
            [
              3795.69071250308,
              -601.0781842144906
            ]
          ]
        ]
      }
    },
    {
      "type": "Feature",
      "properties": {
        "fid": 1083,
        "code": "kyushu",
        "name": "Kyushu",
        "capital": null,
        "culture": null,
        "civs": [
          "han"
        ],
        "provinceType": "land",
        "terrain": "temperate_forest",
        "mapTypes": [],
        "resources": null,
        "religion": null,
        "population": "medium",
        "centerpoint": [
          3775,
          633
        ],
        "position": {
          "x": 3751,
          "y": 600
        },
        "bbox": {
          "w": 49,
          "h": 66
        }
      },
      "geometry": {
        "type": "Polygon",
        "coordinates": [
          [
            [
              3764.994925475511,
              -628.7568639701176
            ],
            [
              3757.780103738263,
              -630.8557212027719
            ],
            [
              3751.745889194382,
              -619.3120064231739
            ],
            [
              3753.6479785614747,
              -614.1304526300589
            ],
            [
              3758.82953235459,
              -611.9004168203638
            ],
            [
              3761.059568164285,
              -607.8338809320963
            ],
            [
              3764.9949254755115,
              -607.177988046892
            ],
            [
              3770.6356042882694,
              -599.3728627129592
            ],
            [
              3776.5386402551094,
              -599.3728627129592
            ],
            [
              3781.5890154711833,
              -604.3576486405129
            ],
            [
              3790.837105152566,
              -604.5544165060742
            ],
            [
              3795.297176771957,
              -610.588631049955
            ],
            [
              3791.36181946073,
              -614.1960419185793
            ],
            [
              3794.6412838867523,
              -617.0819706134788
            ],
            [
              3799.035766217622,
              -622.2635244065938
            ],
            [
              3800.347551988031,
              -626.0677031407795
            ],
            [
              3797.592801870172,
              -629.6751140094038
            ],
            [
              3793.001551673741,
              -636.9555250351732
            ],
            [
              3790.705926575525,
              -642.5306145594109
            ],
            [
              3790.377980132923,
              -654.7302222242133
            ],
            [
              3789.853265824758,
              -657.0914366109487
            ],
            [
              3783.5566941267957,
              -658.4032223813576
            ],
            [
              3783.5566941267957,
              -663.650365462993
            ],
            [
              3775.4236223502608,
              -665.4868655415654
            ],
            [
              3773.5871222716883,
              -660.7644367680936
            ],
            [
              3773.0624079635245,
              -660.7644367680936
            ],
            [
              3765.1916933410716,
              -663.650365462993
            ],
            [
              3763.355193262499,
              -661.5515082303389
            ],
            [
              3765.978764803317,
              -652.1066506833951
            ],
            [
              3764.92933618699,
              -646.5971504476779
            ],
            [
              3765.1916933410716,
              -638.4640786711429
            ],
            [
              3761.256336029845,
              -640.0382215956336
            ],
            [
              3762.0434074920904,
              -633.4792927435892
            ],
            [
              3764.994925475511,
              -628.7568639701176
            ]
          ]
        ]
      }
    },
    {
      "type": "Feature",
      "properties": {
        "fid": 1090,
        "code": "ryukyu",
        "name": "Ryukyu",
        "capital": null,
        "culture": null,
        "civs": [
          "han"
        ],
        "provinceType": "land",
        "terrain": "tropical_forest",
        "mapTypes": [],
        "resources": null,
        "religion": null,
        "population": "low",
        "centerpoint": [
          3725,
          738
        ],
        "position": {
          "x": 3670,
          "y": 669
        },
        "bbox": {
          "w": 113,
          "h": 111
        }
      },
      "geometry": {
        "type": "Polygon",
        "coordinates": [
          [
            [
              3678.351475340004,
              -771.2167986365197
            ],
            [
              3670.3495821405104,
              -773.4468344462148
            ],
            [
              3673.891403720614,
              -780.1369418753
            ],
            [
              3682.6803683823537,
              -775.0209773707054
            ],
            [
              3692.256404506338,
              -772.9221201380512
            ],
            [
              3698.42179762726,
              -767.1502627482522
            ],
            [
              3701.0453691680777,
              -764.1331554763118
            ],
            [
              3711.80201248543,
              -764.7890483615163
            ],
            [
              3714.556762603289,
              -758.0989409324311
            ],
            [
              3722.9521915339055,
              -751.6711906574277
            ],
            [
              3732.265870503809,
              -751.8023692344685
            ],
            [
              3749.3190855191237,
              -732.2567612553765
            ],
            [
              3754.959764331882,
              -724.9107609410869
            ],
            [
              3762.174586069131,
              -716.5153320104703
            ],
            [
              3773.8494794257695,
              -701.9545099589317
            ],
            [
              3771.488265039033,
              -687.787223638516
            ],
            [
              3779.096622507405,
              -676.7682231670816
            ],
            [
              3783.556694126795,
              -668.8975085446284
            ],
            [
              3768.0776220359703,
              -675.9811517048363
            ],
            [
              3760.206907413517,
              -698.5438669558687
            ],
            [
              3741.841906627793,
              -720.5818678987375
            ],
            [
              3721.640405763497,
              -738.6845115303797
            ],
            [
              3689.6328329655203,
              -760.7225124732485
            ],
            [
              3678.351475340004,
              -771.2167986365197
            ]
          ]
        ]
      }
    },
    {
      "type": "Feature",
      "properties": {
        "fid": 1084,
        "code": "emishi_lands",
        "name": "Emishi",
        "capital": null,
        "culture": null,
        "civs": [
          "han"
        ],
        "provinceType": "land",
        "terrain": "temperate_forest",
        "mapTypes": [],
        "resources": null,
        "religion": null,
        "population": "low",
        "centerpoint": [
          3919,
          481
        ],
        "position": {
          "x": 3884,
          "y": 428
        },
        "bbox": {
          "w": 69,
          "h": 98
        }
      },
      "geometry": {
        "type": "Polygon",
        "coordinates": [
          [
            [
              3884.662582381057,
              -522.2398594129179
            ],
            [
              3938.5769775448603,
              -525.3225559733787
            ],
            [
              3943.5617634724135,
              -517.5830199279665
            ],
            [
              3942.3811562790456,
              -512.3358768463311
            ],
            [
              3939.757584738228,
              -509.71230530551344
            ],
            [
              3939.1016918530236,
              -501.5792335289786
            ],
            [
              3936.3469417351653,
              -499.0868405652018
            ],
            [
              3937.265191774451,
              -493.31498317540286
            ],
            [
              3945.6606207050677,
              -495.6761975621388
            ],
            [
              3948.2841922458856,
              -490.29787590346257
            ],
            [
              3945.398263550986,
              -483.47658989733657
            ],
            [
              3948.808906554049,
              -477.0488396223332
            ],
            [
              3953.40015675048,
              -469.5716607310028
            ],
            [
              3952.186754912852,
              -463.078321167479
            ],
            [
              3947.5627100721604,
              -455.666731564669
            ],
            [
              3947.628299360681,
              -448.58308840446125
            ],
            [
              3936.6748881777676,
              -442.28651670649884
            ],
            [
              3937.5931382170534,
              -429.7589625990944
            ],
            [
              3932.018048692816,
              -427.5945160779198
            ],
            [
              3925.3935305522514,
              -427.922462520522
            ],
            [
              3924.016155493322,
              -433.7599091988413
            ],
            [
              3920.2119767591366,
              -434.2846235070048
            ],
            [
              3916.145440870869,
              -437.30173077894517
            ],
            [
              3915.620726562706,
              -441.8929809753761
            ],
            [
              3911.357422808877,
              -445.5659811325208
            ],
            [
              3911.6197799629585,
              -451.27224923379924
            ],
            [
              3910.8327085007136,
              -458.8150174136501
            ],
            [
              3908.0123690943346,
              -461.4385889544678
            ],
            [
              3906.9629404780076,
              -464.586874803449
            ],
            [
              3908.6026726910186,
              -467.01367847870534
            ],
            [
              3913.7186371956127,
              -468.9813571343186
            ],
            [
              3914.833655100462,
              -474.5564466585563
            ],
            [
              3912.472440713726,
              -479.5412325861099
            ],
            [
              3910.11122632699,
              -480.85301835651876
            ],
            [
              3908.9306191336223,
              -488.5925544019309
            ],
            [
              3907.4876547861722,
              -497.9062333718337
            ],
            [
              3903.289940320864,
              -500.923340643774
            ],
            [
              3900.6663687800465,
              -503.80926933867346
            ],
            [
              3901.059904511169,
              -508.00698380398177
            ],
            [
              3897.3869043540244,
              -509.05641242030885
            ],
            [
              3896.468654314738,
              -514.6970912330669
            ],
            [
              3894.238618505043,
              -516.4024127345983
            ],
            [
              3893.8450827739202,
              -518.5012699672525
            ],
            [
              3887.679689652999,
              -520.2065914687839
            ],
            [
              3885.187296689222,
              -520.8624843539884
            ],
            [
              3884.662582381057,
              -522.2398594129179
            ]
          ]
        ]
      }
    },
    {
      "type": "Feature",
      "properties": {
        "fid": 1085,
        "code": "hokkaido",
        "name": "Hokkaido",
        "capital": null,
        "culture": null,
        "civs": [
          "han"
        ],
        "provinceType": "land",
        "terrain": "temperate_forest",
        "mapTypes": [],
        "resources": null,
        "religion": null,
        "population": "low",
        "centerpoint": [
          3935,
          362
        ],
        "position": {
          "x": 3874,
          "y": 215
        },
        "bbox": {
          "w": 182,
          "h": 223
        }
      },
      "geometry": {
        "type": "Polygon",
        "coordinates": [
          [
            [
              3909.5865120188278,
              -435.33405212333207
            ],
            [
              3919.5560838739348,
              -432.57930200547355
            ],
            [
              3921.2614053754664,
              -427.9880518090426
            ],
            [
              3929.1321199979193,
              -425.75801599934755
            ],
            [
              3929.394477152001,
              -418.41201568505807
            ],
            [
              3920.474333913221,
              -415.00137268199506
            ],
            [
              3924.1473340703656,
              -414.21430121974976
            ],
            [
              3930.70626292241,
              -412.3778011411774
            ],
            [
              3932.8051201550643,
              -407.39301521362376
            ],
            [
              3945.135906396907,
              -406.9994794825011
            ],
            [
              3947.890656514766,
              -414.0831226427089
            ],
            [
              3965.993300146408,
              -418.6743728391398
            ],
            [
              3967.8298002249803,
              -398.60405055188454
            ],
            [
              3975.0446219622286,
              -392.438657430963
            ],
            [
              3984.620658086213,
              -392.30747885392213
            ],
            [
              3992.884908439789,
              -385.48619284779613
            ],
            [
              3994.5902299413206,
              -379.4519783039155
            ],
            [
              3987.900122512235,
              -377.8778353794249
            ],
            [
              3988.9495511285622,
              -373.02422802891215
            ],
            [
              3994.4590513642797,
              -367.7770849472768
            ],
            [
              3998.1320515214243,
              -360.82462036410993
            ],
            [
              4004.297444642346,
              -354.5280486661475
            ],
            [
              4018.9894452709245,
              -337.34365507379175
            ],
            [
              4057.0312326127805,
              -304.4178322365298
            ],
            [
              4044.438089216856,
              -297.85890338448564
            ],
            [
              3976.3564077326378,
              -358.46340597737407
            ],
            [
              3973.73283619182,
              -364.7599776753365
            ],
            [
              3960.6149784877316,
              -360.5622632100282
            ],
            [
              3942.249977702008,
              -350.59269135492104
            ],
            [
              3934.9039773877184,
              -344.8208339651221
            ],
            [
              3932.8051201550643,
              -329.6041190283796
            ],
            [
              3950.645406632624,
              -332.2276905691973
            ],
            [
              3938.0522632366997,
              -309.14026101000167
            ],
            [
              3921.2614053754664,
              -292.874117456932
            ],
            [
              3928.607405689756,
              -289.72583160795085
            ],
            [
              3939.1016918530268,
              -293.39883176509557
            ],
            [
              3900.797547357088,
              -224.66125739567235
            ],
            [
              3877.7101177978925,
              -214.69168554056517
            ],
            [
              3875.086546257075,
              -226.7601146283265
            ],
            [
              3881.3831179550375,
              -247.22397264670442
            ],
            [
              3891.3526898101445,
              -265.06425912426465
            ],
            [
              3896.075118583616,
              -275.55854528753537
            ],
            [
              3899.2234044325974,
              -284.4786885263155
            ],
            [
              3901.8469759734153,
              -301.7942606957122
            ],
            [
              3909.192976287705,
              -310.71440393449234
            ],
            [
              3913.9154050611764,
              -323.30754733041715
            ],
            [
              3916.5389766019944,
              -334.32654780185146
            ],
            [
              3918.6378338346485,
              -346.39497688961274
            ],
            [
              3918.5066552576077,
              -355.8398344365563
            ],
            [
              3922.1796554147522,
              -362.3987632886005
            ],
            [
              3923.491441185161,
              -370.53183506513534
            ],
            [
              3923.491441185161,
              -377.0907639171795
            ],
            [
              3922.1796554147522,
              -384.9614785396326
            ],
            [
              3922.1796554147522,
              -389.94626446718615
            ],
            [
              3913.7842264841356,
              -388.10976438861377
            ],
            [
              3906.1758690157644,
              -389.6839073131044
            ],
            [
              3904.8640832453557,
              -394.93105039473977
            ],
            [
              3908.2747262484186,
              -397.0299076273939
            ],
            [
              3908.5370834025002,
              -399.91583632229333
            ],
            [
              3901.978154550456,
              -405.4253365580105
            ],
            [
              3901.453440242293,
              -412.2466225641365
            ],
            [
              3896.2062971606574,
              -417.4937656457718
            ],
            [
              3898.829868701475,
              -421.9538372651619
            ],
            [
              3903.8146546290286,
              -420.3796943406713
            ],
            [
              3913.521869330054,
              -437.95762366414976
            ],
            [
              3909.5865120188278,
              -435.33405212333207
            ]
          ]
        ]
      }
    },
    {
      "type": "Feature",
      "properties": {
        "fid": 1086,
        "code": "goguryeo",
        "name": "Goguryeo",
        "capital": null,
        "culture": null,
        "civs": [
          "han"
        ],
        "provinceType": "land",
        "terrain": "temperate_forest",
        "mapTypes": [],
        "resources": null,
        "religion": null,
        "population": "medium",
        "centerpoint": [
          3683,
          465
        ],
        "position": {
          "x": 3614,
          "y": 327
        },
        "bbox": {
          "w": 167,
          "h": 190
        }
      },
      "geometry": {
        "type": "Polygon",
        "coordinates": [
          [
            [
              3683.697002354424,
              -507.15432305321673
            ],
            [
              3718.852861001381,
              -516.5991806001604
            ],
            [
              3741.6779334064945,
              -515.0250376756698
            ],
            [
              3738.5296475575133,
              -502.69425143382665
            ],
            [
              3724.887075545263,
              -488.13342938228834
            ],
            [
              3725.5429684304677,
              -483.4110006088165
            ],
            [
              3729.609504318735,
              -480.7874290679988
            ],
            [
              3737.2178617871064,
              -480.26271475983526
            ],
            [
              3739.5790761738417,
              -474.4908573700364
            ],
            [
              3747.9745051044583,
              -471.60492867513693
            ],
            [
              3750.8604337993575,
              -467.9319285179922
            ],
            [
              3759.518219884056,
              -463.9965712067657
            ],
            [
              3758.468791267729,
              -454.81407081390375
            ],
            [
              3755.7140411498704,
              -449.43574915522754
            ],
            [
              3768.4383631228366,
              -440.25324876236573
            ],
            [
              3781.556220826925,
              -418.2152478194972
            ],
            [
              3764.2406486575283,
              -377.0251746286598
            ],
            [
              3749.548648028949,
              -334.5233156674133
            ],
            [
              3729.6095043187347,
              -326.6526010449603
            ],
            [
              3706.7844319136207,
              -362.3331740000808
            ],
            [
              3673.4650733452363,
              -365.481459849062
            ],
            [
              3651.427072402368,
              -397.75138980111933
            ],
            [
              3631.4879286921537,
              -431.3331055235857
            ],
            [
              3622.329033075178,
              -444.14619119144845
            ],
            [
              3618.370070988065,
              -458.093535239926
            ],
            [
              3623.879571223782,
              -460.9794639348255
            ],
            [
              3632.012643000317,
              -459.4053210103349
            ],
            [
              3633.062071616644,
              -467.5383927868697
            ],
            [
              3629.651428613581,
              -472.78553586850506
            ],
            [
              3616.795928063574,
              -485.37867926443
            ],
            [
              3622.305428299291,
              -489.0516794215747
            ],
            [
              3627.0278570727633,
              -492.4623224246377
            ],
            [
              3620.731285374801,
              -492.98703673280124
            ],
            [
              3614.9594279850016,
              -497.4471083521913
            ],
            [
              3617.845356679901,
              -503.7436800501537
            ],
            [
              3629.6514286135807,
              -501.64482281749963
            ],
            [
              3635.948000311543,
              -496.9223940440278
            ],
            [
              3639.621000468688,
              -489.3140365756565
            ],
            [
              3645.392857858487,
              -489.0516794215747
            ],
            [
              3654.050643943185,
              -486.6904650348388
            ],
            [
              3661.9213585656385,
              -484.85396495626645
            ],
            [
              3662.708430027884,
              -484.5916078021847
            ],
            [
              3666.3814301850284,
              -490.6258223460653
            ],
            [
              3673.727430499318,
              -489.57639372973824
            ],
            [
              3677.9251449646263,
              -489.83875088382
            ],
            [
              3682.1228594299346,
              -489.0516794215747
            ],
            [
              3678.7122164268703,
              -499.2836084307637
            ],
            [
              3683.697002354424,
              -507.15432305321673
            ]
          ]
        ]
      }
    },
    {
      "type": "Feature",
      "properties": {
        "fid": 1087,
        "code": "baekje",
        "name": "Baekje",
        "capital": null,
        "culture": null,
        "civs": [
          "han"
        ],
        "provinceType": "land",
        "terrain": "temperate_forest",
        "mapTypes": [],
        "resources": null,
        "religion": null,
        "population": "medium",
        "centerpoint": [
          1781,
          723
        ],
        "position": {
          "x": 1688,
          "y": 684
        },
        "bbox": {
          "w": 186,
          "h": 105
        }
      },
      "geometry": {
        "type": "Polygon",
        "coordinates": [
          [
            [
              1741.5432172285848,
              -691.7068105771363
            ],
            [
              1726.9868438344274,
              -702.0371400826671
            ],
            [
              1706.0131445353193,
              -710.1761875718731
            ],
            [
              1688.0574741026226,
              -738.2179532653279
            ],
            [
              1711.804389864178,
              -754.001827898368
            ],
            [
              1732.778089163286,
              -758.6974322190638
            ],
            [
              1736.8476129078892,
              -757.7583113549247
            ],
            [
              1747.804022989513,
              -769.0277617245947
            ],
            [
              1788.4992604355436,
              -778.7320106540328
            ],
            [
              1830.1336187457136,
              -789.0623401595637
            ],
            [
              1869.576695039559,
              -787.8101790073782
            ],
            [
              1870.8288561917443,
              -786.9493182152506
            ],
            [
              1873.9592590722084,
              -752.5931466021593
            ],
            [
              1868.0897536713387,
              -747.975802353475
            ],
            [
              1858.6202849579354,
              -744.9236595450227
            ],
            [
              1849.7768968206249,
              -738.6628537840949
            ],
            [
              1833.420541770201,
              -738.4280735680601
            ],
            [
              1826.3380052531513,
              -731.2281469429931
            ],
            [
              1824.7336737769137,
              -718.8630555651607
            ],
            [
              1820.0771994922236,
              -715.88917282872
            ],
            [
              1809.6686099146812,
              -714.9500519645808
            ],
            [
              1806.5382070342173,
              -714.1674512444648
            ],
            [
              1796.8339581047792,
              -707.7892553755196
            ],
            [
              1788.694910615573,
              -706.5370942233341
            ],
            [
              1783.8819161868596,
              -705.0501528551135
            ],
            [
              1775.7819987336593,
              -708.454465987618
            ],
            [
              1769.3646728287079,
              -706.4979641873283
            ],
            [
              1762.751696743728,
              -700.0806382823772
            ],
            [
              1755.356119938632,
              -699.6110778503077
            ],
            [
              1753.1648379223072,
              -697.3415357619713
            ],
            [
              1753.438748174348,
              -691.941590793171
            ],
            [
              1750.9344258699766,
              -690.4937794609565
            ],
            [
              1753.0865778502957,
              -686.4242557163534
            ],
            [
              1750.3866053658958,
              -683.6851531959475
            ],
            [
              1747.0214222693971,
              -684.3112337720403
            ],
            [
              1744.3605798210028,
              -686.111215428307
            ],
            [
              1744.8301402530724,
              -688.7329278406955
            ],
            [
              1741.5432172285848,
              -691.7068105771363
            ]
          ]
        ]
      }
    },
    {
      "type": "Feature",
      "properties": {
        "fid": 1088,
        "code": "silla_gaya",
        "name": "Silla and Gaya",
        "capital": null,
        "culture": null,
        "civs": [
          "han"
        ],
        "provinceType": "land",
        "terrain": "temperate_forest",
        "mapTypes": [],
        "resources": null,
        "religion": null,
        "population": "medium",
        "centerpoint": [
          3745,
          554
        ],
        "position": {
          "x": 3722,
          "y": 515
        },
        "bbox": {
          "w": 35,
          "h": 74
        }
      },
      "geometry": {
        "type": "Polygon",
        "coordinates": [
          [
            [
              3722.3946825814846,
              -516.8615377542419
            ],
            [
              3741.9402905605766,
              -514.500323367506
            ],
            [
              3746.3702260372147,
              -518.2279322930489
            ],
            [
              3748.6303979896616,
              -520.5345379113867
            ],
            [
              3752.9592910320107,
              -525.6505024159811
            ],
            [
              3755.976398303951,
              -531.1600026516983
            ],
            [
              3757.550541228442,
              -539.0307172741514
            ],
            [
              3757.157005497319,
              -545.9831818573182
            ],
            [
              3755.254916130226,
              -550.70561063079
            ],
            [
              3757.01607161479,
              -559.651866075099
            ],
            [
              3756.8290590547167,
              -559.3633967154883
            ],
            [
              3755.517273284308,
              -563.9546469119193
            ],
            [
              3756.4355233235938,
              -570.6447543410044
            ],
            [
              3751.713094550122,
              -575.8918974226398
            ],
            [
              3743.1864870424647,
              -582.9755405828474
            ],
            [
              3743.3176656195055,
              -586.2550050088696
            ],
            [
              3738.4640582689926,
              -588.6162193956055
            ],
            [
              3735.5781295740935,
              -585.5991121236651
            ],
            [
              3734.6598795348073,
              -583.8937906221337
            ],
            [
              3732.8233794562348,
              -583.7626120450927
            ],
            [
              3722.3946825814846,
              -516.8615377542419
            ]
          ]
        ]
      }
    },
    {
      "type": "Feature",
      "properties": {
        "fid": 1089,
        "code": "yilou",
        "name": "Yilou",
        "capital": null,
        "culture": null,
        "civs": [],
        "provinceType": "land",
        "terrain": "plains",
        "mapTypes": [],
        "resources": null,
        "religion": null,
        "population": "low",
        "centerpoint": [
          3820,
          327
        ],
        "position": {
          "x": 3729,
          "y": 222
        },
        "bbox": {
          "w": 157,
          "h": 215
        }
      },
      "geometry": {
        "type": "Polygon",
        "coordinates": [
          [
            [
              3749.548648028949,
              -334.45772637889337
            ],
            [
              3729.7406828957755,
              -327.1117260646039
            ],
            [
              3738.7920047115963,
              -317.6668685176602
            ],
            [
              3751.1227909534396,
              -311.10793966561596
            ],
            [
              3758.7311484218108,
              -302.18779642683586
            ],
            [
              3759.518219884056,
              -292.2182245717287
            ],
            [
              3767.6512916605907,
              -281.4615812543762
            ],
            [
              3778.932649286107,
              -274.6402952482502
            ],
            [
              3783.130363751415,
              -264.9330805472248
            ],
            [
              3792.050506990195,
              -256.0129373084447
            ],
            [
              3797.035292917749,
              -248.66693699415518
            ],
            [
              3806.217793310611,
              -241.0585795257839
            ],
            [
              3811.202579238164,
              -240.2715080635386
            ],
            [
              3819.598008168781,
              -242.10800814211098
            ],
            [
              3824.0580797881707,
              -237.38557936863913
            ],
            [
              3826.9440084830703,
              -232.92550774924908
            ],
            [
              3832.4535087187874,
              -238.17265083088444
            ],
            [
              3835.0770802596053,
              -237.38557936863913
            ],
            [
              3834.027651643278,
              -232.13843628700377
            ],
            [
              3835.8641517218507,
              -227.67836466761372
            ],
            [
              3849.7690808881844,
              -223.7430073563872
            ],
            [
              3850.5561523504293,
              -221.64415012373306
            ],
            [
              3857.115081202474,
              -228.46543612985903
            ],
            [
              3870.232938906562,
              -229.25250759210434
            ],
            [
              3876.5295106045246,
              -234.23729351965792
            ],
            [
              3877.5789392208517,
              -249.4540084564005
            ],
            [
              3882.5637251484054,
              -253.12700861354523
            ],
            [
              3881.5142965320783,
              -266.7695806257972
            ],
            [
              3879.677796453506,
              -274.1155809400867
            ],
            [
              3884.137868072896,
              -282.2486527166215
            ],
            [
              3886.4990824596316,
              -299.5642248860182
            ],
            [
              3886.23672530555,
              -311.6326539737795
            ],
            [
              3879.415439299424,
              -321.0775115207232
            ],
            [
              3876.7918677586063,
              -328.9482261431762
            ],
            [
              3877.8412963749333,
              -340.22958376869224
            ],
            [
              3876.0047962963613,
              -345.7390840044094
            ],
            [
              3872.85651044738,
              -351.2485842401265
            ],
            [
              3869.445867444317,
              -358.0698702462525
            ],
            [
              3864.723438670844,
              -365.41587056054203
            ],
            [
              3862.0998671300267,
              -374.5983709534039
            ],
            [
              3853.70443819941,
              -377.74665680238513
            ],
            [
              3848.7196522718564,
              -385.8797285789199
            ],
            [
              3844.78429496063,
              -393.2257288932094
            ],
            [
              3838.4877232626677,
              -401.621157823826
            ],
            [
              3836.126508875932,
              -405.031800826889
            ],
            [
              3832.1911515647053,
              -415.0013726819962
            ],
            [
              3830.092294332051,
              -419.19908714730445
            ],
            [
              3821.6968654014345,
              -422.3473729962857
            ],
            [
              3818.0238652442895,
              -428.1192303860846
            ],
            [
              3813.5637936248995,
              -429.43101615649346
            ],
            [
              3809.890793467755,
              -431.5298733891476
            ],
            [
              3804.381293232038,
              -436.2523021626194
            ],
            [
              3800.1835787667296,
              -434.15344492996525
            ],
            [
              3794.4117213769305,
              -433.62873062180176
            ],
            [
              3789.9516497575405,
              -432.05458769731115
            ],
            [
              3788.3775068330497,
              -427.06980176975753
            ],
            [
              3788.639863987132,
              -423.9215159207763
            ],
            [
              3785.4915781381505,
              -423.39680161261276
            ],
            [
              3784.179792367742,
              -422.0850158422039
            ],
            [
              3782.3432922891693,
              -419.723801455468
            ],
            [
              3763.7159343493636,
              -378.27137111054867
            ],
            [
              3749.5486480289483,
              -334.5889049559342
            ],
            [
              3732.626611590674,
              -328.1611546809309
            ],
            [
              3749.548648028949,
              -334.45772637889337
            ]
          ]
        ]
      }
    },
    {
      "type": "Feature",
      "properties": {
        "fid": 1091,
        "code": "magadan",
        "name": "Magadan",
        "capital": null,
        "culture": null,
        "civs": [],
        "provinceType": "land",
        "terrain": "taiga",
        "mapTypes": [],
        "resources": null,
        "religion": null,
        "population": "low",
        "centerpoint": [
          1618,
          652
        ],
        "position": {
          "x": 1529,
          "y": 625
        },
        "bbox": {
          "w": 201,
          "h": 108
        }
      },
      "geometry": {
        "type": "Polygon",
        "coordinates": [
          [
            [
              1529.1258167711037,
              -653.1441600934215
            ],
            [
              1530.221457779266,
              -667.5440133435557
            ],
            [
              1557.6124829833257,
              -699.0045622922182
            ],
            [
              1622.7248628969753,
              -697.7524011400326
            ],
            [
              1670.306986680027,
              -724.0477853359296
            ],
            [
              1690.5980135156492,
              -732.7935583023796
            ],
            [
              1706.5414000213966,
              -709.9609723738421
            ],
            [
              1727.2803191044702,
              -702.2132252446938
            ],
            [
              1730.254201840911,
              -699.7871630123343
            ],
            [
              1722.0368942796931,
              -670.3222458999678
            ],
            [
              1720.158652551415,
              -653.4180703454626
            ],
            [
              1714.5239273665798,
              -644.4964221361404
            ],
            [
              1685.254660434242,
              -647.4703048725812
            ],
            [
              1655.828873357881,
              -636.8269350790038
            ],
            [
              1664.1244409911105,
              -628.0618070137048
            ],
            [
              1650.5071884610927,
              -628.0618070137049
            ],
            [
              1642.05510068384,
              -629.4704883099137
            ],
            [
              1635.7942949229123,
              -625.0879242772642
            ],
            [
              1631.2552107462395,
              -624.4618437011713
            ],
            [
              1627.3422071456596,
              -628.0618070137049
            ],
            [
              1621.3944416727782,
              -627.2792062935889
            ],
            [
              1617.7944783602447,
              -626.0270451414033
            ],
            [
              1612.7858337515024,
              -628.8444077338208
            ],
            [
              1606.994588422644,
              -631.348730038192
            ],
            [
              1601.0468229497626,
              -630.0965688860065
            ],
            [
              1593.8468963246955,
              -631.0356897501456
            ],
            [
              1588.9947718599765,
              -631.348730038192
            ],
            [
              1583.3600466751416,
              -632.4443710463544
            ],
            [
              1576.7862006261673,
              -637.6095357991198
            ],
            [
              1571.1514754413322,
              -638.0790962311894
            ],
            [
              1566.2993509766131,
              -642.4616602638389
            ],
            [
              1560.3515855037317,
              -642.3051401198157
            ],
            [
              1556.4385819031518,
              -641.0529789676302
            ],
            [
              1552.9951387346414,
              -644.4964221361405
            ],
            [
              1547.6734538378528,
              -642.7747005518853
            ],
            [
              1538.9083257725538,
              -646.0616235763724
            ],
            [
              1537.8126847643914,
              -649.661586888906
            ],
            [
              1529.1258167711037,
              -653.1441600934215
            ]
          ]
        ]
      }
    },
    {
      "type": "Feature",
      "properties": {
        "fid": 1092,
        "code": "iacutia",
        "name": "Iacutia",
        "capital": null,
        "culture": null,
        "civs": [],
        "provinceType": "land",
        "terrain": "taiga",
        "mapTypes": [],
        "resources": null,
        "religion": null,
        "population": "low",
        "centerpoint": [
          3529,
          208
        ],
        "position": {
          "x": 3319,
          "y": 0
        },
        "bbox": {
          "w": 410,
          "h": 366
        }
      },
      "geometry": {
        "type": "Polygon",
        "coordinates": [
          [
            [
              3319.3266415271887,
              -0.411479944279648
            ],
            [
              3571.889128523238,
              0.069508171536942
            ],
            [
              3729.2815578761256,
              -328.1830177771019
            ],
            [
              3706.8062950097874,
              -362.5080787694666
            ],
            [
              3672.4375078250773,
              -366.0499003495704
            ],
            [
              3587.958504210748,
              -341.56323263527213
            ],
            [
              3564.8710746515526,
              -293.98913536177815
            ],
            [
              3552.977550333179,
              -261.1070387168632
            ],
            [
              3453.631641320883,
              -212.83332236581788
            ],
            [
              3345.8903033779698,
              -113.48741335352159
            ],
            [
              3319.3266415271887,
              -0.411479944279648
            ]
          ]
        ]
      }
    },
    {
      "type": "Feature",
      "properties": {
        "fid": 1093,
        "code": "amur",
        "name": "Amur",
        "capital": null,
        "culture": null,
        "civs": [],
        "provinceType": "land",
        "terrain": "plains",
        "mapTypes": [],
        "resources": null,
        "religion": null,
        "population": "low",
        "centerpoint": [
          3389,
          239
        ],
        "position": {
          "x": 3195,
          "y": 116
        },
        "bbox": {
          "w": 375,
          "h": 223
        }
      },
      "geometry": {
        "type": "Polygon",
        "coordinates": [
          [
            [
              3350.2377799137926,
              -115.76942328476296
            ],
            [
              3232.377608933327,
              -142.22782901507165
            ],
            [
              3195.4961948850178,
              -241.64729297138308
            ],
            [
              3310.1492863830217,
              -266.5021589604609
            ],
            [
              3353.4448593962543,
              -320.2207402916937
            ],
            [
              3410.3705202099486,
              -338.66144731584825
            ],
            [
              3503.3758252013367,
              -306.59065249123165
            ],
            [
              3570.7244943330315,
              -305.7888826206162
            ],
            [
              3555.4908667913387,
              -262.4933096073838
            ],
            [
              3454.4678630937965,
              -214.38711737045898
            ],
            [
              3350.2377799137926,
              -115.76942328476296
            ]
          ]
        ]
      }
    },
    {
      "type": "Feature",
      "properties": {
        "fid": 1094,
        "code": "iceland",
        "name": "Iceland",
        "capital": null,
        "culture": null,
        "civs": [],
        "provinceType": "land",
        "terrain": "taiga",
        "mapTypes": [],
        "resources": null,
        "religion": null,
        "population": "low",
        "centerpoint": [
          1287,
          219
        ],
        "position": {
          "x": 1245,
          "y": 191
        },
        "bbox": {
          "w": 105,
          "h": 68
        }
      },
      "geometry": {
        "type": "Polygon",
        "coordinates": [
          [
            [
              1258.6524862263552,
              -215.76818263860386
            ],
            [
              1265.7480660887402,
              -213.26386033423273
            ],
            [
              1268.4610819184754,
              -212.4290862327757
            ],
            [
              1265.7480660887402,
              -209.50737687767605
            ],
            [
              1258.443792700991,
              -207.6291351493977
            ],
            [
              1253.6438416176131,
              -209.29868335231177
            ],
            [
              1248.009116432778,
              -205.12481284502655
            ],
            [
              1254.0612286683415,
              -201.15963586310562
            ],
            [
              1258.8611797517196,
              -199.49008766019153
            ],
            [
              1264.704598461919,
              -195.73360420363485
            ],
            [
              1271.174097748211,
              -194.27274952608502
            ],
            [
              1274.5131941540392,
              -190.51626606952834
            ],
            [
              1278.47837113596,
              -193.22928189926373
            ],
            [
              1282.6522416432454,
              -196.5683783050919
            ],
            [
              1282.0261610671525,
              -201.99440996456266
            ],
            [
              1279.7305322881457,
              -209.08998982694752
            ],
            [
              1281.1913869656955,
              -209.92476392840456
            ],
            [
              1285.1565639476164,
              -208.25521572549047
            ],
            [
              1288.704353878809,
              -204.08134521820526
            ],
            [
              1289.9565150309943,
              -201.36832938846987
            ],
            [
              1289.9565150309943,
              -201.36832938846987
            ],
            [
              1301.0172718753001,
              -205.5421998957551
            ],
            [
              1312.2867222449702,
              -206.37697399721213
            ],
            [
              1322.3040114624548,
              -208.46390925085473
            ],
            [
              1327.5213495965613,
              -201.15963586310562
            ],
            [
              1334.1995424082177,
              -201.7857164391984
            ],
            [
              1342.1298963720594,
              -205.95958694648363
            ],
            [
              1346.7211539300733,
              -210.55084450449735
            ],
            [
              1347.347234506166,
              -219.3159725697963
            ],
            [
              1342.7559769481522,
              -222.8637625009887
            ],
            [
              1349.2254762344444,
              -227.45502005900244
            ],
            [
              1350.0602503359014,
              -233.08974524383746
            ],
            [
              1340.2516546437812,
              -241.8548733091364
            ],
            [
              1334.1995424082177,
              -247.0722114432429
            ],
            [
              1331.0691395277536,
              -248.741759646157
            ],
            [
              1308.3215452630493,
              -252.91563015344224
            ],
            [
              1300.1824977738431,
              -255.83733950854185
            ],
            [
              1295.1738531651008,
              -252.70693662807795
            ],
            [
              1285.9913380490734,
              -255.6286459831776
            ],
            [
              1279.1044517120529,
              -258.96774238900576
            ],
            [
              1268.878468969204,
              -252.4982431027137
            ],
            [
              1259.0698732770838,
              -247.0722114432429
            ],
            [
              1255.104696295163,
              -239.55924453012955
            ],
            [
              1244.8787135523141,
              -234.75929344675154
            ],
            [
              1251.1395193132419,
              -228.91587473655227
            ],
            [
              1256.1481639219842,
              -227.6637135843667
            ],
            [
              1254.0612286683415,
              -221.40290782343888
            ],
            [
              1248.4265034835066,
              -217.0203437907894
            ],
            [
              1245.504794128407,
              -217.0203437907894
            ],
            [
              1246.7569552805924,
              -213.68124738496124
            ],
            [
              1260.948115005362,
              -214.30732796105403
            ],
            [
              1258.6524862263552,
              -215.76818263860386
            ]
          ]
        ]
      }
    },
    {
      "type": "Feature",
      "properties": {
        "fid": 1095,
        "code": "nile_delta",
        "name": "Nile Delta",
        "capital": "Alexandria",
        "culture": "egyptian",
        "civs": [
          "ptol"
        ],
        "provinceType": "land",
        "terrain": "rivers",
        "mapTypes": [],
        "resources": null,
        "religion": null,
        "population": "high",
        "centerpoint": [
          2082,
          748
        ],
        "position": {
          "x": 2027,
          "y": 737
        },
        "bbox": {
          "w": 115,
          "h": 28
        }
      },
      "geometry": {
        "type": "Polygon",
        "coordinates": [
          [
            [
              2059.0704160703076,
              -753.8061777183397
            ],
            [
              2068.9050984530977,
              -745.7453903011447
            ],
            [
              2071.409420757469,
              -745.1193097250518
            ],
            [
              2076.0006783154827,
              -740.9454392177666
            ],
            [
              2078.2963070944897,
              -739.9019715909453
            ],
            [
              2086.4353545836957,
              -737.6063428119385
            ],
            [
              2091.0266121417094,
              -736.9802622358457
            ],
            [
              2095.2004826489947,
              -738.858503964124
            ],
            [
              2102.0873689860155,
              -736.9802622358457
            ],
            [
              2104.382997765022,
              -737.18895576121
            ],
            [
              2106.469933018665,
              -739.2758910148526
            ],
            [
              2115.6524481346923,
              -739.4845845402168
            ],
            [
              2122.774114687748,
              -747.3105917413767
            ],
            [
              2135.713113260332,
              -745.4323500130984
            ],
            [
              2142.5999995973525,
              -748.5627528935623
            ],
            [
              2119.04371792186,
              -756.9365805988035
            ],
            [
              2112.730738779593,
              -756.5974536200862
            ],
            [
              2092.826593797975,
              -757.5626611748968
            ],
            [
              2056.592180456605,
              -762.2060921142511
            ],
            [
              2027.3490002149401,
              -764.6582410372808
            ],
            [
              2027.7663872656683,
              -762.4147856396154
            ],
            [
              2032.1489512983178,
              -746.8149446186369
            ],
            [
              2041.227119651663,
              -747.0758115253423
            ],
            [
              2050.957455271772,
              -749.5018737577013
            ],
            [
              2055.000892325704,
              -753.0757503795647
            ],
            [
              2059.0704160703076,
              -753.8061777183397
            ]
          ]
        ]
      }
    },
    {
      "type": "Feature",
      "properties": {
        "fid": 1096,
        "code": "lower_egypt",
        "name": "Lower Egypt",
        "capital": null,
        "culture": null,
        "civs": [
          "ptol"
        ],
        "provinceType": null,
        "terrain": "land",
        "mapTypes": [
          "desert"
        ],
        "resources": null,
        "religion": null,
        "population": "high",
        "centerpoint": [
          2106,
          785
        ],
        "position": {
          "x": 2027,
          "y": 757
        },
        "bbox": {
          "w": 109,
          "h": 67
        }
      },
      "geometry": {
        "type": "Polygon",
        "coordinates": [
          [
            [
              2134.0174783667467,
              -817.1185759757219
            ],
            [
              2050.957455271771,
              -823.3793817366497
            ],
            [
              2027.4533469776227,
              -764.4495475119166
            ],
            [
              2075.2702509767064,
              -759.2843827591514
            ],
            [
              2093.55702113675,
              -757.5104877935557
            ],
            [
              2112.67856539825,
              -756.519193548075
            ],
            [
              2119.356758209907,
              -756.8322338361214
            ],
            [
              2118.0002502950388,
              -769.2494985952949
            ],
            [
              2111.895964678135,
              -777.5189795378537
            ],
            [
              2112.9394323049564,
              -776.3189917670093
            ],
            [
              2118.208943820404,
              -781.1189428503873
            ],
            [
              2118.2089438204034,
              -793.1188205588322
            ],
            [
              2132.8696639772425,
              -807.7273673343304
            ],
            [
              2136.4174539084347,
              -815.05772741275
            ],
            [
              2134.0174783667467,
              -817.1185759757219
            ]
          ]
        ]
      }
    },
    {
      "type": "Feature",
      "properties": {
        "fid": 1097,
        "code": "upper_egypt ",
        "name": "Upper Egypt ",
        "capital": null,
        "culture": null,
        "civs": [
          "ptol"
        ],
        "provinceType": "land",
        "terrain": "desert",
        "mapTypes": [],
        "resources": null,
        "religion": null,
        "population": "high",
        "centerpoint": [
          2138,
          862
        ],
        "position": {
          "x": 2048,
          "y": 815
        },
        "bbox": {
          "w": 137,
          "h": 110
        }
      },
      "geometry": {
        "type": "Polygon",
        "coordinates": [
          [
            [
              2051.140062106465,
              -823.6141619526851
            ],
            [
              2134.513125489487,
              -817.144662666393
            ],
            [
              2136.6000607431297,
              -815.0577274127504
            ],
            [
              2143.278253554785,
              -822.9880813765922
            ],
            [
              2142.8608665040565,
              -830.9184353404341
            ],
            [
              2148.4955916888916,
              -837.5966281520905
            ],
            [
              2149.9564463664415,
              -842.3965792354684
            ],
            [
              2153.0868492469053,
              -852.8312555036814
            ],
            [
              2160.5998161600187,
              -861.5963835689804
            ],
            [
              2162.6867514136607,
              -864.1007058733514
            ],
            [
              2161.225896736111,
              -869.5267375328223
            ],
            [
              2162.2693643629323,
              -878.083172072757
            ],
            [
              2171.2431859535955,
              -886.0135260365989
            ],
            [
              2175.834443511609,
              -889.7700094931556
            ],
            [
              2185.0169586276365,
              -916.9001677905095
            ],
            [
              2182.930023373994,
              -922.3261994499802
            ],
            [
              2183.556103950088,
              -924.6218282289876
            ],
            [
              2047.905312463319,
              -912.7262972832243
            ],
            [
              2055.626972901795,
              -851.3704008261317
            ],
            [
              2051.140062106465,
              -823.6141619526851
            ]
          ]
        ]
      }
    },
    {
      "type": "Feature",
      "properties": {
        "fid": 1098,
        "code": "kush",
        "name": "Kush",
        "capital": "Napata",
        "culture": "kushite",
        "civs": [
          "kush"
        ],
        "provinceType": "land",
        "terrain": "semi_arid",
        "mapTypes": [],
        "resources": null,
        "religion": null,
        "population": "high",
        "centerpoint": [
          2089,
          963
        ],
        "position": {
          "x": 1999,
          "y": 912
        },
        "bbox": {
          "w": 166,
          "h": 119
        }
      },
      "geometry": {
        "type": "Polygon",
        "coordinates": [
          [
            [
              2048.740086564776,
              -911.8915231817678
            ],
            [
              2038.7227973472914,
              -941.5260037834927
            ],
            [
              2024.5316376225217,
              -962.8127433706472
            ],
            [
              1999.0710275280817,
              -996.2037074289289
            ],
            [
              2066.6877297461024,
              -1030.846832639396
            ],
            [
              2126.374078000281,
              -1027.0903491828394
            ],
            [
              2140.9826247757787,
              -993.2819980738293
            ],
            [
              2158.5128809063767,
              -964.0649045228328
            ],
            [
              2160.1824291092908,
              -930.2565534138225
            ],
            [
              2165.1910737180333,
              -922.7435865007092
            ],
            [
              2048.740086564776,
              -911.8915231817678
            ]
          ]
        ]
      }
    },
    {
      "type": "Feature",
      "properties": {
        "fid": 1099,
        "code": "judea",
        "name": "Judea",
        "capital": null,
        "culture": null,
        "civs": [
          "sele"
        ],
        "provinceType": "land",
        "terrain": "semi_arid",
        "mapTypes": [],
        "resources": null,
        "religion": null,
        "population": "high",
        "centerpoint": [
          2179,
          724
        ],
        "position": {
          "x": 2160,
          "y": 706
        },
        "bbox": {
          "w": 36,
          "h": 41
        }
      },
      "geometry": {
        "type": "Polygon",
        "coordinates": [
          [
            [
              2179.956140637555,
              -705.7805801938888
            ],
            [
              2195.6081550398753,
              -712.4587730055449
            ],
            [
              2195.347288133169,
              -721.0934676174917
            ],
            [
              2193.364699642209,
              -725.319511506118
            ],
            [
              2189.2430025162644,
              -734.0063794994049
            ],
            [
              2184.182184526182,
              -732.832478419231
            ],
            [
              2179.1735399174395,
              -739.9280582816159
            ],
            [
              2177.086604663797,
              -747.232331669365
            ],
            [
              2159.817215439904,
              -738.8063305827831
            ],
            [
              2165.451940624739,
              -734.6846334568389
            ],
            [
              2163.782392421825,
              -732.2324845338088
            ],
            [
              2175.6257499862472,
              -720.4152136600575
            ],
            [
              2176.043137036975,
              -717.1022039448999
            ],
            [
              2178.8604996293934,
              -713.5283273230369
            ],
            [
              2178.808326248052,
              -709.4848902691044
            ],
            [
              2180.0083140188963,
              -707.7109953035082
            ],
            [
              2179.956140637555,
              -705.7805801938888
            ]
          ]
        ]
      }
    },
    {
      "type": "Feature",
      "properties": {
        "fid": 1100,
        "code": "nabatean",
        "name": "Nabatean",
        "capital": "Petra",
        "culture": null,
        "civs": [],
        "provinceType": "land",
        "terrain": "desert",
        "mapTypes": [],
        "resources": null,
        "religion": null,
        "population": "high",
        "centerpoint": [
          2164,
          768
        ],
        "position": {
          "x": 2117,
          "y": 699
        },
        "bbox": {
          "w": 125,
          "h": 122
        }
      },
      "geometry": {
        "type": "Polygon",
        "coordinates": [
          [
            [
              2117.1915628842535,
              -771.1016536329029
            ],
            [
              2118.8611110871675,
              -774.7016169454363
            ],
            [
              2120.895872959469,
              -779.8146083168607
            ],
            [
              2123.4523686451817,
              -786.2841076031528
            ],
            [
              2128.826226923311,
              -789.7275507716631
            ],
            [
              2130.287081600861,
              -797.3970378287997
            ],
            [
              2133.6261780066893,
              -802.3013356748597
            ],
            [
              2144.1130276562435,
              -810.3360364013838
            ],
            [
              2146.0956161472036,
              -812.9447054684371
            ],
            [
              2150.4260067985124,
              -811.7447176975925
            ],
            [
              2156.9998528474866,
              -795.4666227191801
            ],
            [
              2164.825860048646,
              -778.7972273807098
            ],
            [
              2168.5823435052025,
              -775.2494374495174
            ],
            [
              2166.7041017769243,
              -783.5971784640878
            ],
            [
              2165.660634150103,
              -791.1101453772012
            ],
            [
              2161.069376592089,
              -798.2057252395861
            ],
            [
              2157.9389737116253,
              -803.8404504244211
            ],
            [
              2156.6868125594397,
              -808.2230144570706
            ],
            [
              2165.2432470993745,
              -807.3882403556136
            ],
            [
              2167.95626292911,
              -814.0664331672699
            ],
            [
              2171.7127463856664,
              -820.5359324535619
            ],
            [
              2242.2511579587867,
              -815.3185943194555
            ],
            [
              2242.668545009515,
              -710.9718316373253
            ],
            [
              2229.8338931996136,
              -699.0763006915623
            ],
            [
              2210.112355052691,
              -698.4502201154696
            ],
            [
              2201.9733075634845,
              -700.7458488944765
            ],
            [
              2195.5038082771925,
              -712.6413798402393
            ],
            [
              2195.347288133169,
              -718.8500122198259
            ],
            [
              2195.2951147518284,
              -720.467387041399
            ],
            [
              2189.243002516265,
              -733.6150791393475
            ],
            [
              2183.921317619476,
              -732.8846518005726
            ],
            [
              2179.1213665360983,
              -740.0845784256396
            ],
            [
              2177.034431282456,
              -746.9714647626602
            ],
            [
              2160.234602490633,
              -739.5628446122289
            ],
            [
              2152.3564219081313,
              -746.3975575679084
            ],
            [
              2142.391306071988,
              -747.9627590081403
            ],
            [
              2142.339132690647,
              -748.9540532536205
            ],
            [
              2119.2784981378963,
              -756.6757136920982
            ],
            [
              2117.1915628842535,
              -771.1016536329029
            ]
          ]
        ]
      }
    },
    {
      "type": "Feature",
      "properties": {
        "fid": 1101,
        "code": "cyrenaica",
        "name": "Cyrenaica",
        "capital": "Cyrene",
        "culture": null,
        "civs": [
          "mace"
        ],
        "provinceType": "land",
        "terrain": "desert",
        "mapTypes": [],
        "resources": null,
        "religion": null,
        "population": "high",
        "centerpoint": [
          1951,
          751
        ],
        "position": {
          "x": 1871,
          "y": 711
        },
        "bbox": {
          "w": 185,
          "h": 133
        }
      },
      "geometry": {
        "type": "Polygon",
        "coordinates": [
          [
            [
              1873.6462187841626,
              -752.4496698034718
            ],
            [
              1870.724509429063,
              -787.0927950139389
            ],
            [
              1894.5155713205884,
              -799.6144065357945
            ],
            [
              1904.1154734873444,
              -794.6057619270523
            ],
            [
              1916.6370850091998,
              -806.2925993474507
            ],
            [
              1950.8628231689386,
              -837.1792411013612
            ],
            [
              2056.044359952525,
              -843.8574339130175
            ],
            [
              2051.4531023945115,
              -822.5706943258631
            ],
            [
              2028.0794275537146,
              -766.6408295282415
            ],
            [
              2033.5054592131853,
              -746.6062510932726
            ],
            [
              2026.149012444095,
              -744.9367028903586
            ],
            [
              2024.1664239531344,
              -742.0932536072705
            ],
            [
              2022.6533958942437,
              -740.1758818429863
            ],
            [
              2004.1318455181658,
              -736.8367854371581
            ],
            [
              1995.8362778849366,
              -738.8193739281187
            ],
            [
              1991.0363268015585,
              -737.3063458692278
            ],
            [
              1990.358072844125,
              -731.2020602523231
            ],
            [
              1984.4103073712436,
              -729.8455523374554
            ],
            [
              1978.8277555677496,
              -730.8890199642767
            ],
            [
              1971.00174836659,
              -725.9325487368756
            ],
            [
              1963.5931282161582,
              -726.6108026943094
            ],
            [
              1959.2627375648497,
              -723.4282264325044
            ],
            [
              1960.1496850476478,
              -719.0456623998549
            ],
            [
              1955.0366936762234,
              -714.9761386552518
            ],
            [
              1943.1933361118017,
              -711.7413890121059
            ],
            [
              1930.0978173951944,
              -710.6457480039434
            ],
            [
              1911.9936540698448,
              -716.1761264260963
            ],
            [
              1904.6372073007547,
              -721.1847710348385
            ],
            [
              1898.1677080144627,
              -728.4368710412465
            ],
            [
              1898.7416152092144,
              -735.4281041409492
            ],
            [
              1899.732909454695,
              -738.4019868773901
            ],
            [
              1901.8720180896785,
              -740.801962419079
            ],
            [
              1901.506804420291,
              -748.6279696202388
            ],
            [
              1886.5330439754052,
              -758.8017789817465
            ],
            [
              1880.5852785025238,
              -756.5583235840807
            ],
            [
              1873.6462187841626,
              -752.4496698034718
            ]
          ]
        ]
      }
    },
    {
      "type": "Feature",
      "properties": {
        "fid": 1102,
        "code": "tripolitania",
        "name": "Tripolitania",
        "capital": "Tripoli",
        "culture": null,
        "civs": [],
        "provinceType": "land",
        "terrain": "desert",
        "mapTypes": [],
        "resources": null,
        "religion": null,
        "population": "medium",
        "centerpoint": [
          1781,
          723
        ],
        "position": {
          "x": 1687,
          "y": 684
        },
        "bbox": {
          "w": 187,
          "h": 105
        }
      },
      "geometry": {
        "type": "Polygon",
        "coordinates": [
          [
            [
              1741.5432172285848,
              -691.7068105771363
            ],
            [
              1726.9868438344274,
              -702.0371400826671
            ],
            [
              1706.0131445353193,
              -710.1761875718731
            ],
            [
              1687.3872473965596,
              -737.4106926319092
            ],
            [
              1711.804389864178,
              -754.001827898368
            ],
            [
              1732.778089163286,
              -758.6974322190638
            ],
            [
              1736.8476129078892,
              -757.7583113549247
            ],
            [
              1747.804022989513,
              -769.0277617245947
            ],
            [
              1788.4992604355436,
              -778.7320106540328
            ],
            [
              1830.1336187457136,
              -789.0623401595637
            ],
            [
              1869.576695039559,
              -787.8101790073782
            ],
            [
              1870.8288561917443,
              -786.9493182152506
            ],
            [
              1873.9592590722084,
              -752.5931466021593
            ],
            [
              1868.0897536713387,
              -747.975802353475
            ],
            [
              1858.6202849579354,
              -744.9236595450227
            ],
            [
              1849.7768968206249,
              -738.6628537840949
            ],
            [
              1833.420541770201,
              -738.4280735680601
            ],
            [
              1826.3380052531513,
              -731.2281469429931
            ],
            [
              1824.7336737769137,
              -718.8630555651607
            ],
            [
              1820.0771994922236,
              -715.88917282872
            ],
            [
              1809.6686099146812,
              -714.9500519645808
            ],
            [
              1806.5382070342173,
              -714.1674512444648
            ],
            [
              1796.8339581047792,
              -707.7892553755196
            ],
            [
              1788.694910615573,
              -706.5370942233341
            ],
            [
              1783.8819161868596,
              -705.0501528551135
            ],
            [
              1775.7819987336593,
              -708.454465987618
            ],
            [
              1769.3646728287079,
              -706.4979641873283
            ],
            [
              1762.751696743728,
              -700.0806382823772
            ],
            [
              1755.356119938632,
              -699.6110778503077
            ],
            [
              1753.1648379223072,
              -697.3415357619713
            ],
            [
              1753.438748174348,
              -691.941590793171
            ],
            [
              1750.9344258699766,
              -690.4937794609565
            ],
            [
              1753.0865778502957,
              -686.4242557163534
            ],
            [
              1750.3866053658958,
              -683.6851531959475
            ],
            [
              1747.0214222693971,
              -684.3112337720403
            ],
            [
              1744.3605798210028,
              -686.111215428307
            ],
            [
              1744.8301402530724,
              -688.7329278406955
            ],
            [
              1741.5432172285848,
              -691.7068105771363
            ]
          ]
        ]
      }
    },
    {
      "type": "Feature",
      "properties": {
        "fid": 1103,
        "code": "libya",
        "name": "Libya",
        "capital": null,
        "culture": null,
        "civs": [
          "cart"
        ],
        "provinceType": "land",
        "terrain": "desert",
        "mapTypes": [],
        "resources": null,
        "religion": null,
        "population": "low",
        "centerpoint": [
          1946,
          866
        ],
        "position": {
          "x": 1866,
          "y": 787
        },
        "bbox": {
          "w": 190,
          "h": 181
        }
      },
      "geometry": {
        "type": "Polygon",
        "coordinates": [
          [
            [
              1926.706547608024,
              -815.475114463478
            ],
            [
              1904.4024270847185,
              -792.7014335081032
            ],
            [
              1894.619918083269,
              -799.4317997011002
            ],
            [
              1871.298416623813,
              -787.0667083232678
            ],
            [
              1866.446292159094,
              -892.0917249628318
            ],
            [
              1901.5068044202897,
              -921.2044717511461
            ],
            [
              1932.184752648836,
              -944.9955336426718
            ],
            [
              1991.9754476656967,
              -967.8474746700583
            ],
            [
              2026.0968390627534,
              -960.6475480449914
            ],
            [
              2049.887900954279,
              -914.6306257021719
            ],
            [
              2056.7747872912996,
              -842.631359451502
            ],
            [
              1949.715008779434,
              -834.4923119622958
            ],
            [
              1947.367206619086,
              -832.9271105220644
            ],
            [
              1926.706547608024,
              -815.475114463478
            ]
          ]
        ]
      }
    },
    {
      "type": "Feature",
      "properties": {
        "fid": 1104,
        "code": "carthage",
        "name": "Carthage",
        "capital": null,
        "culture": null,
        "civs": [
          "cart"
        ],
        "provinceType": "land",
        "terrain": "desert",
        "mapTypes": [],
        "resources": null,
        "religion": null,
        "population": "high",
        "centerpoint": [
          1725,
          648
        ],
        "position": {
          "x": 1655,
          "y": 623
        },
        "bbox": {
          "w": 105,
          "h": 77
        }
      },
      "geometry": {
        "type": "Polygon",
        "coordinates": [
          [
            [
              1743.5486315738826,
              -690.3470418259355
            ],
            [
              1736.7302227998707,
              -687.3242465444866
            ],
            [
              1734.4998107475403,
              -683.4112429439068
            ],
            [
              1734.1867704594938,
              -678.2460781911414
            ],
            [
              1740.0171458243578,
              -674.7635049866253
            ],
            [
              1750.738775689947,
              -667.5244483255526
            ],
            [
              1755.6104651726682,
              -662.3788485907902
            ],
            [
              1757.0191464688771,
              -653.6137205254912
            ],
            [
              1748.2540184035781,
              -644.5355521721458
            ],
            [
              1748.4105385476012,
              -640.6225485715659
            ],
            [
              1754.0452637324365,
              -638.7443068432875
            ],
            [
              1757.1756666129004,
              -633.2661018024756
            ],
            [
              1759.6799889172714,
              -626.6922557535015
            ],
            [
              1755.6104651726685,
              -623.2488125849911
            ],
            [
              1745.2801356671375,
              -629.3530982018958
            ],
            [
              1742.9323335067895,
              -622.6227320088983
            ],
            [
              1731.8194032811425,
              -622.7792521529216
            ],
            [
              1722.2716744957277,
              -624.6574938811999
            ],
            [
              1711.0022241260574,
              -628.2574571937334
            ],
            [
              1707.0892205254775,
              -626.8487758975247
            ],
            [
              1701.924055772712,
              -629.509618345919
            ],
            [
              1697.854532028109,
              -626.8487758975247
            ],
            [
              1692.0632866992507,
              -624.8140140252231
            ],
            [
              1682.2025176257894,
              -627.7878967616639
            ],
            [
              1670.7765471120956,
              -631.2313399301742
            ],
            [
              1664.3592212071455,
              -628.1009370497102
            ],
            [
              1654.6549722777072,
              -636.5530248269628
            ],
            [
              1685.3329205062537,
              -647.5094349085865
            ],
            [
              1714.132627006522,
              -644.3790320281227
            ],
            [
              1720.0803924794034,
              -654.0832809575608
            ],
            [
              1721.6455939196353,
              -673.4917788164371
            ],
            [
              1730.24441933191,
              -699.8165105393389
            ],
            [
              1743.5486315738826,
              -690.3470418259355
            ]
          ]
        ]
      }
    },
    {
      "type": "Feature",
      "properties": {
        "fid": 1105,
        "code": "numidia",
        "name": "Numidia",
        "capital": "Cirta",
        "culture": null,
        "civs": [
          "cart"
        ],
        "provinceType": "land",
        "terrain": "desert",
        "mapTypes": [],
        "resources": null,
        "religion": null,
        "population": "medium",
        "centerpoint": [
          1618,
          652
        ],
        "position": {
          "x": 1529,
          "y": 625
        },
        "bbox": {
          "w": 201,
          "h": 108
        }
      },
      "geometry": {
        "type": "Polygon",
        "coordinates": [
          [
            [
              1529.1258167711037,
              -653.1441600934215
            ],
            [
              1530.221457779266,
              -667.5440133435557
            ],
            [
              1557.6124829833257,
              -699.0045622922182
            ],
            [
              1622.7248628969753,
              -697.7524011400326
            ],
            [
              1670.306986680027,
              -724.0477853359296
            ],
            [
              1690.9676456910888,
              -732.8129134012287
            ],
            [
              1706.5414000213966,
              -709.9609723738421
            ],
            [
              1727.2803191044702,
              -702.2132252446938
            ],
            [
              1730.254201840911,
              -699.7871630123343
            ],
            [
              1722.0368942796931,
              -670.3222458999678
            ],
            [
              1720.158652551415,
              -653.4180703454626
            ],
            [
              1714.5239273665798,
              -644.4964221361404
            ],
            [
              1685.254660434242,
              -647.4703048725812
            ],
            [
              1655.828873357881,
              -636.8269350790038
            ],
            [
              1664.1244409911105,
              -628.0618070137048
            ],
            [
              1650.5071884610927,
              -628.0618070137049
            ],
            [
              1642.05510068384,
              -629.4704883099137
            ],
            [
              1635.7942949229123,
              -625.0879242772642
            ],
            [
              1631.2552107462395,
              -624.4618437011713
            ],
            [
              1627.3422071456596,
              -628.0618070137049
            ],
            [
              1621.3944416727782,
              -627.2792062935889
            ],
            [
              1617.7944783602447,
              -626.0270451414033
            ],
            [
              1612.7858337515024,
              -628.8444077338208
            ],
            [
              1606.994588422644,
              -631.348730038192
            ],
            [
              1601.0468229497626,
              -630.0965688860065
            ],
            [
              1593.8468963246955,
              -631.0356897501456
            ],
            [
              1588.9947718599765,
              -631.348730038192
            ],
            [
              1583.3600466751416,
              -632.4443710463544
            ],
            [
              1576.7862006261673,
              -637.6095357991198
            ],
            [
              1571.1514754413322,
              -638.0790962311894
            ],
            [
              1566.2993509766131,
              -642.4616602638389
            ],
            [
              1560.3515855037317,
              -642.3051401198157
            ],
            [
              1556.4385819031518,
              -641.0529789676302
            ],
            [
              1552.9951387346414,
              -644.4964221361405
            ],
            [
              1547.6734538378528,
              -642.7747005518853
            ],
            [
              1538.9083257725538,
              -646.0616235763724
            ],
            [
              1537.8126847643914,
              -649.661586888906
            ],
            [
              1529.1258167711037,
              -653.1441600934215
            ]
          ]
        ]
      }
    },
    {
      "type": "Feature",
      "properties": {
        "fid": 1106,
        "code": "mauretania",
        "name": "Mauretania",
        "capital": null,
        "culture": null,
        "civs": [
          "cart"
        ],
        "provinceType": "land",
        "terrain": "desert",
        "mapTypes": [],
        "resources": null,
        "religion": null,
        "population": "low",
        "centerpoint": [
          1456,
          685
        ],
        "position": {
          "x": 1374,
          "y": 643
        },
        "bbox": {
          "w": 184,
          "h": 123
        }
      },
      "geometry": {
        "type": "Polygon",
        "coordinates": [
          [
            [
              1373.808921355085,
              -741.666084047541
            ],
            [
              1405.5825105917938,
              -765.9267063711362
            ],
            [
              1425.617089026763,
              -750.2746919688167
            ],
            [
              1447.216868901964,
              -738.6922013111001
            ],
            [
              1468.5036084891187,
              -731.8053149740795
            ],
            [
              1475.077454538093,
              -717.7185020119919
            ],
            [
              1498.242435853526,
              -709.892494810832
            ],
            [
              1557.407050294294,
              -698.3100041531155
            ],
            [
              1530.6421056663278,
              -667.3190156365225
            ],
            [
              1529.5464646581654,
              -652.1365616662725
            ],
            [
              1525.0073804814926,
              -653.8582832505276
            ],
            [
              1518.903094864588,
              -651.8235213782261
            ],
            [
              1514.050970399869,
              -651.6670012342029
            ],
            [
              1512.0162085275674,
              -649.1626789298318
            ],
            [
              1508.9640657191148,
              -647.0496569855186
            ],
            [
              1500.1989376538158,
              -651.6670012342029
            ],
            [
              1495.8163736211663,
              -649.9452796499478
            ],
            [
              1483.1382419552876,
              -653.4669828904698
            ],
            [
              1477.8948171305105,
              -652.2930818102958
            ],
            [
              1473.4339930258493,
              -649.7887595059246
            ],
            [
              1468.0340480570492,
              -643.8409940330432
            ],
            [
              1452.1863834747007,
              -643.0583933129273
            ],
            [
              1448.429900018144,
              -647.4409573455767
            ],
            [
              1445.9255777137728,
              -652.2930818102958
            ],
            [
              1439.821292096868,
              -661.5277703076644
            ],
            [
              1430.899643887546,
              -672.4841803892881
            ],
            [
              1413.0563474689018,
              -681.092788310564
            ],
            [
              1402.2564575313008,
              -684.8492717671206
            ],
            [
              1390.0478862974917,
              -693.4578796883965
            ],
            [
              1391.769607881747,
              -699.0926048732316
            ],
            [
              1380.1871172240305,
              -714.4315789875048
            ],
            [
              1377.9958352077058,
              -726.6401502213141
            ],
            [
              1380.1871172240305,
              -730.3966336778708
            ],
            [
              1373.808921355085,
              -741.666084047541
            ]
          ]
        ]
      }
    },
    {
      "type": "Feature",
      "properties": {
        "fid": 1107,
        "code": "fezzan",
        "name": "Fezzan",
        "capital": "Garamante",
        "culture": null,
        "civs": [
          "cart"
        ],
        "provinceType": "land",
        "terrain": "desert",
        "mapTypes": [],
        "resources": null,
        "religion": null,
        "population": "medium",
        "centerpoint": [
          1731,
          810
        ],
        "position": {
          "x": 1606,
          "y": 738
        },
        "bbox": {
          "w": 266,
          "h": 175
        }
      },
      "geometry": {
        "type": "Polygon",
        "coordinates": [
          [
            [
              1688.0622405176582,
              -738.2226408790307
            ],
            [
              1630.1497872290756,
              -770.4657905478093
            ],
            [
              1605.7326447614569,
              -803.021980504634
            ],
            [
              1611.367369946293,
              -828.3782438363919
            ],
            [
              1644.5496404792104,
              -867.1952395541446
            ],
            [
              1680.862313892592,
              -880.9690122281858
            ],
            [
              1784.7916895239941,
              -911.0208798806394
            ],
            [
              1859.2952780790356,
              -912.8991216089178
            ],
            [
              1866.964765136172,
              -891.4558618777398
            ],
            [
              1871.3473291688215,
              -786.7438855262216
            ],
            [
              1830.182531290721,
              -788.778647398523
            ],
            [
              1748.1659758225665,
              -769.0571092516003
            ],
            [
              1737.366085884966,
              -757.9441790259533
            ],
            [
              1731.7313607001306,
              -758.8832998900926
            ],
            [
              1711.6967822651613,
              -753.8746552813504
            ],
            [
              1688.0622405176582,
              -738.2226408790307
            ]
          ]
        ]
      }
    },
    {
      "type": "Feature",
      "properties": {
        "fid": 1108,
        "code": "aksum",
        "name": "Aksum",
        "capital": null,
        "culture": null,
        "civs": [
          "kush"
        ],
        "provinceType": "land",
        "terrain": "mountainous",
        "mapTypes": [],
        "resources": null,
        "religion": null,
        "population": "medium",
        "centerpoint": [
          2199,
          1004
        ],
        "position": {
          "x": 2104,
          "y": 923
        },
        "bbox": {
          "w": 172,
          "h": 198
        }
      },
      "geometry": {
        "type": "Polygon",
        "coordinates": [
          [
            [
              2165.761720076455,
              -922.6033705383547
            ],
            [
              2182.3528553429137,
              -924.1685719785867
            ],
            [
              2184.2310970711906,
              -933.4423905119611
            ],
            [
              2191.5092837682705,
              -938.3336450126859
            ],
            [
              2197.6135693851743,
              -944.6727108456253
            ],
            [
              2198.552690249314,
              -952.3421979027618
            ],
            [
              2200.9787524816734,
              -956.9595421514462
            ],
            [
              2202.3091737058703,
              -961.655146472142
            ],
            [
              2206.5352175944963,
              -969.089853313244
            ],
            [
              2206.22217730645,
              -976.4463000823342
            ],
            [
              2212.3264629233545,
              -986.4635892998188
            ],
            [
              2213.4221039315166,
              -991.6287540525842
            ],
            [
              2219.5263895484213,
              -992.5678749167234
            ],
            [
              2222.8133125729087,
              -995.5417576531642
            ],
            [
              2225.630675165326,
              -998.6721605336281
            ],
            [
              2231.7349607822307,
              -998.3591202455817
            ],
            [
              2246.6043744644353,
              -1011.6242024515476
            ],
            [
              2256.934703969966,
              -1023.0501729652409
            ],
            [
              2262.5694291548,
              -1034.6717936589632
            ],
            [
              2271.334557220099,
              -1036.2369950991952
            ],
            [
              2276.9692824049343,
              -1052.2020497895612
            ],
            [
              2270.39543635596,
              -1055.958533246118
            ],
            [
              2262.5694291548,
              -1056.5846138222107
            ],
            [
              2240.343568703506,
              -1084.4451994583396
            ],
            [
              2233.4566823664854,
              -1099.4711332845666
            ],
            [
              2177.735511094228,
              -1109.8014627900975
            ],
            [
              2142.3619585449856,
              -1120.7578728717212
            ],
            [
              2104.4840836913722,
              -1114.184026822747
            ],
            [
              2111.684010316439,
              -1075.3670311049946
            ],
            [
              2126.3969038546193,
              -1050.9498886373758
            ],
            [
              2125.7708232785267,
              -1027.15882674585
            ],
            [
              2141.3445776088347,
              -991.9809243766364
            ],
            [
              2158.3270132353514,
              -962.9855676963396
            ],
            [
              2159.2661340994905,
              -929.4902568753756
            ],
            [
              2165.057379428349,
              -922.6425005743605
            ],
            [
              2165.761720076455,
              -922.6033705383547
            ]
          ]
        ]
      }
    },
    {
      "type": "Feature",
      "properties": {
        "fid": 1109,
        "code": "crete",
        "name": "Crete",
        "capital": null,
        "culture": "greek",
        "civs": [
          "athen"
        ],
        "provinceType": "land",
        "terrain": "island",
        "mapTypes": [],
        "resources": null,
        "religion": null,
        "population": "medium",
        "centerpoint": [
          2010,
          682
        ],
        "position": {
          "x": 1985,
          "y": 675
        },
        "bbox": {
          "w": 52,
          "h": 17
        }
      },
      "geometry": {
        "type": "Polygon",
        "coordinates": [
          [
            [
              1985.7472926166358,
              -682.349014921036
            ],
            [
              1987.0416328985418,
              -677.1716537934116
            ],
            [
              1989.917944636111,
              -675.3020511639917
            ],
            [
              1992.5066251999233,
              -677.0278382065331
            ],
            [
              1995.6705681112492,
              -676.3087602721408
            ],
            [
              1998.6906954356969,
              -675.4458667508701
            ],
            [
              1998.40306426194,
              -678.897440835953
            ],
            [
              2002.4299006945366,
              -680.3355967047376
            ],
            [
              2005.8814747796196,
              -678.897440835953
            ],
            [
              2008.3263397565534,
              -677.4592849671685
            ],
            [
              2014.0789632316917,
              -677.7469161409254
            ],
            [
              2016.380012621747,
              -678.7536252490746
            ],
            [
              2018.3934308380453,
              -679.4727031834668
            ],
            [
              2022.4202672706422,
              -679.6165187703454
            ],
            [
              2023.7146075525482,
              -678.4659940753177
            ],
            [
              2026.159472529482,
              -678.7536252490746
            ],
            [
              2026.0156569426035,
              -682.6366460947929
            ],
            [
              2028.0290751589018,
              -683.3557240291851
            ],
            [
              2029.035784267051,
              -680.3355967047376
            ],
            [
              2032.199727178377,
              -681.0546746391299
            ],
            [
              2034.9322233290677,
              -678.897440835953
            ],
            [
              2036.8018259584878,
              -679.7603343572238
            ],
            [
              2035.7951168503384,
              -686.9511137011466
            ],
            [
              2030.7615713095925,
              -688.1016383961743
            ],
            [
              2023.5707919656697,
              -689.6836098518372
            ],
            [
              2007.4634462352826,
              -691.840843655014
            ],
            [
              2006.8881838877687,
              -687.6701916355389
            ],
            [
              2002.4299006945366,
              -687.6701916355389
            ],
            [
              1997.2525395669122,
              -687.382560461782
            ],
            [
              1988.7674199410833,
              -686.6634825273896
            ],
            [
              1984.884399095365,
              -685.5129578323621
            ],
            [
              1985.7472926166358,
              -682.349014921036
            ]
          ]
        ]
      }
    },
    {
      "type": "Feature",
      "properties": {
        "fid": 1110,
        "code": "you",
        "name": "You",
        "capital": null,
        "culture": "chinese",
        "civs": [
          "han"
        ],
        "provinceType": "land",
        "terrain": "plains",
        "mapTypes": [],
        "resources": null,
        "religion": null,
        "population": "high",
        "centerpoint": [
          3564,
          480
        ],
        "position": {
          "x": 3476,
          "y": 437
        },
        "bbox": {
          "w": 146,
          "h": 71
        }
      },
      "geometry": {
        "type": "Polygon",
        "coordinates": [
          [
            [
              3562.96876845438,
              -501.5499540119562
            ],
            [
              3563.007898490386,
              -506.79337883673327
            ],
            [
              3547.8645745561416,
              -506.7151187647219
            ],
            [
              3532.9169008019267,
              -508.59336049300026
            ],
            [
              3515.269254563311,
              -489.85007324622177
            ],
            [
              3490.539071807646,
              -489.85007324622177
            ],
            [
              3481.1478631662544,
              -481.0849451809228
            ],
            [
              3476.4522588455584,
              -476.7023811482733
            ],
            [
              3506.8171667860593,
              -464.10250955440654
            ],
            [
              3536.24295386242,
              -449.70265630427247
            ],
            [
              3578.033832316612,
              -455.49390163313046
            ],
            [
              3618.0247291145397,
              -437.1027847104049
            ],
            [
              3622.0159927871314,
              -443.52011061535563
            ],
            [
              3618.4551595106027,
              -458.0373539735072
            ],
            [
              3610.7074123814546,
              -461.95035757408715
            ],
            [
              3608.046569933061,
              -472.5545973316587
            ],
            [
              3602.3335846762147,
              -475.37195992407624
            ],
            [
              3595.4858283751996,
              -477.4067217963778
            ],
            [
              3592.981506070829,
              -477.75889212042995
            ],
            [
              3588.207641678121,
              -487.50227108587393
            ],
            [
              3586.485920093866,
              -490.63267396633785
            ],
            [
              3582.2598762052394,
              -491.49353475846544
            ],
            [
              3573.1034477798826,
              -492.19787540656984
            ],
            [
              3569.112184107291,
              -489.9283333182335
            ],
            [
              3563.086158562398,
              -495.64131857508016
            ],
            [
              3562.96876845438,
              -501.5499540119562
            ]
          ]
        ]
      }
    },
    {
      "type": "Feature",
      "properties": {
        "fid": 1111,
        "code": "qing",
        "name": "Qing",
        "capital": null,
        "culture": "chinese",
        "civs": [
          "han"
        ],
        "provinceType": "land",
        "terrain": "plains",
        "mapTypes": [],
        "resources": null,
        "religion": null,
        "population": "high",
        "centerpoint": [
          3587,
          522
        ],
        "position": {
          "x": 3532,
          "y": 506
        },
        "bbox": {
          "w": 110,
          "h": 37
        }
      },
      "geometry": {
        "type": "Polygon",
        "coordinates": [
          [
            [
              3563.3600688144375,
              -506.245558332652
            ],
            [
              3548.2558749162,
              -506.48033854868714
            ],
            [
              3532.9951608739375,
              -508.28032020495357
            ],
            [
              3538.316845770726,
              -538.4887080014303
            ],
            [
              3554.907981037185,
              -541.3060705938478
            ],
            [
              3572.438237167783,
              -543.4973526101726
            ],
            [
              3585.272888977685,
              -541.7756310259174
            ],
            [
              3640.8375401059193,
              -531.914861952456
            ],
            [
              3642.5592616901745,
              -527.062737487737
            ],
            [
              3635.672375353154,
              -521.2714921588788
            ],
            [
              3628.315928584064,
              -523.6192943192267
            ],
            [
              3622.368163111182,
              -525.1844957594586
            ],
            [
              3617.516038646463,
              -516.5758878381829
            ],
            [
              3604.2118264044916,
              -516.1063274061133
            ],
            [
              3602.17706453219,
              -522.6801734550876
            ],
            [
              3596.8553796354013,
              -526.5931770556674
            ],
            [
              3590.5945738744736,
              -530.3496605122241
            ],
            [
              3583.7076875374532,
              -527.3757777757834
            ],
            [
              3583.5511673934298,
              -522.993213743134
            ],
            [
              3587.777211282056,
              -519.5497705746236
            ],
            [
              3586.838090417917,
              -514.5411259658814
            ],
            [
              3584.8033285456154,
              -510.78464250932467
            ],
            [
              3578.072962352618,
              -510.0020417892087
            ],
            [
              3573.6903983199686,
              -512.0368036615102
            ],
            [
              3571.3425961596204,
              -513.2889648136958
            ],
            [
              3563.3600688144375,
              -506.245558332652
            ]
          ]
        ]
      }
    },
    {
      "type": "Feature",
      "properties": {
        "fid": 1112,
        "code": "xu",
        "name": "Xu",
        "capital": null,
        "culture": "chinese",
        "civs": [
          "han"
        ],
        "provinceType": "land",
        "terrain": "plains",
        "mapTypes": [],
        "resources": null,
        "religion": null,
        "population": "high",
        "centerpoint": [
          3598,
          586
        ],
        "position": {
          "x": 3537,
          "y": 532
        },
        "bbox": {
          "w": 104,
          "h": 105
        }
      },
      "geometry": {
        "type": "Polygon",
        "coordinates": [
          [
            [
              3576.3490268551986,
              -542.8864847607331
            ],
            [
              3569.3860943593304,
              -558.8363267244462
            ],
            [
              3576.7425411284207,
              -566.3492936375595
            ],
            [
              3561.4035670141475,
              -572.4535792544642
            ],
            [
              3545.908072755851,
              -569.6362166620466
            ],
            [
              3542.1515892992943,
              -564.7840921973276
            ],
            [
              3537.2994648345752,
              -569.3231763740002
            ],
            [
              3547.473274196082,
              -588.5751540888534
            ],
            [
              3546.8471936199894,
              -608.2966922357762
            ],
            [
              3569.699134647376,
              -612.3662159803793
            ],
            [
              3571.5773763756542,
              -629.2703915348844
            ],
            [
              3576.899061272443,
              -622.3835051978638
            ],
            [
              3588.7945922182057,
              -620.8183037576318
            ],
            [
              3595.36843826718,
              -618.0009411652143
            ],
            [
              3601.903154280149,
              -624.0269667101073
            ],
            [
              3606.2074582407868,
              -627.2356296625828
            ],
            [
              3616.968218142381,
              -628.957351246838
            ],
            [
              3625.73334620768,
              -632.7138347033947
            ],
            [
              3637.6288771534428,
              -637.0963987360442
            ],
            [
              3635.7506354251645,
              -623.322626062003
            ],
            [
              3629.059399268173,
              -620.2313532175449
            ],
            [
              3623.424674083338,
              -611.1531848641995
            ],
            [
              3621.663822463077,
              -610.4879742521009
            ],
            [
              3619.7855807347987,
              -600.15764474657
            ],
            [
              3615.0899764141027,
              -600.4706850346164
            ],
            [
              3612.2726138216854,
              -591.0794763932246
            ],
            [
              3613.524774973871,
              -582.3143483279257
            ],
            [
              3603.19444546834,
              -581.3752274637865
            ],
            [
              3598.8118814356903,
              -577.3057037191834
            ],
            [
              3593.4901965389017,
              -576.6796231430906
            ],
            [
              3593.177156250855,
              -571.357938246302
            ],
            [
              3600.3770828759225,
              -564.1580116212349
            ],
            [
              3606.63788863685,
              -560.7145684527246
            ],
            [
              3610.707412381453,
              -556.9580849961679
            ],
            [
              3617.594298718474,
              -548.8190375069618
            ],
            [
              3623.542064191355,
              -545.3755943384515
            ],
            [
              3632.307192256654,
              -542.8712720340803
            ],
            [
              3639.194078593675,
              -543.8103928982194
            ],
            [
              3641.3853606099997,
              -532.8539828165958
            ],
            [
              3641.072320321953,
              -531.7583418084333
            ],
            [
              3576.3490268551986,
              -542.8864847607331
            ]
          ]
        ]
      }
    },
    {
      "type": "Feature",
      "properties": {
        "fid": 1113,
        "code": "minyue",
        "name": "Minyue",
        "capital": null,
        "culture": null,
        "civs": [
          "han"
        ],
        "provinceType": "land",
        "terrain": "tropical_forest",
        "mapTypes": [],
        "resources": null,
        "religion": null,
        "population": "high",
        "centerpoint": [
          3564,
          692
        ],
        "position": {
          "x": 3468,
          "y": 619
        },
        "bbox": {
          "w": 182,
          "h": 174
        }
      },
      "geometry": {
        "type": "Polygon",
        "coordinates": [
          [
            [
              3639.97667931379,
              -640.5398419045548
            ],
            [
              3622.446423183192,
              -631.6181936952325
            ],
            [
              3617.2812584304265,
              -629.5834318229311
            ],
            [
              3604.916167052594,
              -627.5486699506295
            ],
            [
              3595.8379986992486,
              -619.0965821733769
            ],
            [
              3591.298914522576,
              -619.4096224614233
            ],
            [
              3583.0033468893466,
              -621.9139447657944
            ],
            [
              3577.0555814164654,
              -622.5400253418873
            ],
            [
              3571.7338965196764,
              -629.5834318229311
            ],
            [
              3553.107999380916,
              -652.4353728503177
            ],
            [
              3552.481918804823,
              -658.6961786112455
            ],
            [
              3535.5777432503182,
              -662.7657023558486
            ],
            [
              3523.369172016509,
              -653.3744937144568
            ],
            [
              3513.6649230870707,
              -647.4267282415753
            ],
            [
              3503.0215532934935,
              -655.5657757307815
            ],
            [
              3496.39059132608,
              -666.0707213138055
            ],
            [
              3492.352103378482,
              -670.194875840102
            ],
            [
              3485.88893937712,
              -678.9304667491037
            ],
            [
              3479.6557746745552,
              -686.7032271735678
            ],
            [
              3480.6497052201616,
              -694.4721707957775
            ],
            [
              3475.7870482334574,
              -702.5218189377405
            ],
            [
              3468.9001618964367,
              -715.669511035689
            ],
            [
              3470.521819647064,
              -747.5214304500666
            ],
            [
              3470.778403624715,
              -772.6428434601323
            ],
            [
              3525.247413744787,
              -766.3820376992045
            ],
            [
              3527.125655473067,
              -773.5819643242716
            ],
            [
              3535.5777432503196,
              -785.164454981988
            ],
            [
              3542.777669875387,
              -787.0426967102665
            ],
            [
              3553.577559812987,
              -792.8339420391246
            ],
            [
              3565.3165706147256,
              -787.0426967102665
            ],
            [
              3584.725068473602,
              -772.6428434601323
            ],
            [
              3607.2639692129424,
              -754.4865067534416
            ],
            [
              3616.655177854334,
              -739.4605729272148
            ],
            [
              3618.533419582612,
              -734.4519283184725
            ],
            [
              3626.6724670718186,
              -719.4259944922456
            ],
            [
              3631.055031104468,
              -706.2783023942972
            ],
            [
              3637.315836865396,
              -710.034785850854
            ],
            [
              3644.828803778509,
              -697.5131743289982
            ],
            [
              3645.454884354602,
              -686.8698045354208
            ],
            [
              3651.0896095394373,
              -663.078742643895
            ],
            [
              3643.5766426263235,
              -643.6702447850187
            ],
            [
              3639.97667931379,
              -640.5398419045548
            ]
          ]
        ]
      }
    },
    {
      "type": "Feature",
      "properties": {
        "fid": 1114,
        "code": "nanyue",
        "name": "Nan Yue",
        "capital": null,
        "culture": "viet",
        "civs": [
          "han"
        ],
        "provinceType": "land",
        "terrain": "tropical_forest",
        "mapTypes": [],
        "resources": null,
        "religion": null,
        "population": "medium",
        "centerpoint": [
          3422,
          843
        ],
        "position": {
          "x": 3290,
          "y": 766
        },
        "bbox": {
          "w": 254,
          "h": 144
        }
      },
      "geometry": {
        "type": "Polygon",
        "coordinates": [
          [
            [
              3356.0882680917202,
              -910.654480452585
            ],
            [
              3324.4711989990346,
              -905.8023559878659
            ],
            [
              3290.5063277460017,
              -872.9331257429948
            ],
            [
              3300.8366572515324,
              -828.4814048404071
            ],
            [
              3337.1493306649136,
              -793.8904530112807
            ],
            [
              3462.8350063155403,
              -793.8904530112806
            ],
            [
              3471.287094092793,
              -771.3515522719402
            ],
            [
              3525.4430639248194,
              -766.1863875191748
            ],
            [
              3527.086525437063,
              -773.3863141442417
            ],
            [
              3536.0864337183966,
              -785.2035850179931
            ],
            [
              3543.5211405594987,
              -787.160086818283
            ],
            [
              3543.912440919555,
              -796.2382551716283
            ],
            [
              3544.8515617836943,
              -804.6903429488809
            ],
            [
              3529.669107813444,
              -807.977265973368
            ],
            [
              3520.4344193160755,
              -808.6033465494609
            ],
            [
              3512.2953718268695,
              -812.5163501500407
            ],
            [
              3508.5388883703126,
              -816.4293537506206
            ],
            [
              3504.3128444816866,
              -819.7162767751078
            ],
            [
              3499.7737603050136,
              -819.2467163430382
            ],
            [
              3497.2694380006424,
              -820.8119177832701
            ],
            [
              3495.5477164163876,
              -826.9162034001748
            ],
            [
              3489.1303905114364,
              -825.8205623920124
            ],
            [
              3487.0956286391347,
              -822.2205990794789
            ],
            [
              3485.37390705488,
              -824.0988408077573
            ],
            [
              3480.3652624461374,
              -826.6031631121284
            ],
            [
              3478.330500573836,
              -828.3248846963836
            ],
            [
              3471.756654524862,
              -827.2292436882212
            ],
            [
              3464.869768187841,
              -830.6726868567315
            ],
            [
              3461.5828451633542,
              -830.6726868567315
            ],
            [
              3457.8263617067973,
              -828.1683645523603
            ],
            [
              3442.0178271604545,
              -833.0204890170795
            ],
            [
              3441.548266728385,
              -838.9682544899609
            ],
            [
              3438.2613437038976,
              -841.3160566503088
            ],
            [
              3435.91354154355,
              -840.8464962182393
            ],
            [
              3438.574383991944,
              -845.2290602508888
            ],
            [
              3442.330867448501,
              -849.1420638514687
            ],
            [
              3450.469914937707,
              -857.437631484698
            ],
            [
              3441.3917465843615,
              -874.3418070392032
            ],
            [
              3430.4353365027378,
              -877.7852502077136
            ],
            [
              3422.296289013532,
              -881.0721732322007
            ],
            [
              3415.0963623884645,
              -882.3243343843862
            ],
            [
              3408.835556627537,
              -879.9765322240384
            ],
            [
              3400.070428562238,
              -877.3156897756439
            ],
            [
              3398.3487069779826,
              -871.3679243027625
            ],
            [
              3396.313945105681,
              -864.0114775336723
            ],
            [
              3405.3921134590264,
              -859.00283292493
            ],
            [
              3412.1224796520237,
              -853.6811480281414
            ],
            [
              3422.452809157555,
              -849.9246645715847
            ],
            [
              3423.5484501657174,
              -846.7942616911207
            ],
            [
              3417.757204836859,
              -838.8117343459377
            ],
            [
              3419.6354465651375,
              -832.8639688730563
            ],
            [
              3421.6702084374388,
              -829.1074854164996
            ],
            [
              3410.713798355815,
              -831.6118077208707
            ],
            [
              3403.357351586725,
              -828.7944451284532
            ],
            [
              3397.879146545913,
              -828.0118444083372
            ],
            [
              3377.5315278228977,
              -830.0466062806387
            ],
            [
              3359.2186709721836,
              -838.6552142019145
            ],
            [
              3354.366546507465,
              -843.1942983785873
            ],
            [
              3351.392663771024,
              -847.7333825552599
            ],
            [
              3346.384019162282,
              -847.1073019791671
            ],
            [
              3342.471015561702,
              -853.2115875960718
            ],
            [
              3336.210209800774,
              -855.5593897564197
            ],
            [
              3330.418964471916,
              -860.2549940771156
            ],
            [
              3324.001638566965,
              -870.898363870693
            ],
            [
              3325.7233601512203,
              -876.0635286234584
            ],
            [
              3329.323323463754,
              -878.09829049576
            ],
            [
              3332.2972062001945,
              -882.6373746724327
            ],
            [
              3340.436253689401,
              -884.0460559686414
            ],
            [
              3340.279733545378,
              -889.6807811534766
            ],
            [
              3350.140502618839,
              -897.3502682106131
            ],
            [
              3352.6448249232103,
              -901.4197919552163
            ],
            [
              3360.47083212437,
              -906.1153962759121
            ],
            [
              3356.0882680917202,
              -910.654480452585
            ]
          ]
        ]
      }
    },
    {
      "type": "Feature",
      "properties": {
        "fid": 1115,
        "code": "ji",
        "name": "Ji",
        "capital": null,
        "culture": "chinese",
        "civs": [
          "han"
        ],
        "provinceType": "land",
        "terrain": null,
        "mapTypes": [],
        "resources": null,
        "religion": null,
        "population": "high",
        "centerpoint": [
          3504,
          517
        ],
        "position": {
          "x": 3477,
          "y": 490
        },
        "bbox": {
          "w": 61,
          "h": 66
        }
      },
      "geometry": {
        "type": "Polygon",
        "coordinates": [
          [
            [
              3490.6173318796586,
              -490.084853462256
            ],
            [
              3480.756562806197,
              -492.43265562260393
            ],
            [
              3477.9392002137797,
              -506.3629484406684
            ],
            [
              3485.7652074149396,
              -510.11943189722507
            ],
            [
              3480.91308295022,
              -544.2408232942819
            ],
            [
              3507.5215074341636,
              -555.1972333759056
            ],
            [
              3530.6864887495967,
              -548.9364276149778
            ],
            [
              3528.1821664452254,
              -536.4148160931221
            ],
            [
              3539.4516168148957,
              -534.5365743648438
            ],
            [
              3533.112550981956,
              -508.5542304569931
            ],
            [
              3515.347514635323,
              -489.61529303018636
            ],
            [
              3490.6173318796586,
              -490.084853462256
            ]
          ]
        ]
      }
    },
    {
      "type": "Feature",
      "properties": {
        "fid": 1116,
        "code": "yan",
        "name": "Yan",
        "capital": null,
        "culture": "chinese",
        "civs": [
          "han"
        ],
        "provinceType": "land",
        "terrain": null,
        "mapTypes": [],
        "resources": null,
        "religion": null,
        "population": "high",
        "centerpoint": [
          3543,
          563
        ],
        "position": {
          "x": 3507,
          "y": 535
        },
        "bbox": {
          "w": 70,
          "h": 64
        }
      },
      "geometry": {
        "type": "Polygon",
        "coordinates": [
          [
            [
              3530.725618785602,
              -548.7799074709543
            ],
            [
              3507.325857254134,
              -554.9624531598705
            ],
            [
              3512.2562417908644,
              -592.8403280134839
            ],
            [
              3532.13430008181,
              -597.0663719021103
            ],
            [
              3547.160233908037,
              -598.1620129102727
            ],
            [
              3547.5906643041008,
              -588.6534141608636
            ],
            [
              3537.416854942593,
              -569.5579565900337
            ],
            [
              3542.2102843533035,
              -564.842787251335
            ],
            [
              3545.9276377738543,
              -569.7144767340569
            ],
            [
              3561.4818270861597,
              -572.5709693624802
            ],
            [
              3576.8599312364386,
              -566.388423673564
            ],
            [
              3569.454249694622,
              -558.754697769238
            ],
            [
              3576.2459084130805,
              -542.9986151596829
            ],
            [
              3572.4537738269614,
              -543.428582712499
            ],
            [
              3538.3900163447124,
              -538.4497653477459
            ],
            [
              3537.76928685399,
              -534.4975624898864
            ],
            [
              3528.0244803529913,
              -536.2535512338649
            ],
            [
              3530.725618785602,
              -548.7799074709543
            ]
          ]
        ]
      }
    },
    {
      "type": "Feature",
      "properties": {
        "fid": 1117,
        "code": "yu",
        "name": "Yu",
        "capital": null,
        "culture": "chinese",
        "civs": [
          "han"
        ],
        "provinceType": "land",
        "terrain": null,
        "mapTypes": [],
        "resources": null,
        "religion": null,
        "population": "high",
        "centerpoint": [
          3521,
          618
        ],
        "position": {
          "x": 3471,
          "y": 583
        },
        "bbox": {
          "w": 100,
          "h": 80
        }
      },
      "geometry": {
        "type": "Polygon",
        "coordinates": [
          [
            [
              3511.2891246534646,
              -583.1444542735321
            ],
            [
              3483.832764402852,
              -585.3894565115988
            ],
            [
              3472.0272412341715,
              -594.1210892075878
            ],
            [
              3473.373804332485,
              -614.8999775993342
            ],
            [
              3494.532608535751,
              -626.8752083458007
            ],
            [
              3497.167634234006,
              -635.4432828996602
            ],
            [
              3515.589913308267,
              -652.0572332876466
            ],
            [
              3536.3618394745513,
              -663.202162336015
            ],
            [
              3552.922036134714,
              -658.5324133388051
            ],
            [
              3553.3898804529545,
              -652.2067612428382
            ],
            [
              3572.065978809468,
              -629.5189989346314
            ],
            [
              3569.9923804341774,
              -612.1031964240626
            ],
            [
              3547.3395349892944,
              -608.193137639133
            ],
            [
              3547.479980201759,
              -598.1252966402744
            ],
            [
              3512.545179464882,
              -593.0115583389146
            ],
            [
              3511.2891246534646,
              -583.1444542735321
            ]
          ]
        ]
      }
    },
    {
      "type": "Feature",
      "properties": {
        "fid": 1118,
        "code": "jing",
        "name": "Jing",
        "capital": null,
        "culture": "chinese",
        "civs": [
          "han"
        ],
        "provinceType": "land",
        "terrain": null,
        "mapTypes": [],
        "resources": null,
        "religion": null,
        "population": "high",
        "centerpoint": [
          3429,
          684
        ],
        "position": {
          "x": 3356,
          "y": 590
        },
        "bbox": {
          "w": 156,
          "h": 204
        }
      },
      "geometry": {
        "type": "Polygon",
        "coordinates": [
          [
            [
              3366.648370100732,
              -794.0032698065675
            ],
            [
              3356.3030669216673,
              -769.1410103659881
            ],
            [
              3370.8123895786725,
              -719.4792572500008
            ],
            [
              3356.4907985741484,
              -713.8190409825431
            ],
            [
              3360.0070878020138,
              -696.5426587784966
            ],
            [
              3367.8816304787442,
              -664.4301204547021
            ],
            [
              3368.4431285070873,
              -649.2976652902477
            ],
            [
              3389.9451646681796,
              -643.6456482703321
            ],
            [
              3389.9140646071105,
              -636.1067039469195
            ],
            [
              3378.0015996258153,
              -622.0655791350503
            ],
            [
              3427.3676193401293,
              -590.0938395506165
            ],
            [
              3474.963478390714,
              -595.3568229856514
            ],
            [
              3474.838512503404,
              -615.4788633539614
            ],
            [
              3495.529543093808,
              -627.4950189886499
            ],
            [
              3497.5135873827667,
              -635.8058109848977
            ],
            [
              3511.8662784483604,
              -649.004971575768
            ],
            [
              3503.1714710168226,
              -655.5790356027575
            ],
            [
              3494.7377629451507,
              -668.729213468622
            ],
            [
              3480.3203977132584,
              -687.116434268801
            ],
            [
              3480.8738379048186,
              -695.2381518544735
            ],
            [
              3469.339097512399,
              -716.0441820942763
            ],
            [
              3471.4707256806782,
              -772.7344140422243
            ],
            [
              3463.2786087253253,
              -794.033592752576
            ],
            [
              3366.648370100732,
              -794.0032698065675
            ]
          ]
        ]
      }
    },
    {
      "type": "Feature",
      "properties": {
        "fid": 1119,
        "code": "sili",
        "name": "Sili",
        "capital": null,
        "culture": "chinese",
        "civs": [
          "han"
        ],
        "provinceType": null,
        "terrain": null,
        "mapTypes": [],
        "resources": null,
        "religion": null,
        "population": "high",
        "centerpoint": [
          3414,
          568
        ],
        "position": {
          "x": 3342,
          "y": 538
        },
        "bbox": {
          "w": 170,
          "h": 57
        }
      },
      "geometry": {
        "type": "Polygon",
        "coordinates": [
          [
            [
              3481.331133470907,
              -543.7756465569432
            ],
            [
              3459.6730313614357,
              -562.0107596217562
            ],
            [
              3434.8577048339766,
              -558.5255704549597
            ],
            [
              3418.7119522911266,
              -539.1985613945285
            ],
            [
              3404.772326910007,
              -537.9042321804443
            ],
            [
              3397.5138487792497,
              -555.5080134902663
            ],
            [
              3372.8933218657476,
              -561.4328630983282
            ],
            [
              3348.187128373547,
              -559.1950702324956
            ],
            [
              3342.7375445720972,
              -561.5572633426048
            ],
            [
              3342.232662873268,
              -568.3575098661366
            ],
            [
              3351.7946679727343,
              -573.4914277900909
            ],
            [
              3356.4684458883357,
              -578.42453807519
            ],
            [
              3363.2023926659585,
              -581.7633447100022
            ],
            [
              3370.5717708223433,
              -581.5899617407199
            ],
            [
              3388.890924886244,
              -582.6582498690198
            ],
            [
              3408.375625474665,
              -582.6818577363381
            ],
            [
              3429.6748041850155,
              -590.873974691691
            ],
            [
              3472.0160204588656,
              -595.3397355962036
            ],
            [
              3484.221109093372,
              -585.7875553238903
            ],
            [
              3512.4298087732727,
              -583.162495863546
            ],
            [
              3508.035012881474,
              -554.4801559566439
            ],
            [
              3481.331133470907,
              -543.7756465569432
            ]
          ]
        ]
      }
    },
    {
      "type": "Feature",
      "properties": {
        "fid": 1120,
        "code": "yi",
        "name": "Yi",
        "capital": null,
        "culture": "chinese",
        "civs": [
          "han"
        ],
        "provinceType": "land",
        "terrain": null,
        "mapTypes": [],
        "resources": null,
        "religion": null,
        "population": "high",
        "centerpoint": [
          3321,
          667
        ],
        "position": {
          "x": 3214,
          "y": 565
        },
        "bbox": {
          "w": 215,
          "h": 246
        }
      },
      "geometry": {
        "type": "Polygon",
        "coordinates": [
          [
            [
              3340.856625293497,
              -568.7921336060438
            ],
            [
              3311.620845195035,
              -565.0652119121701
            ],
            [
              3298.2424350207425,
              -573.7773363646116
            ],
            [
              3282.56813148225,
              -574.2059520796201
            ],
            [
              3268.698622649294,
              -577.3047931777242
            ],
            [
              3251.043808802582,
              -601.7886209756365
            ],
            [
              3241.9567866882117,
              -648.7763319062736
            ],
            [
              3231.0884363248656,
              -686.1785712808846
            ],
            [
              3239.3989454995967,
              -709.3334358229058
            ],
            [
              3214.185820496682,
              -722.8517962720096
            ],
            [
              3219.9000376387357,
              -759.4317210799271
            ],
            [
              3246.0795271069264,
              -778.5093640087722
            ],
            [
              3257.1500278672224,
              -790.110262736343
            ],
            [
              3274.8083756946735,
              -797.9924390175822
            ],
            [
              3314.327258850062,
              -811.5037315052101
            ],
            [
              3325.3277844729528,
              -806.1420055051027
            ],
            [
              3336.718192145274,
              -794.4614482237318
            ],
            [
              3367.6672337564337,
              -794.4247643700393
            ],
            [
              3356.6709491680726,
              -769.3052223718482
            ],
            [
              3371.7357618285223,
              -718.8092800501291
            ],
            [
              3357.258246286377,
              -713.1627054120787
            ],
            [
              3369.3195678438183,
              -662.4581804362376
            ],
            [
              3371.2044453354297,
              -649.8809510054803
            ],
            [
              3391.404518677929,
              -643.7143688703412
            ],
            [
              3391.5020598956658,
              -635.8499338422804
            ],
            [
              3379.1900294485454,
              -622.6293566067355
            ],
            [
              3429.0978975368967,
              -589.6675032789495
            ],
            [
              3408.3619838452573,
              -582.525933198718
            ],
            [
              3362.7482606825047,
              -581.960194135845
            ],
            [
              3357.1798604294017,
              -577.5767072400513
            ],
            [
              3352.153308550337,
              -572.2031066009055
            ],
            [
              3343.4664175448247,
              -568.092452293258
            ],
            [
              3340.856625293497,
              -568.7921336060438
            ]
          ]
        ]
      }
    },
    {
      "type": "Feature",
      "properties": {
        "fid": 1121,
        "code": "bing",
        "name": "Bing",
        "capital": null,
        "culture": "chinese",
        "civs": [
          "han"
        ],
        "provinceType": "land",
        "terrain": "plans",
        "mapTypes": [],
        "resources": null,
        "religion": null,
        "population": "high",
        "centerpoint": [
          3381,
          506
        ],
        "position": {
          "x": 3276,
          "y": 422
        },
        "bbox": {
          "w": 220,
          "h": 141
        }
      },
      "geometry": {
        "type": "Polygon",
        "coordinates": [
          [
            [
              3342.959007940765,
              -555.6388343266331
            ],
            [
              3338.946142742153,
              -547.8001958971713
            ],
            [
              3329.9106909475618,
              -543.9839787625717
            ],
            [
              3311.852452038971,
              -539.4215809683676
            ],
            [
              3305.5759458435864,
              -532.0369141719972
            ],
            [
              3307.595388638321,
              -508.3147947233497
            ],
            [
              3282.980494799758,
              -493.8969350722362
            ],
            [
              3276.523113805295,
              -478.59430283528604
            ],
            [
              3278.040804485688,
              -466.68880155727817
            ],
            [
              3286.955826643043,
              -451.5768305588808
            ],
            [
              3292.911916209613,
              -437.7474474486392
            ],
            [
              3305.9413513535405,
              -434.5600899207498
            ],
            [
              3328.834391572644,
              -436.76497512971423
            ],
            [
              3335.091022731769,
              -422.0769685323194
            ],
            [
              3435.560708655474,
              -439.05436617547144
            ],
            [
              3485.8461599219436,
              -453.5091223148478
            ],
            [
              3496.1321255805615,
              -468.7138145447306
            ],
            [
              3477.207685998404,
              -476.889886531895
            ],
            [
              3491.5876603228126,
              -490.4008961980063
            ],
            [
              3481.0227833457716,
              -492.66070638218144
            ],
            [
              3478.518095211312,
              -506.2348703709946
            ],
            [
              3486.503325797532,
              -510.4069120109749
            ],
            [
              3481.9285025631402,
              -545.216004776116
            ],
            [
              3460.399041732475,
              -563.1256271362807
            ],
            [
              3434.424035294636,
              -558.956306687233
            ],
            [
              3418.4478489188136,
              -539.7715805350149
            ],
            [
              3405.356054372832,
              -539.1886658619965
            ],
            [
              3398.6121413572987,
              -555.4904843532254
            ],
            [
              3373.436124440351,
              -562.249523167019
            ],
            [
              3348.8117807245944,
              -560.9472775269093
            ],
            [
              3342.959007940765,
              -555.6388343266331
            ]
          ]
        ]
      }
    },
    {
      "type": "Feature",
      "properties": {
        "fid": 1122,
        "code": "liang",
        "name": "Liang",
        "capital": null,
        "culture": "chinese",
        "civs": [
          "han"
        ],
        "provinceType": "land",
        "terrain": "desert",
        "mapTypes": [],
        "resources": null,
        "religion": null,
        "population": "low",
        "centerpoint": [
          3259,
          521
        ],
        "position": {
          "x": 3134,
          "y": 435
        },
        "bbox": {
          "w": 212,
          "h": 143
        }
      },
      "geometry": {
        "type": "Polygon",
        "coordinates": [
          [
            [
              3281.742348465287,
              -491.44597176447695
            ],
            [
              3276.6199411309353,
              -478.96972460334473
            ],
            [
              3239.7424017069147,
              -461.14595504312456
            ],
            [
              3193.5078711985657,
              -447.5318715029468
            ],
            [
              3162.6901853957193,
              -434.6164184843474
            ],
            [
              3137.0377366029297,
              -436.8607169453957
            ],
            [
              3134.8596397859587,
              -452.91885559497604
            ],
            [
              3136.888177990495,
              -467.3293178306775
            ],
            [
              3180.455984934572,
              -470.9395611482391
            ],
            [
              3193.6122972276435,
              -477.9782516113865
            ],
            [
              3205.12715027552,
              -492.5824836699827
            ],
            [
              3222.559638161743,
              -525.0958567111829
            ],
            [
              3231.8584003508727,
              -546.5481179943738
            ],
            [
              3238.5031036563223,
              -561.0665755299436
            ],
            [
              3260.8948547355635,
              -574.2073449013055
            ],
            [
              3265.8316668085163,
              -575.0550733488702
            ],
            [
              3268.8230958326712,
              -577.8005195355929
            ],
            [
              3282.700201838357,
              -574.7949291244796
            ],
            [
              3298.348033262445,
              -573.7458321505837
            ],
            [
              3311.879940080993,
              -565.331957718903
            ],
            [
              3341.4254288238253,
              -568.8253692006256
            ],
            [
              3342.662020866126,
              -568.333288354146
            ],
            [
              3343.075609433379,
              -562.0908328843037
            ],
            [
              3347.4171809939153,
              -559.7915292840114
            ],
            [
              3343.057029778437,
              -555.6622496155061
            ],
            [
              3339.581104345934,
              -547.744643955066
            ],
            [
              3311.8580072331824,
              -539.4850771287458
            ],
            [
              3305.8132649024674,
              -531.8242049140206
            ],
            [
              3308.6402976874565,
              -508.19138593868684
            ],
            [
              3281.742348465287,
              -491.44597176447695
            ]
          ]
        ]
      }
    },
    {
      "type": "Feature",
      "properties": {
        "fid": 1123,
        "code": "xiongnu",
        "name": "Xiongnu",
        "capital": null,
        "culture": null,
        "civs": [
          "han"
        ],
        "provinceType": "land",
        "terrain": "steppe",
        "mapTypes": [],
        "resources": null,
        "religion": null,
        "population": "low",
        "centerpoint": [
          3228,
          400
        ],
        "position": {
          "x": 2877,
          "y": 241
        },
        "bbox": {
          "w": 579,
          "h": 238
        }
      },
      "geometry": {
        "type": "Polygon",
        "coordinates": [
          [
            [
              3411.073017673551,
              -435.7593646856437
            ],
            [
              3457.393783391375,
              -403.55466496556346
            ],
            [
              3435.2297091583528,
              -330.1227658158408
            ],
            [
              3409.7184716590828,
              -338.36903451770223
            ],
            [
              3353.08968304121,
              -320.0338991610843
            ],
            [
              3309.970091247989,
              -265.9664867055087
            ],
            [
              3196.2107618979035,
              -241.11283416291192
            ],
            [
              3048.683909563988,
              -242.75889817422046
            ],
            [
              2883.3898756318727,
              -330.92772007513133
            ],
            [
              2877.915504614247,
              -420.46985571736104
            ],
            [
              2928.4199935470624,
              -447.78644521863623
            ],
            [
              3038.8906479245234,
              -435.0503708173436
            ],
            [
              3077.140781004991,
              -427.6090584731458
            ],
            [
              3138.147753690422,
              -434.5562179310317
            ],
            [
              3138.0334260502573,
              -437.63736479444805
            ],
            [
              3163.0286924624224,
              -435.1946336339921
            ],
            [
              3193.21380568555,
              -447.461625636326
            ],
            [
              3240.7380911542427,
              -461.9226028921768
            ],
            [
              3277.01322299366,
              -478.71137927965196
            ],
            [
              3278.5086928972105,
              -466.5518933601314
            ],
            [
              3293.009938047287,
              -437.77086273751195
            ],
            [
              3306.111202142908,
              -434.67319425597924
            ],
            [
              3328.9900114119773,
              -436.92637257350117
            ],
            [
              3335.17469867307,
              -422.05327492615606
            ],
            [
              3411.571071080189,
              -435.2359243320177
            ],
            [
              3411.073017673551,
              -435.7593646856437
            ]
          ]
        ]
      }
    },
    {
      "type": "Feature",
      "properties": {
        "fid": 1124,
        "code": "donghu",
        "name": "Donghu",
        "capital": null,
        "culture": null,
        "civs": [
          "han"
        ],
        "provinceType": "land",
        "terrain": "steppes",
        "mapTypes": [],
        "resources": null,
        "religion": null,
        "population": "low",
        "centerpoint": [
          3530,
          403
        ],
        "position": {
          "x": 3412,
          "y": 306
        },
        "bbox": {
          "w": 261,
          "h": 163
        }
      },
      "geometry": {
        "type": "Polygon",
        "coordinates": [
          [
            [
              3412.328664322551,
              -434.7537593619282
            ],
            [
              3457.492999741086,
              -403.22607377525134
            ],
            [
              3434.615912941369,
              -330.1764660265421
            ],
            [
              3503.8375119973157,
              -306.20535130732674
            ],
            [
              3570.8076453451627,
              -305.74205409607396
            ],
            [
              3587.9952393320036,
              -341.5506072950472
            ],
            [
              3672.471627627879,
              -366.03366877355177
            ],
            [
              3673.1696224591883,
              -365.9672702905379
            ],
            [
              3622.534372587194,
              -444.35534527202594
            ],
            [
              3617.940505044197,
              -437.6765623606986
            ],
            [
              3578.3155620406405,
              -455.73123199849795
            ],
            [
              3536.193372129303,
              -450.1177030565098
            ],
            [
              3496.0572744773044,
              -469.1554981924873
            ],
            [
              3485.760496157694,
              -453.84753141948477
            ],
            [
              3435.428362122489,
              -439.22698862843157
            ],
            [
              3412.328664322551,
              -434.7537593619282
            ]
          ]
        ]
      }
    },
    {
      "type": "Feature",
      "properties": {
        "fid": 1125,
        "code": "lusitania",
        "name": "Lusitania",
        "capital": null,
        "culture": null,
        "civs": [
          "iber"
        ],
        "provinceType": "land",
        "terrain": "hills",
        "mapTypes": [],
        "resources": null,
        "religion": null,
        "population": "medium",
        "centerpoint": [
          1422,
          577
        ],
        "position": {
          "x": 1402,
          "y": 523
        },
        "bbox": {
          "w": 65,
          "h": 91
        }
      },
      "geometry": {
        "type": "Polygon",
        "coordinates": [
          [
            [
              1435.9752151139814,
              -610.372894989182
            ],
            [
              1435.2410832446171,
              -600.9760070613194
            ],
            [
              1437.5903052265828,
              -597.5990004622438
            ],
            [
              1440.2331799562942,
              -596.7180422190066
            ],
            [
              1443.8304261161811,
              -593.5429218840063
            ],
            [
              1445.2252766679712,
              -589.3400169318958
            ],
            [
              1442.288749190514,
              -581.5949257101028
            ],
            [
              1452.126116239995,
              -577.6306136155357
            ],
            [
              1466.5151008795347,
              -574.1801938295235
            ],
            [
              1466.0012085709818,
              -561.4980657862559
            ],
            [
              1466.3315679121933,
              -549.9171355470347
            ],
            [
              1461.9634832894767,
              -539.0886904739117
            ],
            [
              1427.8997645509746,
              -523.2314420956435
            ],
            [
              1421.439404100569,
              -525.2870113298634
            ],
            [
              1420.1546733291816,
              -530.7746470533613
            ],
            [
              1419.0534755251351,
              -534.8123723348648
            ],
            [
              1417.3649722255973,
              -536.7211151952118
            ],
            [
              1416.7042535431694,
              -540.2449481681604
            ],
            [
              1416.116948047678,
              -542.0068646546346
            ],
            [
              1415.3828161783138,
              -541.052493224461
            ],
            [
              1413.4006601310302,
              -545.3838712537103
            ],
            [
              1412.8133546355389,
              -546.1180031230745
            ],
            [
              1409.1426952887175,
              -550.4493811523237
            ],
            [
              1405.618862315769,
              -552.064471264925
            ],
            [
              1405.8391018765783,
              -555.0009987423821
            ],
            [
              1404.1505985770405,
              -558.3045921545213
            ],
            [
              1402.9025743991212,
              -563.5169284270075
            ],
            [
              1401.9482029689477,
              -566.5268690914011
            ],
            [
              1404.8847304464048,
              -569.0229174472396
            ],
            [
              1404.4442513247861,
              -574.1618405327895
            ],
            [
              1404.8847304464048,
              -576.8781284494372
            ],
            [
              1409.950240345018,
              -576.2174097670094
            ],
            [
              1409.7300007842089,
              -584.9535790124442
            ],
            [
              1409.8768271580823,
              -594.2036405664339
            ],
            [
              1408.628802980163,
              -596.4794493614631
            ],
            [
              1407.968084297735,
              -598.9754977173017
            ],
            [
              1405.9125150635152,
              -602.6461570641229
            ],
            [
              1403.1962271468674,
              -605.5092713546436
            ],
            [
              1402.608921651376,
              -608.5192120190371
            ],
            [
              1406.7934733067523,
              -609.7672361969563
            ],
            [
              1409.3629348495272,
              -608.0053197104821
            ],
            [
              1412.6665282616664,
              -608.3723856451643
            ],
            [
              1417.1447326647885,
              -610.0608889447021
            ],
            [
              1420.3014997030548,
              -611.5291526834307
            ],
            [
              1423.605093115194,
              -613.8049614784599
            ],
            [
              1427.569405209761,
              -613.0708296090955
            ],
            [
              1430.652759061091,
              -611.2354999356849
            ],
            [
              1435.9752151139814,
              -610.372894989182
            ]
          ]
        ]
      }
    },
    {
      "type": "Feature",
      "properties": {
        "fid": 1126,
        "code": "iberia",
        "name": "Iberia",
        "capital": null,
        "culture": null,
        "civs": [
          "iber"
        ],
        "provinceType": "land",
        "terrain": "hills",
        "mapTypes": [],
        "resources": null,
        "religion": null,
        "population": "medium",
        "centerpoint": [
          1553,
          590
        ],
        "position": {
          "x": 1510,
          "y": 523
        },
        "bbox": {
          "w": 98,
          "h": 118
        }
      },
      "geometry": {
        "type": "Polygon",
        "coordinates": [
          [
            [
              1515.0412174445153,
              -630.7267010673069
            ],
            [
              1509.6820547981565,
              -611.0886735618124
            ],
            [
              1530.0909207664831,
              -593.9099878186885
            ],
            [
              1545.2140372753868,
              -569.3899833819218
            ],
            [
              1524.071039437696,
              -544.1358470757912
            ],
            [
              1531.9996636268302,
              -529.1595569407601
            ],
            [
              1557.5474526807066,
              -522.6991964903546
            ],
            [
              1575.7539230409404,
              -539.4374031118598
            ],
            [
              1607.4684197974768,
              -547.6596800487396
            ],
            [
              1606.293808806494,
              -557.6438734720937
            ],
            [
              1592.1984769147,
              -559.9930954540594
            ],
            [
              1582.5079362390918,
              -562.6359701837707
            ],
            [
              1581.6269779958545,
              -569.389983381922
            ],
            [
              1580.7460197526175,
              -571.7392053638875
            ],
            [
              1577.5158395274148,
              -570.8582471206505
            ],
            [
              1575.4602702931948,
              -574.3820800935989
            ],
            [
              1568.118951599552,
              -582.6043570304787
            ],
            [
              1562.8332021401293,
              -588.4774119853929
            ],
            [
              1568.0455384126155,
              -603.563821900829
            ],
            [
              1560.043501036545,
              -607.4180142149911
            ],
            [
              1550.7934394825552,
              -620.3387351158023
            ],
            [
              1549.545415304636,
              -626.0282571033755
            ],
            [
              1544.7001449668319,
              -626.4687362249941
            ],
            [
              1537.5790658339986,
              -627.5332274355719
            ],
            [
              1531.9996636268302,
              -628.4141856788091
            ],
            [
              1528.8428965885637,
              -635.1314922834924
            ],
            [
              1521.4281647079847,
              -640.7476010841287
            ],
            [
              1513.205887771105,
              -637.517420858926
            ],
            [
              1515.0412174445153,
              -630.7267010673069
            ]
          ]
        ]
      }
    },
    {
      "type": "Feature",
      "properties": {
        "fid": 1127,
        "code": "baetica",
        "name": "Baetica",
        "capital": null,
        "culture": null,
        "civs": [
          "iber"
        ],
        "provinceType": "land",
        "terrain": null,
        "mapTypes": [],
        "resources": null,
        "religion": null,
        "population": "medium",
        "centerpoint": [
          1469,
          619
        ],
        "position": {
          "x": 1435,
          "y": 590
        },
        "bbox": {
          "w": 80,
          "h": 52
        }
      },
      "geometry": {
        "type": "Polygon",
        "coordinates": [
          [
            [
              1436.195454674793,
              -609.6938230100204
            ],
            [
              1435.0208436838102,
              -600.8842405776492
            ],
            [
              1437.6637184135216,
              -598.1679526610014
            ],
            [
              1440.7470722648513,
              -596.1857966137179
            ],
            [
              1444.124078863927,
              -593.3960955101337
            ],
            [
              1445.151863481037,
              -589.3583702286302
            ],
            [
              1488.539056960465,
              -591.9278317714052
            ],
            [
              1503.8089998432417,
              -601.4715460731406
            ],
            [
              1509.8288811720288,
              -610.5747812532576
            ],
            [
              1515.2614570053242,
              -630.8368208477114
            ],
            [
              1513.6463668927229,
              -638.1781395413541
            ],
            [
              1504.8367844603517,
              -636.5630494287526
            ],
            [
              1501.606604235149,
              -634.8011329422784
            ],
            [
              1493.677980046015,
              -634.0670010729141
            ],
            [
              1489.1263624559565,
              -632.5987373341856
            ],
            [
              1485.1620503613894,
              -633.0392164558042
            ],
            [
              1472.6818085821967,
              -634.213827446787
            ],
            [
              1469.8186942916761,
              -641.5551461404297
            ],
            [
              1457.1916261386111,
              -641.5918527338978
            ],
            [
              1451.9792898661244,
              -635.5352648116427
            ],
            [
              1449.336415136413,
              -626.1383768837801
            ],
            [
              1448.6022832670487,
              -620.1184955549932
            ],
            [
              1445.225276667973,
              -615.8605307126803
            ],
            [
              1437.8839579743305,
              -611.3089131226219
            ],
            [
              1436.195454674793,
              -609.6938230100204
            ]
          ]
        ]
      }
    },
    {
      "type": "Feature",
      "properties": {
        "fid": 1128,
        "code": "basque",
        "name": "Basque",
        "capital": null,
        "culture": null,
        "civs": [
          "iber"
        ],
        "provinceType": "land",
        "terrain": "hills",
        "mapTypes": [],
        "resources": null,
        "religion": null,
        "population": "medium",
        "centerpoint": [
          1528,
          497
        ],
        "position": {
          "x": 1488,
          "y": 481
        },
        "bbox": {
          "w": 108,
          "h": 54
        }
      },
      "geometry": {
        "type": "Polygon",
        "coordinates": [
          [
            [
              1492.7236086158418,
              -481.11062609086906
            ],
            [
              1496.9815734581546,
              -482.2852370818519
            ],
            [
              1503.7355866563057,
              -483.45984807283475
            ],
            [
              1506.378461386017,
              -485.5154173070547
            ],
            [
              1512.8388218364228,
              -484.34080631607185
            ],
            [
              1516.0690020616255,
              -486.6900282980375
            ],
            [
              1522.3825361381582,
              -486.9836810457832
            ],
            [
              1530.604813075038,
              -490.8011667664774
            ],
            [
              1534.2754724218594,
              -489.6265557754946
            ],
            [
              1538.8270900119178,
              -492.1226041313331
            ],
            [
              1539.8548746290278,
              -495.4996107304087
            ],
            [
              1546.4620614533062,
              -495.7932634781544
            ],
            [
              1552.1882900343473,
              -494.6186524871716
            ],
            [
              1556.8867339982787,
              -493.8845206178073
            ],
            [
              1595.9425494484578,
              -517.6703931852096
            ],
            [
              1571.4959581986272,
              -535.473091017293
            ],
            [
              1555.4551768530182,
              -524.2041668225515
            ],
            [
              1532.1831965941717,
              -529.4165030950378
            ],
            [
              1500.7623525853812,
              -499.31709645110277
            ],
            [
              1487.6948053106973,
              -496.0869162259
            ],
            [
              1492.7236086158418,
              -481.11062609086906
            ]
          ]
        ]
      }
    },
    {
      "type": "Feature",
      "properties": {
        "fid": 1129,
        "code": "tarraco",
        "name": "Tarraco",
        "capital": null,
        "culture": null,
        "civs": [
          "iber"
        ],
        "provinceType": "land",
        "terrain": null,
        "mapTypes": [],
        "resources": null,
        "religion": null,
        "population": "medium",
        "centerpoint": [
          1616,
          540
        ],
        "position": {
          "x": 1571,
          "y": 517
        },
        "bbox": {
          "w": 64,
          "h": 41
        }
      },
      "geometry": {
        "type": "Polygon",
        "coordinates": [
          [
            [
              1571.4592516051605,
              -535.4363844238252
            ],
            [
              1596.199495602737,
              -516.9362613158459
            ],
            [
              1633.3465681925686,
              -518.4045250545744
            ],
            [
              1635.6957901745343,
              -520.4600942887944
            ],
            [
              1632.6124363232043,
              -522.3688371491414
            ],
            [
              1632.9060890709502,
              -527.5077602346912
            ],
            [
              1630.4100407151116,
              -530.0038085905297
            ],
            [
              1631.5846517060945,
              -535.1427316760796
            ],
            [
              1634.3743528096786,
              -537.9324327796638
            ],
            [
              1633.8237539076556,
              -541.0524932244621
            ],
            [
              1629.5657890653429,
              -541.1993195983349
            ],
            [
              1630.813813243262,
              -547.4027338944629
            ],
            [
              1626.7393813682902,
              -550.522794339261
            ],
            [
              1621.0498593807172,
              -552.3214174192035
            ],
            [
              1615.2135110192712,
              -553.9732141252731
            ],
            [
              1609.7075219990388,
              -557.038214679869
            ],
            [
              1606.5874615542407,
              -557.9558795165744
            ],
            [
              1606.2203956195585,
              -557.6255201753605
            ],
            [
              1607.468419797478,
              -547.8248597193475
            ],
            [
              1575.7906296344095,
              -539.4557564085949
            ],
            [
              1571.4592516051605,
              -535.4363844238252
            ]
          ]
        ]
      }
    },
    {
      "type": "Feature",
      "properties": {
        "fid": 1130,
        "code": "ibossim",
        "name": "Ibossim",
        "capital": null,
        "culture": null,
        "civs": [
          "cart"
        ],
        "provinceType": "land",
        "terrain": "island",
        "mapTypes": [],
        "resources": null,
        "religion": null,
        "population": "medium",
        "centerpoint": [
          1612,
          596
        ],
        "position": {
          "x": 1584,
          "y": 587
        },
        "bbox": {
          "w": 55,
          "h": 23
        }
      },
      "geometry": {
        "type": "Polygon",
        "coordinates": [
          [
            [
              1607.8354857321606,
              -594.7725927651923
            ],
            [
              1605.6330901240678,
              -596.3142696908573
            ],
            [
              1603.1370417682292,
              -592.7170235309724
            ],
            [
              1605.5596769371314,
              -590.6614542967524
            ],
            [
              1609.2303362839527,
              -588.6792982494688
            ],
            [
              1611.7997978267276,
              -587.3578608846132
            ],
            [
              1618.260158277133,
              -586.623729015249
            ],
            [
              1621.1232725676539,
              -588.6792982494688
            ],
            [
              1620.0220747636074,
              -590.7348674836888
            ],
            [
              1625.2344110360937,
              -590.8816938575617
            ],
            [
              1629.1253099437242,
              -589.2666037449603
            ],
            [
              1631.6213582995629,
              -586.8439685760582
            ],
            [
              1638.8892638062691,
              -586.7705553891218
            ],
            [
              1639.403156114824,
              -592.496783970163
            ],
            [
              1636.3198022634942,
              -593.524568587273
            ],
            [
              1632.1352506081178,
              -589.7804960535153
            ],
            [
              1624.3534527928566,
              -592.3499575962902
            ],
            [
              1623.399081362683,
              -594.9194191390651
            ],
            [
              1618.8474637726245,
              -598.8103180466958
            ],
            [
              1616.351415416786,
              -601.5266059633435
            ],
            [
              1612.8275824438376,
              -604.7567861885464
            ],
            [
              1610.1112945271898,
              -602.8480433281992
            ],
            [
              1612.0934505744733,
              -600.4988213462336
            ],
            [
              1611.7997978267276,
              -598.2964257381408
            ],
            [
              1610.6986000226811,
              -596.3876828777936
            ],
            [
              1587.1329670160883,
              -599.6912762899328
            ],
            [
              1584.490092286377,
              -602.9214565151357
            ],
            [
              1587.5000329507704,
              -607.9869664137491
            ],
            [
              1589.849254932736,
              -609.9691224610326
            ],
            [
              1590.9504527367824,
              -605.050438936292
            ],
            [
              1590.2897340543545,
              -603.4353488236907
            ],
            [
              1593.7401538403667,
              -601.7468455241528
            ],
            [
              1593.5933274664937,
              -599.6912762899328
            ],
            [
              1607.8354857321606,
              -594.7725927651923
            ]
          ]
        ]
      }
    },
    {
      "type": "Feature",
      "properties": {
        "fid": 1131,
        "code": "med_west",
        "name": "Western Mediterranean",
        "capital": null,
        "culture": null,
        "civs": [],
        "provinceType": "sea",
        "terrain": null,
        "mapTypes": [],
        "resources": null,
        "religion": null,
        "population": null,
        "centerpoint": [
          1637,
          585
        ],
        "position": {
          "x": 1460,
          "y": 503
        },
        "bbox": {
          "w": 278,
          "h": 151
        }
      },
      "geometry": {
        "type": "Polygon",
        "coordinates": [
          [
            [
              1724.6147937785986,
              -615.8785319195301
            ],
            [
              1723.0337276037112,
              -624.7325024988995
            ],
            [
              1710.279793792953,
              -628.5270613186292
            ],
            [
              1707.4338746781557,
              -627.2622083787194
            ],
            [
              1701.742036448561,
              -629.68650984688
            ],
            [
              1692.2556393992368,
              -625.048715733877
            ],
            [
              1670.8585438324274,
              -631.4783848450859
            ],
            [
              1663.7964482512634,
              -628.1054436719928
            ],
            [
              1650.4627901763797,
              -628.1581458778224
            ],
            [
              1641.8723306261581,
              -629.4229988177324
            ],
            [
              1635.6534703382677,
              -625.206822351366
            ],
            [
              1631.489996077731,
              -624.6270980872406
            ],
            [
              1627.4846284346827,
              -628.342603598226
            ],
            [
              1620.4752350593487,
              -627.1304528641457
            ],
            [
              1617.9455291795289,
              -626.2345153650429
            ],
            [
              1606.878065955317,
              -631.7682469771487
            ],
            [
              1601.0544722111485,
              -630.1608296993464
            ],
            [
              1588.9856670761749,
              -631.3202782275971
            ],
            [
              1583.3728821553245,
              -632.5587800645923
            ],
            [
              1576.7587553237122,
              -637.7235962358913
            ],
            [
              1571.2513748145211,
              -638.2242671912722
            ],
            [
              1566.112909746137,
              -642.7566568926161
            ],
            [
              1560.3683693107128,
              -642.4667947605534
            ],
            [
              1556.442054976409,
              -641.1228885118991
            ],
            [
              1552.5420917450203,
              -644.6012340966516
            ],
            [
              1547.4826799853806,
              -643.0728701275939
            ],
            [
              1539.1030292584776,
              -646.2350024773687
            ],
            [
              1537.890878524397,
              -649.8714546796097
            ],
            [
              1529.3531211800052,
              -652.7700760002365
            ],
            [
              1528.9842057391982,
              -652.5592671769182
            ],
            [
              1524.6626248611726,
              -653.9295245284873
            ],
            [
              1518.9180844257482,
              -652.0322451186224
            ],
            [
              1513.6215127398755,
              -651.3471164428379
            ],
            [
              1511.935042153329,
              -649.2126771067399
            ],
            [
              1509.036420832702,
              -647.1836421823011
            ],
            [
              1508.9968941783295,
              -647.1704666308436
            ],
            [
              1500.221976907705,
              -651.7292074351022
            ],
            [
              1495.8081671694777,
              -649.9900346427262
            ],
            [
              1483.4165610237976,
              -653.6989523779828
            ],
            [
              1477.8301272058623,
              -652.4340994380728
            ],
            [
              1473.0342264753704,
              -649.7462869407643
            ],
            [
              1467.9221125099011,
              -644.1598531228288
            ],
            [
              1459.805972812146,
              -643.7382354761922
            ],
            [
              1459.9640794296347,
              -641.5247428313498
            ],
            [
              1469.5822319935328,
              -641.4193384196907
            ],
            [
              1472.586257725819,
              -633.6852897141998
            ],
            [
              1489.2138036650513,
              -632.3940856713751
            ],
            [
              1493.6934911605656,
              -633.922449640433
            ],
            [
              1501.8886841670653,
              -634.6602805220471
            ],
            [
              1504.8927098993513,
              -636.491682174625
            ],
            [
              1513.9706648534964,
              -637.7301840116202
            ],
            [
              1521.4280269783821,
              -640.3389432001844
            ],
            [
              1528.7009313828642,
              -634.8052115880785
            ],
            [
              1531.7576593209797,
              -628.1120314477218
            ],
            [
              1549.3601960680587,
              -625.1080057154359
            ],
            [
              1551.0466666546054,
              -618.8891454275455
            ],
            [
              1560.4276592922706,
              -606.1352116167872
            ],
            [
              1567.5951592850934,
              -603.0784836786715
            ],
            [
              1562.3249387021356,
              -588.3218660463893
            ],
            [
              1577.6085783927138,
              -569.9814984176955
            ],
            [
              1580.349093095852,
              -571.6679690042421
            ],
            [
              1582.351776917376,
              -561.9707631315995
            ],
            [
              1606.3839827756644,
              -557.2275646069372
            ],
            [
              1627.5702695191555,
              -549.3222337325002
            ],
            [
              1630.8378062805893,
              -546.581719029362
            ],
            [
              1629.151335694043,
              -541.1006896230858
            ],
            [
              1633.3675121604097,
              -540.1520499181532
            ],
            [
              1633.578320983728,
              -537.0953219800375
            ],
            [
              1631.5756371622037,
              -535.8304690401276
            ],
            [
              1629.8891665756573,
              -529.8224175755555
            ],
            [
              1632.6296812787955,
              -527.0819028724173
            ],
            [
              1632.2080636321589,
              -522.233299936096
            ],
            [
              1636.2134312752069,
              -520.2306161145721
            ],
            [
              1639.1647548016633,
              -520.5468293495495
            ],
            [
              1642.1160783281198,
              -518.9657631746621
            ],
            [
              1643.6971445030072,
              -517.7009102347522
            ],
            [
              1650.4430268491935,
              -514.960395531614
            ],
            [
              1651.7078797891033,
              -517.595505823093
            ],
            [
              1656.767291548743,
              -517.7009102347522
            ],
            [
              1658.0321444886529,
              -519.3873808212987
            ],
            [
              1660.8780636034503,
              -519.598189644617
            ],
            [
              1661.299681250087,
              -516.225248471524
            ],
            [
              1665.6212621281124,
              -515.4874175899098
            ],
            [
              1666.9915194796815,
              -514.960395531614
            ],
            [
              1666.7807106563632,
              -518.1225278813888
            ],
            [
              1664.567218011521,
              -520.1252117029128
            ],
            [
              1668.3617768312506,
              -520.0198072912536
            ],
            [
              1669.5212253595014,
              -523.498152876006
            ],
            [
              1673.948210649186,
              -525.0792190508934
            ],
            [
              1675.3603232762398,
              -525.5441442746505
            ],
            [
              1675.9994323617168,
              -528.0646051342666
            ],
            [
              1679.4624799239275,
              -527.3633615705816
            ],
            [
              1686.9177037445077,
              -527.0066522968696
            ],
            [
              1692.5180393417857,
              -525.3301187104233
            ],
            [
              1693.5881671629215,
              -521.0139364985084
            ],
            [
              1699.1885027601995,
              -519.6584412584028
            ],
            [
              1703.2193175531447,
              -517.7322111803583
            ],
            [
              1708.204644438413,
              -512.7469028867717
            ],
            [
              1716.6369973711458,
              -513.4847337683859
            ],
            [
              1722.645048835718,
              -511.58745435852103
            ],
            [
              1726.7558208904252,
              -508.7415352437237
            ],
            [
              1730.6557841218141,
              -504.5253587773573
            ],
            [
              1735.0827694114987,
              -503.15510142578825
            ],
            [
              1737.6124752913186,
              -503.2605058374474
            ],
            [
              1737.2962620563412,
              -536.673704333401
            ],
            [
              1734.5557473532028,
              -535.7250646284685
            ],
            [
              1731.499019415087,
              -537.7277484499926
            ],
            [
              1727.3882473603799,
              -538.570983743266
            ],
            [
              1725.5963723621742,
              -540.8898807997674
            ],
            [
              1723.5936885406502,
              -545.7384837360888
            ],
            [
              1724.226115010605,
              -550.481682260751
            ],
            [
              1722.855857659036,
              -551.6411307890017
            ],
            [
              1724.8585414805602,
              -555.2248807854131
            ],
            [
              1725.5963723621742,
              -558.5978219585063
            ],
            [
              1726.650416478766,
              -561.0221234266669
            ],
            [
              1730.128762063518,
              -563.762638129805
            ],
            [
              1732.026041473383,
              -564.0788513647825
            ],
            [
              1734.3449385298845,
              -565.4491087163516
            ],
            [
              1732.8165745608267,
              -566.766663862091
            ],
            [
              1731.393615003428,
              -568.1369212136601
            ],
            [
              1727.9679716245053,
              -569.6125829768883
            ],
            [
              1725.0693503038783,
              -571.3517557692645
            ],
            [
              1722.5923466298882,
              -573.1963329732998
            ],
            [
              1720.0626407500683,
              -573.9341638549139
            ],
            [
              1716.0045709011906,
              -573.0909285616406
            ],
            [
              1714.2653981088145,
              -574.4084837073801
            ],
            [
              1713.8964826680076,
              -579.0989800262128
            ],
            [
              1715.951868695361,
              -580.5219395836114
            ],
            [
              1717.9018503110556,
              -582.1557079643284
            ],
            [
              1717.0586150177824,
              -589.4286123688104
            ],
            [
              1718.1126591343739,
              -592.1691270719485
            ],
            [
              1716.0045709011908,
              -592.4326381010965
            ],
            [
              1715.4248466370655,
              -593.2231711885402
            ],
            [
              1715.477548842895,
              -595.8055792741895
            ],
            [
              1717.9018503110556,
              -595.6474726567008
            ],
            [
              1717.585637076078,
              -598.8096050064755
            ],
            [
              1716.6369973711458,
              -601.4447152979545
            ],
            [
              1716.1626775186794,
              -603.7636123544561
            ],
            [
              1714.950526784599,
              -607.4527667625267
            ],
            [
              1714.1599936971554,
              -609.7189616131986
            ],
            [
              1714.1072914913257,
              -613.8297336679059
            ],
            [
              1717.954552516885,
              -616.833759400192
            ],
            [
              1724.6147937785986,
              -615.8785319195301
            ]
          ]
        ]
      }
    },
    {
      "type": "Feature",
      "properties": {
        "fid": 1132,
        "code": "sea_korean",
        "name": "Jinghai ( East Sea)",
        "capital": null,
        "culture": null,
        "civs": [],
        "provinceType": "sea",
        "terrain": null,
        "mapTypes": [],
        "resources": null,
        "religion": null,
        "population": null,
        "centerpoint": [
          3848,
          447
        ],
        "position": {
          "x": 3724,
          "y": 227
        },
        "bbox": {
          "w": 200,
          "h": 358
        }
      },
      "geometry": {
        "type": "Polygon",
        "coordinates": [
          [
            [
              3749.888098276337,
              -578.6773623795766
            ],
            [
              3786.568833533724,
              -585.0016270791261
            ],
            [
              3805.278116603226,
              -560.073483721735
            ],
            [
              3813.921278359277,
              -558.2816087235292
            ],
            [
              3822.9860577619647,
              -559.6518660750983
            ],
            [
              3829.521131284833,
              -556.4897337253235
            ],
            [
              3837.110248924292,
              -555.9627116670277
            ],
            [
              3849.4425650884136,
              -549.9546602024557
            ],
            [
              3851.4452489099376,
              -555.9627116670277
            ],
            [
              3858.4019400794423,
              -553.8546234338445
            ],
            [
              3856.610065081237,
              -545.7384837360893
            ],
            [
              3863.145138604104,
              -537.7277484499931
            ],
            [
              3869.258594480335,
              -528.6629690473053
            ],
            [
              3866.5180797771973,
              -519.176571997981
            ],
            [
              3870.3126385969267,
              -514.1171602383413
            ],
            [
              3880.0098444695695,
              -510.9550278885665
            ],
            [
              3876.847712119795,
              -521.7062778778009
            ],
            [
              3880.431462116206,
              -526.9764984607588
            ],
            [
              3885.2800650525273,
              -521.9170867011192
            ],
            [
              3892.236756222032,
              -519.8089984679359
            ],
            [
              3895.8205062184434,
              -517.0684837647977
            ],
            [
              3898.139403274945,
              -512.641498475113
            ],
            [
              3898.3502120982635,
              -509.90098377197495
            ],
            [
              3902.3555797413114,
              -504.63076318901693
            ],
            [
              3903.6204326812212,
              -502.31186613251543
            ],
            [
              3909.312270910816,
              -497.6740720195124
            ],
            [
              3910.366315027408,
              -480.5985573307285
            ],
            [
              3913.5284473771826,
              -479.2282999791595
            ],
            [
              3915.4257267870476,
              -474.6959102778156
            ],
            [
              3914.5824914937743,
              -469.3202852831985
            ],
            [
              3907.638975875733,
              -465.683833080958
            ],
            [
              3907.006549405778,
              -463.9973624944114
            ],
            [
              3908.1528223825662,
              -461.3095499971022
            ],
            [
              3911.011917048826,
              -458.8325463231126
            ],
            [
              3911.841976790637,
              -446.1313147181832
            ],
            [
              3916.7959841386178,
              -441.7043294284985
            ],
            [
              3917.2176017852544,
              -437.59355737379127
            ],
            [
              3923.3310576614854,
              -434.115211789039
            ],
            [
              3921.3283738399614,
              -430.10984414599096
            ],
            [
              3915.847344433685,
              -432.85035884912907
            ],
            [
              3911.841976790637,
              -434.53682943567566
            ],
            [
              3903.8312415045402,
              -419.7802118033933
            ],
            [
              3899.1934473915358,
              -421.1504691549624
            ],
            [
              3897.1907635700118,
              -417.3559103352327
            ],
            [
              3901.775855477185,
              -412.45460519308176
            ],
            [
              3902.250175329651,
              -405.60331843523636
            ],
            [
              3908.8906532641777,
              -399.70067138232343
            ],
            [
              3908.3109290000525,
              -396.6439434442078
            ],
            [
              3905.465009885255,
              -394.7466640343429
            ],
            [
              3906.5190540018466,
              -390.05616771551036
            ],
            [
              3915.4784289928766,
              -388.9494213930891
            ],
            [
              3924.1215907489277,
              -389.58184786304406
            ],
            [
              3924.754017218883,
              -376.3008919939899
            ],
            [
              3922.4351201623813,
              -360.0686125984794
            ],
            [
              3919.062178989288,
              -354.37677436888475
            ],
            [
              3916.427068697809,
              -332.6634655670978
            ],
            [
              3909.8919951749413,
              -310.10692147203764
            ],
            [
              3902.1974731238215,
              -301.67456853930486
            ],
            [
              3899.4569584206833,
              -284.28284061554353
            ],
            [
              3895.6755751524174,
              -274.0586126846056
            ],
            [
              3875.6355613857136,
              -226.62662743798313
            ],
            [
              3871.7355981543246,
              -230.42118625771286
            ],
            [
              3876.05717903235,
              -234.32114948910177
            ],
            [
              3877.2166275606014,
              -250.23721564963495
            ],
            [
              3882.170634908582,
              -253.39934799940977
            ],
            [
              3879.113906970467,
              -275.1126568011967
            ],
            [
              3883.857105495129,
              -282.9125832639745
            ],
            [
              3885.965193728312,
              -311.8987964702434
            ],
            [
              3879.430120205443,
              -319.9095317563395
            ],
            [
              3876.3733922673277,
              -329.2905243940047
            ],
            [
              3877.6382452072376,
              -339.93636997157984
            ],
            [
              3869.416701097823,
              -357.90782215946655
            ],
            [
              3864.3572893381843,
              -365.49693979892606
            ],
            [
              3861.985690075853,
              -374.2455059666363
            ],
            [
              3853.5533371431206,
              -377.56574493389985
            ],
            [
              3844.5939621520915,
              -392.79668241864846
            ],
            [
              3835.8453959843814,
              -404.6546787303039
            ],
            [
              3830.0481533431275,
              -418.9896787159496
            ],
            [
              3821.563098204565,
              -422.20451327155394
            ],
            [
              3809.8763840618562,
              -431.51962815193235
            ],
            [
              3804.237248038091,
              -436.10472005910583
            ],
            [
              3800.205529292128,
              -434.1283873404966
            ],
            [
              3790.086705772849,
              -432.0466502102283
            ],
            [
              3788.6110440096213,
              -423.98321271830247
            ],
            [
              3781.23273519348,
              -417.6589480187529
            ],
            [
              3768.68961020604,
              -439.47766123219895
            ],
            [
              3755.303249925327,
              -449.17486710484167
            ],
            [
              3758.4653822751015,
              -454.9721097460955
            ],
            [
              3759.0978087450567,
              -464.08959135461276
            ],
            [
              3750.770860223983,
              -467.7260435568538
            ],
            [
              3748.0566966237598,
              -471.62600678824276
            ],
            [
              3739.5716414851972,
              -474.4719259030401
            ],
            [
              3737.2527444286957,
              -479.74214648599803
            ],
            [
              3729.5582223775773,
              -480.7961906025896
            ],
            [
              3725.2893437053813,
              -483.2731942765799
            ],
            [
              3724.7096194412557,
              -487.91098838958294
            ],
            [
              3738.583475125893,
              -502.8915903966411
            ],
            [
              3741.521623100893,
              -515.59282200157
            ],
            [
              3743.20809368744,
              -518.6495499396856
            ],
            [
              3749.4269539753304,
              -520.968446996187
            ],
            [
              3753.22151279506,
              -526.0278587558267
            ],
            [
              3756.383645144835,
              -534.5656161002187
            ],
            [
              3757.121476026449,
              -540.4682631531316
            ],
            [
              3755.0133877932667,
              -551.2195131423662
            ],
            [
              3756.120134115688,
              -556.1735204903466
            ],
            [
              3756.699858379813,
              -559.0721418109736
            ],
            [
              3755.2241966165843,
              -563.8680425414653
            ],
            [
              3756.0674319098575,
              -570.6139248876516
            ],
            [
              3749.888098276337,
              -578.6773623795766
            ]
          ]
        ]
      }
    },
    {
      "type": "Feature",
      "properties": {
        "fid": 1133,
        "code": "dong_hai",
        "name": "Dong Hai (East China Sea)",
        "capital": null,
        "culture": null,
        "civs": [],
        "provinceType": "sea",
        "terrain": null,
        "mapTypes": [],
        "resources": null,
        "religion": null,
        "population": null,
        "centerpoint": [
          3693,
          583
        ],
        "position": {
          "x": 3562,
          "y": 458
        },
        "bbox": {
          "w": 281,
          "h": 328
        }
      },
      "geometry": {
        "type": "Polygon",
        "coordinates": [
          [
            [
              3786.344849158954,
              -585.0148026305849
            ],
            [
              3748.5573675791456,
              -578.611484622291
            ],
            [
              3743.0763381728693,
              -583.0384699119757
            ],
            [
              3743.287146996188,
              -586.2006022617504
            ],
            [
              3738.1750330307186,
              -588.4667971124223
            ],
            [
              3735.856135974217,
              -585.620877997625
            ],
            [
              3734.5385808284777,
              -584.0398118227376
            ],
            [
              3732.4304925952943,
              -583.7235985877602
            ],
            [
              3732.5885992127833,
              -585.0938559393293
            ],
            [
              3727.6872940706326,
              -591.5762272563676
            ],
            [
              3721.1522205477645,
              -589.520841229014
            ],
            [
              3704.761834534765,
              -601.2207309231808
            ],
            [
              3699.7551249809535,
              -599.3234515133162
            ],
            [
              3692.851136017279,
              -598.6910250433612
            ],
            [
              3690.5849411666068,
              -591.4708228447088
            ],
            [
              3695.433544102928,
              -588.3086904949339
            ],
            [
              3693.588966898893,
              -584.039811822738
            ],
            [
              3693.430860281404,
              -577.7155471231883
            ],
            [
              3698.8591874818508,
              -571.865602276105
            ],
            [
              3699.333507334317,
              -568.4399588971824
            ],
            [
              3704.7618345347637,
              -562.6954184617581
            ],
            [
              3704.8672389464227,
              -559.8494993469608
            ],
            [
              3698.7537830701917,
              -555.4752162631057
            ],
            [
              3698.5956764527027,
              -549.7306758276815
            ],
            [
              3691.0065588132434,
              -549.414462592704
            ],
            [
              3694.4849043979957,
              -541.0875140716303
            ],
            [
              3703.233470565706,
              -542.7212824523473
            ],
            [
              3706.474656224225,
              -539.0584791471915
            ],
            [
              3705.7368253426107,
              -537.0557953256675
            ],
            [
              3700.361200347994,
              -534.736898269166
            ],
            [
              3700.361200347994,
              -530.099104156163
            ],
            [
              3702.574692992836,
              -525.1450968081825
            ],
            [
              3691.1910165336467,
              -524.9342879848642
            ],
            [
              3683.391090070869,
              -530.5207218027997
            ],
            [
              3682.3370459542775,
              -526.0937365131149
            ],
            [
              3681.1775974260268,
              -523.0370085749993
            ],
            [
              3674.115501844863,
              -521.8775600467485
            ],
            [
              3671.0587739067473,
              -517.0289571104272
            ],
            [
              3676.5925055188522,
              -508.59660417769413
            ],
            [
              3683.285685659209,
              -508.33309314854625
            ],
            [
              3684.023516540823,
              -506.9101335911476
            ],
            [
              3678.9641047811833,
              -499.37371815751766
            ],
            [
              3682.4424503659357,
              -488.7805747857722
            ],
            [
              3677.8046562529325,
              -489.7292144907047
            ],
            [
              3673.6938841982255,
              -489.5711078732159
            ],
            [
              3666.3155753820843,
              -490.4670453723188
            ],
            [
              3662.8372297973306,
              -484.3535894960876
            ],
            [
              3645.0238842269323,
              -489.0440858149202
            ],
            [
              3639.3847482031674,
              -489.1494902265793
            ],
            [
              3635.379380560119,
              -497.1602255126754
            ],
            [
              3629.476733507206,
              -501.27099756738266
            ],
            [
              3616.5119908731294,
              -501.5872108023601
            ],
            [
              3615.563351168197,
              -497.4764387476529
            ],
            [
              3621.0443805744735,
              -493.0494534579682
            ],
            [
              3627.6848585090006,
              -492.73324022299073
            ],
            [
              3617.355226166403,
              -485.3549314068496
            ],
            [
              3631.0577996820944,
              -469.4388652463163
            ],
            [
              3634.4307408551877,
              -466.69835054317815
            ],
            [
              3632.111843798686,
              -457.84437996380876
            ],
            [
              3623.0470643959984,
              -460.7957034902652
            ],
            [
              3618.198461459677,
              -457.6335711404904
            ],
            [
              3610.187726173581,
              -462.0605564301751
            ],
            [
              3607.658020293762,
              -472.4955931844322
            ],
            [
              3593.006807073139,
              -477.55500494407187
            ],
            [
              3586.366329138612,
              -490.7305564014668
            ],
            [
              3573.190777681217,
              -492.3116225763542
            ],
            [
              3569.5016232731464,
              -489.6765122848752
            ],
            [
              3563.0719541619374,
              -495.57915933778816
            ],
            [
              3562.861145338619,
              -506.2777071211928
            ],
            [
              3571.477955991755,
              -513.4188560111008
            ],
            [
              3578.092082823368,
              -510.0722659409226
            ],
            [
              3584.75891186081,
              -510.9418523371107
            ],
            [
              3586.7879467852486,
              -514.657357848096
            ],
            [
              3587.868342004755,
              -519.4532585785878
            ],
            [
              3583.230547891751,
              -522.8525508545957
            ],
            [
              3583.6521655383876,
              -527.9119626142353
            ],
            [
              3590.608856707892,
              -530.6524773173735
            ],
            [
              3602.6776618428657,
              -522.8525508545957
            ],
            [
              3604.522239046902,
              -516.4228817433869
            ],
            [
              3617.4869816809787,
              -516.791797184194
            ],
            [
              3622.3882868231294,
              -525.698469969393
            ],
            [
              3635.6692426921836,
              -521.6404001205153
            ],
            [
              3641.993507391733,
              -527.0687273209621
            ],
            [
              3640.8867610693114,
              -532.0754368747721
            ],
            [
              3641.2556765101185,
              -533.1294809913637
            ],
            [
              3638.56786401281,
              -543.7753265689388
            ],
            [
              3632.507110342408,
              -542.6158780406881
            ],
            [
              3621.4923493240253,
              -546.5158412720772
            ],
            [
              3616.9599596226813,
              -549.045547151897
            ],
            [
              3606.419518456765,
              -560.8508412577229
            ],
            [
              3599.56823169892,
              -564.5399956657935
            ],
            [
              3593.3493714110296,
              -571.3912824236388
            ],
            [
              3593.033158176052,
              -577.399333888211
            ],
            [
              3599.1466140522834,
              -578.1371647698251
            ],
            [
              3602.941172872013,
              -582.1425324128732
            ],
            [
              3612.8491875679742,
              -582.4587456478506
            ],
            [
              3611.9005478630424,
              -591.9451426971749
            ],
            [
              3616.327533152727,
              -600.7991132765443
            ],
            [
              3620.227496384116,
              -601.6423485698176
            ],
            [
              3621.2815405007077,
              -610.7071279725053
            ],
            [
              3624.127459615505,
              -612.0773853240744
            ],
            [
              3629.1868713751446,
              -620.8259514917847
            ],
            [
              3635.511136074694,
              -624.0934882532187
            ],
            [
              3638.1462463661733,
              -640.1149588254109
            ],
            [
              3643.52187136079,
              -644.4365397034364
            ],
            [
              3651.2163934119103,
              -664.3579735070178
            ],
            [
              3643.8380845957695,
              -691.9739293617176
            ],
            [
              3644.470511065724,
              -698.0873852379489
            ],
            [
              3637.3030110729014,
              -709.2602528738198
            ],
            [
              3631.4003640199885,
              -705.8873117007267
            ],
            [
              3607.0519449267226,
              -754.267936652281
            ],
            [
              3620.332900795777,
              -765.9678263464477
            ],
            [
              3628.3436360818732,
              -753.5301057706669
            ],
            [
              3635.0895184280594,
              -749.9463557742555
            ],
            [
              3641.624591950927,
              -745.9409881312074
            ],
            [
              3646.26238606393,
              -752.2652528307569
            ],
            [
              3649.8461360603415,
              -759.0111351769432
            ],
            [
              3646.26238606393,
              -768.4975322262676
            ],
            [
              3667.975694865717,
              -785.7838557383698
            ],
            [
              3672.8242978020385,
              -777.1406939823187
            ],
            [
              3671.5594448621287,
              -773.3461351625889
            ],
            [
              3679.148562501588,
              -770.3948116361324
            ],
            [
              3725.526503631618,
              -737.2978263751563
            ],
            [
              3745.764150670177,
              -718.5358410998259
            ],
            [
              3761.574812419051,
              -697.2441499446757
            ],
            [
              3768.320694765237,
              -677.2173117294353
            ],
            [
              3775.2773859347412,
              -662.8823117437895
            ],
            [
              3774.6449594647866,
              -659.930988217333
            ],
            [
              3765.5801800620984,
              -663.7255470370628
            ],
            [
              3764.1045182988705,
              -660.5634146872881
            ],
            [
              3766.8450330020087,
              -652.5526794011919
            ],
            [
              3766.2126065320535,
              -644.9635617617324
            ],
            [
              3765.3693712387803,
              -639.4825323554561
            ],
            [
              3762.2072388890056,
              -640.114958825411
            ],
            [
              3763.050474182279,
              -635.6879735357263
            ],
            [
              3766.8450330020087,
              -629.3637088361768
            ],
            [
              3765.211264621292,
              -628.8893889837105
            ],
            [
              3757.8329558051505,
              -630.6812639819162
            ],
            [
              3751.8249043405785,
              -619.2448853168976
            ],
            [
              3753.7221837504435,
              -614.3435801747466
            ],
            [
              3758.913351024656,
              -612.0773853240747
            ],
            [
              3761.2322480811576,
              -608.0983687839415
            ],
            [
              3765.1322113125466,
              -607.4395912110717
            ],
            [
              3770.7449962333976,
              -599.9295268803565
            ],
            [
              3776.8057499037986,
              -599.718718057038
            ],
            [
              3781.6016506342903,
              -605.1470452574847
            ],
            [
              3790.8772388602965,
              -604.9362364341664
            ],
            [
              3794.9880109150035,
              -610.7334790754203
            ],
            [
              3799.8366138513247,
              -611.3132033395457
            ],
            [
              3802.5244263486334,
              -607.2551334906681
            ],
            [
              3807.5311359024427,
              -605.0943430516553
            ],
            [
              3808.0054557549092,
              -597.7160342355141
            ],
            [
              3813.539187367015,
              -596.2930746781154
            ],
            [
              3821.181007212304,
              -596.7673945305817
            ],
            [
              3826.082312354455,
              -590.2850232135434
            ],
            [
              3827.557974117683,
              -587.2282952754276
            ],
            [
              3833.829536611403,
              -582.9594166032316
            ],
            [
              3839.363268223509,
              -586.806677628791
            ],
            [
              3844.001062336512,
              -581.2202438108555
            ],
            [
              3843.3159336607273,
              -577.3202805794666
            ],
            [
              3838.678139547724,
              -577.2148761678075
            ],
            [
              3830.5092976441397,
              -582.5905011624246
            ],
            [
              3823.816117503783,
              -582.1161813099584
            ],
            [
              3821.022900594815,
              -587.1228908637685
            ],
            [
              3809.481117518136,
              -593.4471555633181
            ],
            [
              3805.21223884594,
              -593.341751151659
            ],
            [
              3802.471724142802,
              -598.8227805579353
            ],
            [
              3798.571760911413,
              -602.7754459951537
            ],
            [
              3795.9366506199344,
              -601.4578908494143
            ],
            [
              3794.566393268365,
              -598.8754827637648
            ],
            [
              3793.4069447401143,
              -598.0849496763211
            ],
            [
              3786.819169011417,
              -600.8254643794594
            ],
            [
              3780.1259888710606,
              -598.5592695287875
            ],
            [
              3776.173323433842,
              -595.3971371790126
            ],
            [
              3777.1219631387744,
              -589.5471923319293
            ],
            [
              3786.344849158954,
              -585.0148026305849
            ]
          ]
        ]
      }
    },
    {
      "type": "Feature",
      "properties": {
        "fid": 1134,
        "code": "nan_hai",
        "name": "Nan Hai (South China Sea)",
        "capital": null,
        "culture": null,
        "civs": [],
        "provinceType": "sea",
        "terrain": null,
        "mapTypes": [],
        "resources": null,
        "religion": null,
        "population": null,
        "centerpoint": [
          3496,
          873
        ],
        "position": {
          "x": 3317,
          "y": 754
        },
        "bbox": {
          "w": 350,
          "h": 306
        }
      },
      "geometry": {
        "type": "Polygon",
        "coordinates": [
          [
            [
              3607.104647132552,
              -754.2415855493666
            ],
            [
              3620.5437096190954,
              -765.730666420215
            ],
            [
              3613.481614037931,
              -775.9548943511535
            ],
            [
              3609.265437571565,
              -781.4359237574298
            ],
            [
              3608.63301110161,
              -796.8249678596671
            ],
            [
              3609.265437571565,
              -807.9978354955381
            ],
            [
              3617.6977905042977,
              -814.1112913717693
            ],
            [
              3620.438305207436,
              -818.9598943080907
            ],
            [
              3620.649114030755,
              -816.0085707816343
            ],
            [
              3629.7138934334444,
              -801.6735707959888
            ],
            [
              3632.032790489946,
              -793.6628355098926
            ],
            [
              3637.7246287195403,
              -792.6087913933011
            ],
            [
              3638.3570551894954,
              -785.4412914004782
            ],
            [
              3640.675952245997,
              -775.7440855278355
            ],
            [
              3640.8867610693155,
              -772.160335531424
            ],
            [
              3646.1569816522733,
              -770.0522472982409
            ],
            [
              3647.0002169455465,
              -769.6306296516043
            ],
            [
              3668.0810992773786,
              -784.1764384605683
            ],
            [
              3637.0922022495856,
              -875.4566589574007
            ],
            [
              3617.6977905043004,
              -872.0837177843076
            ],
            [
              3608.422202278294,
              -872.5053354309442
            ],
            [
              3600.833084638835,
              -886.84033541659
            ],
            [
              3605.0492611052014,
              -898.6456295224159
            ],
            [
              3602.0979375787447,
              -904.9698942219654
            ],
            [
              3605.470878751838,
              -910.4509236282418
            ],
            [
              3601.676319932108,
              -914.2454824479715
            ],
            [
              3594.0872022926487,
              -909.6076883349684
            ],
            [
              3590.292643472919,
              -907.4996001017853
            ],
            [
              3591.9791140594652,
              -912.1373942147883
            ],
            [
              3597.4601434657416,
              -926.472394200434
            ],
            [
              3604.2060258119277,
              -933.6398941932569
            ],
            [
              3607.578966985021,
              -937.8560706596232
            ],
            [
              3606.5249228684293,
              -928.6858868452762
            ],
            [
              3609.581650806545,
              -929.1075044919128
            ],
            [
              3614.324849331207,
              -931.215592725096
            ],
            [
              3617.8031949159595,
              -932.9020633116426
            ],
            [
              3618.8572390325508,
              -934.9047471331666
            ],
            [
              3607.68437139668,
              -939.753350069488
            ],
            [
              3609.1600331599084,
              -942.8100780076036
            ],
            [
              3610.1086728648406,
              -944.9181662407867
            ],
            [
              3610.2140772764997,
              -949.3451515304715
            ],
            [
              3610.1086728648406,
              -951.8748574102913
            ],
            [
              3604.206025811928,
              -954.0883500551336
            ],
            [
              3616.011319917754,
              -961.677467694593
            ],
            [
              3623.6004375572134,
              -970.1098206273258
            ],
            [
              3594.0872022926487,
              -989.0826147259745
            ],
            [
              3540.1201435231587,
              -1032.5092323295482
            ],
            [
              3532.109408237063,
              -1060.7576146542033
            ],
            [
              3317.92764374565,
              -1023.655261750179
            ],
            [
              3327.624849618293,
              -1011.0067323510798
            ],
            [
              3342.803084897212,
              -1008.8986441178965
            ],
            [
              3354.608379003038,
              -1007.21217353135
            ],
            [
              3371.4730848685035,
              -998.3582029519806
            ],
            [
              3381.5919083877825,
              -995.8284970721608
            ],
            [
              3387.072937794059,
              -991.1907029591578
            ],
            [
              3390.8674966137887,
              -981.9151147331517
            ],
            [
              3391.710731907062,
              -976.4340853268754
            ],
            [
              3391.710731907062,
              -967.1584971008693
            ],
            [
              3391.710731907062,
              -959.5693794614099
            ],
            [
              3391.710731907062,
              -946.499232415674
            ],
            [
              3389.602643673879,
              -941.4398206560344
            ],
            [
              3384.964849560876,
              -933.0074677233016
            ],
            [
              3382.013526034419,
              -929.6345265502085
            ],
            [
              3374.4244083949598,
              -920.780555970839
            ],
            [
              3367.6785260487736,
              -914.0346736246529
            ],
            [
              3358.824555469404,
              -907.2887912784666
            ],
            [
              3352.0786731232183,
              -901.8077618721902
            ],
            [
              3342.803084897212,
              -892.5321736461842
            ],
            [
              3338.5869084308456,
              -888.3159971798178
            ],
            [
              3338.5869084308456,
              -886.6295265932713
            ],
            [
              3333.1058790245693,
              -882.8349677735415
            ],
            [
              3328.889702558203,
              -876.0890854273553
            ],
            [
              3323.408673151927,
              -871.0296736677155
            ],
            [
              3335.319371669412,
              -855.7460339771374
            ],
            [
              3338.4815040191866,
              -853.9541589789317
            ],
            [
              3343.962533425463,
              -850.3704089825203
            ],
            [
              3346.1760260703054,
              -847.524489867723
            ],
            [
              3346.913856951919,
              -846.7866589861088
            ],
            [
              3350.708415771649,
              -847.6298942793821
            ],
            [
              3355.082698855504,
              -841.9380560497875
            ],
            [
              3359.456981939359,
              -837.1948575251254
            ],
            [
              3378.008158391371,
              -829.7638465031544
            ],
            [
              3395.3998863151314,
              -827.6030560641417
            ],
            [
              3402.5673863079546,
              -827.81386488746
            ],
            [
              3410.156503947414,
              -830.9759972372348
            ],
            [
              3414.161871590462,
              -831.3976148838715
            ],
            [
              3424.702312756378,
              -829.2895266506882
            ],
            [
              3420.69694511333,
              -834.348938410328
            ],
            [
              3418.5888568801465,
              -840.4623942865592
            ],
            [
              3423.8590774631048,
              -849.7379825125653
            ],
            [
              3398.1404010182696,
              -865.3378354381209
            ],
            [
              3400.8809157214077,
              -875.4566589574002
            ],
            [
              3413.5294451205073,
              -880.7268795403581
            ],
            [
              3420.2753274666934,
              -880.5160707170398
            ],
            [
              3437.7724598021136,
              -874.6134236641269
            ],
            [
              3449.3669450846214,
              -857.7487177986613
            ],
            [
              3434.8211362756574,
              -839.619158993286
            ],
            [
              3438.6156950953873,
              -841.0948207565141
            ],
            [
              3441.98863626848,
              -834.7705560569646
            ],
            [
              3443.6751068550266,
              -831.8192325305081
            ],
            [
              3458.8533421339457,
              -827.8138648874599
            ],
            [
              3463.491136246949,
              -830.3435707672797
            ],
            [
              3473.1883421195917,
              -826.7598207708684
            ],
            [
              3475.7180479994113,
              -826.5490119475501
            ],
            [
              3479.934224465778,
              -826.5490119475501
            ],
            [
              3487.9449597518737,
              -821.911217834547
            ],
            [
              3493.42598915815,
              -826.3382031242317
            ],
            [
              3498.063783271153,
              -819.8031296013638
            ],
            [
              3502.9123862074744,
              -817.6950413681806
            ],
            [
              3506.2853273805677,
              -818.9598943080905
            ],
            [
              3511.3447391402074,
              -812.2140119619042
            ],
            [
              3522.517606776078,
              -809.2626884354478
            ],
            [
              3532.847239118676,
              -806.732982555628
            ],
            [
              3543.8092979312287,
              -805.0465119690814
            ],
            [
              3544.652533224502,
              -803.7816590291715
            ],
            [
              3542.5444449913184,
              -787.9709972802975
            ],
            [
              3552.663268510598,
              -789.2358502202076
            ],
            [
              3554.138930273826,
              -791.9763649233457
            ],
            [
              3570.8982317276327,
              -782.3845634623623
            ],
            [
              3582.598121421799,
              -773.9522105296295
            ],
            [
              3607.104647132552,
              -754.2415855493666
            ]
          ]
        ]
      }
    },
    {
      "type": "Feature",
      "properties": {
        "fid": 1135,
        "code": "yizhou",
        "name": "Yizhou (taiwan)",
        "capital": null,
        "culture": null,
        "civs": [
          "han"
        ],
        "provinceType": "land",
        "terrain": "island",
        "mapTypes": [],
        "resources": null,
        "religion": null,
        "population": "low",
        "centerpoint": [
          3627,
          788
        ],
        "position": {
          "x": 3608,
          "y": 746
        },
        "bbox": {
          "w": 42,
          "h": 73
        }
      },
      "geometry": {
        "type": "Polygon",
        "coordinates": [
          [
            [
              3609.152637923589,
              -781.2690225987623
            ],
            [
              3628.343596849293,
              -753.374357394486
            ],
            [
              3642.2909294514307,
              -745.562424300194
            ],
            [
              3650.851952020518,
              -758.9746929917642
            ],
            [
              3646.5714407359746,
              -769.961338622093
            ],
            [
              3641.2921434850373,
              -772.9576965212735
            ],
            [
              3640.7927505018406,
              -776.5961311131357
            ],
            [
              3638.723836714311,
              -785.5138629559351
            ],
            [
              3637.7250507479175,
              -792.7907321396593
            ],
            [
              3632.1603860780106,
              -794.00354367028
            ],
            [
              3629.734763016769,
              -802.493224384625
            ],
            [
              3620.7456893192275,
              -816.2622023499073
            ],
            [
              3620.3176381907733,
              -819.0445346848607
            ],
            [
              3619.8895870623187,
              -819.0445346848607
            ],
            [
              3617.392622146335,
              -814.4786559813474
            ],
            [
              3609.1169669962173,
              -808.1292309092743
            ],
            [
              3608.581903085649,
              -796.9642306420895
            ],
            [
              3609.152637923589,
              -781.2690225987623
            ]
          ]
        ]
      }
    },
    {
      "type": "Feature",
      "properties": {
        "fid": 1136,
        "code": "sicilia",
        "name": "Sicilia",
        "capital": "Syracuse",
        "culture": null,
        "civs": [
          "spart"
        ],
        "provinceType": "land",
        "terrain": "island",
        "mapTypes": [],
        "resources": null,
        "religion": null,
        "population": "medium",
        "centerpoint": [
          1819,
          642
        ],
        "position": {
          "x": 1785,
          "y": 628
        },
        "bbox": {
          "w": 65,
          "h": 38
        }
      },
      "geometry": {
        "type": "Polygon",
        "coordinates": [
          [
            [
              1787.5453898586584,
              -634.5901692484006
            ],
            [
              1784.763057523705,
              -641.9383802868672
            ],
            [
              1788.758201389279,
              -644.2926614933663
            ],
            [
              1792.539319690626,
              -645.862182297699
            ],
            [
              1798.2466680700174,
              -646.1475497166685
            ],
            [
              1799.6735051648654,
              -648.2878053589403
            ],
            [
              1803.4546234662123,
              -649.2865913253338
            ],
            [
              1805.8089046727114,
              -651.4981888223481
            ],
            [
              1806.1656139464233,
              -652.568316643484
            ],
            [
              1810.7314926499366,
              -654.9939397047254
            ],
            [
              1817.7229944146914,
              -656.2067512353461
            ],
            [
              1821.2187452970686,
              -656.9201697827701
            ],
            [
              1824.857179888931,
              -658.6323742965876
            ],
            [
              1824.714496179446,
              -662.0567833242225
            ],
            [
              1830.7072119778072,
              -663.76898783804
            ],
            [
              1834.2029628601845,
              -664.0543552570095
            ],
            [
              1838.8401834184401,
              -665.053141223403
            ],
            [
              1839.9816530943185,
              -663.9116715475247
            ],
            [
              1839.1968926921522,
              -660.2018951009203
            ],
            [
              1842.9066691387566,
              -658.347006877618
            ],
            [
              1842.264592446075,
              -652.4969747887417
            ],
            [
              1839.4822601111216,
              -648.2164635041979
            ],
            [
              1841.5868448260223,
              -642.2237477058368
            ],
            [
              1843.7271004682943,
              -639.0133642424291
            ],
            [
              1845.5819886915965,
              -636.9444504548997
            ],
            [
              1847.7935861886108,
              -633.5913832820071
            ],
            [
              1849.0777395739738,
              -631.3084439302504
            ],
            [
              1849.5771325571707,
              -629.0255045784938
            ],
            [
              1847.3655350601564,
              -627.3846419194188
            ],
            [
              1844.3691771609758,
              -629.3822138522058
            ],
            [
              1839.9459821669473,
              -629.0968464332362
            ],
            [
              1834.3813174970408,
              -629.8102649806602
            ],
            [
              1834.5329189383608,
              -629.9707841538277
            ],
            [
              1831.38495959786,
              -630.8090509470537
            ],
            [
              1827.603841296513,
              -633.6627251367495
            ],
            [
              1819.3995280011377,
              -633.5200414272647
            ],
            [
              1811.0525309962775,
              -633.8054088462342
            ],
            [
              1807.342754549673,
              -631.4511276397351
            ],
            [
              1804.988473343174,
              -629.453555706948
            ],
            [
              1802.7055339914173,
              -630.3096579638568
            ],
            [
              1802.4915084271902,
              -630.6663672375688
            ],
            [
              1799.9945435112063,
              -630.6663672375688
            ],
            [
              1797.7116041594497,
              -633.0206484440678
            ],
            [
              1795.571348517178,
              -633.0919902988102
            ],
            [
              1794.2158532770723,
              -630.880392801796
            ],
            [
              1792.4323069085126,
              -630.7377090923112
            ],
            [
              1790.5774186852102,
              -633.1633321535526
            ],
            [
              1787.5453898586584,
              -634.5901692484006
            ]
          ]
        ]
      }
    },
    {
      "type": "Feature",
      "properties": {
        "fid": 1137,
        "code": "napolia",
        "name": "Napolia",
        "capital": null,
        "culture": "italic",
        "civs": [
          "rome"
        ],
        "provinceType": "land",
        "terrain": "plain",
        "mapTypes": [],
        "resources": null,
        "religion": null,
        "population": "medium",
        "centerpoint": [
          1858,
          591
        ],
        "position": {
          "x": 1818,
          "y": 546
        },
        "bbox": {
          "w": 87,
          "h": 93
        }
      },
      "geometry": {
        "type": "Polygon",
        "coordinates": [
          [
            [
              1817.9726909062897,
              -569.4550558685943
            ],
            [
              1837.520359105706,
              -545.4841926751496
            ],
            [
              1839.7319566027202,
              -546.5543204962856
            ],
            [
              1841.3728192617953,
              -548.6945761385575
            ],
            [
              1845.9386979653084,
              -550.7634899260869
            ],
            [
              1849.5057907024282,
              -551.8336177472229
            ],
            [
              1850.6472603783066,
              -552.2616688756772
            ],
            [
              1863.0607431034832,
              -552.3330107304196
            ],
            [
              1866.128442857406,
              -553.8311896800099
            ],
            [
              1867.198570678542,
              -556.3281545959937
            ],
            [
              1865.6290498742094,
              -558.6110939477503
            ],
            [
              1860.4924363327568,
              -561.3220844279614
            ],
            [
              1862.704033829771,
              -563.8903911986874
            ],
            [
              1866.2711265668909,
              -564.2471004723994
            ],
            [
              1869.4101681755562,
              -566.6013816788984
            ],
            [
              1874.5467817170088,
              -568.3849280474583
            ],
            [
              1880.040104532173,
              -569.2410303043671
            ],
            [
              1882.9651205766113,
              -571.6666533656085
            ],
            [
              1887.8877085538365,
              -574.663011264789
            ],
            [
              1893.95176620694,
              -577.1599761807729
            ],
            [
              1894.8792103185913,
              -577.4453435997424
            ],
            [
              1895.8779962849846,
              -579.7282829514991
            ],
            [
              1900.9432679716947,
              -583.0100082696492
            ],
            [
              1903.154865468709,
              -586.220391733057
            ],
            [
              1905.0097536920111,
              -588.5033310848138
            ],
            [
              1900.978938899066,
              -596.6006315980756
            ],
            [
              1898.0182519272564,
              -596.13690954225
            ],
            [
              1894.665184754364,
              -593.8896411178646
            ],
            [
              1894.2371336259096,
              -589.3594333417225
            ],
            [
              1890.4203443971915,
              -587.4332032636779
            ],
            [
              1881.609625336506,
              -586.6484428615114
            ],
            [
              1881.2529160627942,
              -583.9374523813004
            ],
            [
              1878.4705837278407,
              -583.1526919791341
            ],
            [
              1872.8345772031914,
              -589.3594333417225
            ],
            [
              1870.4802959966923,
              -595.3521491400836
            ],
            [
              1869.1248007565869,
              -598.134481475037
            ],
            [
              1869.2674844660714,
              -600.0607115530818
            ],
            [
              1873.191286476903,
              -599.4186348604002
            ],
            [
              1875.6169095381447,
              -601.558890502672
            ],
            [
              1879.5407115489763,
              -603.3424368712319
            ],
            [
              1881.1815742080514,
              -605.6253762229885
            ],
            [
              1880.967548643824,
              -618.2528845123924
            ],
            [
              1874.0473887338119,
              -617.0400729817717
            ],
            [
              1869.552851885041,
              -619.822405316725
            ],
            [
              1868.62540777339,
              -621.1779005568305
            ],
            [
              1869.1248007565866,
              -629.1681882879788
            ],
            [
              1865.771733583694,
              -630.0242905448874
            ],
            [
              1862.0619571370896,
              -633.0919902988104
            ],
            [
              1860.135727059045,
              -636.3023737622182
            ],
            [
              1858.4235225452273,
              -638.1572619855204
            ],
            [
              1855.9265576292437,
              -638.8706805329443
            ],
            [
              1850.7899440877911,
              -637.5865271475813
            ],
            [
              1848.5872643226128,
              -634.465321002599
            ],
            [
              1850.1478673951096,
              -629.0968464332364
            ],
            [
              1852.8588578753206,
              -628.1694023215852
            ],
            [
              1855.7125320650164,
              -625.3157281318894
            ],
            [
              1853.500934568002,
              -622.533395796936
            ],
            [
              1854.6424042438805,
              -620.8925331378609
            ],
            [
              1858.2451679083713,
              -619.0733158419299
            ],
            [
              1861.098842098067,
              -619.0019739871875
            ],
            [
              1860.8491456064687,
              -615.9699451606357
            ],
            [
              1859.0299283105376,
              -615.113842903727
            ],
            [
              1858.138155126258,
              -612.188826859289
            ],
            [
              1857.7101039978036,
              -605.6253762229886
            ],
            [
              1854.000327551199,
              -599.347293005658
            ],
            [
              1853.1442252942902,
              -595.6375165590534
            ],
            [
              1849.1490814287163,
              -594.7814143021446
            ],
            [
              1846.1527235295357,
              -595.209465430599
            ],
            [
              1843.5844167588093,
              -593.4972609167816
            ],
            [
              1842.8709982113855,
              -592.6411586598729
            ],
            [
              1840.445375150144,
              -591.7850564029641
            ],
            [
              1838.447803217357,
              -590.7862704365706
            ],
            [
              1837.4490172509634,
              -587.5045451184204
            ],
            [
              1838.8758543458114,
              -585.6496568951181
            ],
            [
              1838.8758543458114,
              -581.7971967390289
            ],
            [
              1836.45023128457,
              -581.6545130295441
            ],
            [
              1831.4563014526022,
              -582.0825641579985
            ],
            [
              1829.8867806482697,
              -583.2240338338768
            ],
            [
              1828.174576134452,
              -583.9374523813007
            ],
            [
              1826.0164850284946,
              -584.8559787611088
            ],
            [
              1824.8571798889307,
              -584.1068892863137
            ],
            [
              1825.0712054531577,
              -582.9654196104354
            ],
            [
              1825.3744083358129,
              -582.0914818898411
            ],
            [
              1827.5860058328271,
              -580.8786703592203
            ],
            [
              1829.5122359108718,
              -579.8442134654556
            ],
            [
              1828.5134499444782,
              -578.3103635884942
            ],
            [
              1825.945143173752,
              -577.9536543147823
            ],
            [
              1824.803673497874,
              -578.7740856443197
            ],
            [
              1822.5207341461173,
              -578.9524402811758
            ],
            [
              1821.9856702355494,
              -578.5957310074638
            ],
            [
              1820.6658459228152,
              -577.2045648399871
            ],
            [
              1820.6658459228145,
              -574.0655232313218
            ],
            [
              1817.9726909062897,
              -569.4550558685943
            ]
          ]
        ]
      }
    },
    {
      "type": "Feature",
      "properties": {
        "fid": 1138,
        "code": "latium",
        "name": "Latium",
        "capital": "Rome",
        "culture": "italic",
        "civs": [
          "rome"
        ],
        "provinceType": "land",
        "terrain": "hills",
        "mapTypes": [],
        "resources": null,
        "religion": null,
        "population": "high",
        "centerpoint": [
          1796,
          530
        ],
        "position": {
          "x": 1755,
          "y": 493
        },
        "bbox": {
          "w": 83,
          "h": 78
        }
      },
      "geometry": {
        "type": "Polygon",
        "coordinates": [
          [
            [
              1755.245365124039,
              -511.5700584769854
            ],
            [
              1755.5307325430085,
              -511.2846910580158
            ],
            [
              1781.9272187976942,
              -494.16264591984157
            ],
            [
              1793.3419155564773,
              -495.16143188623505
            ],
            [
              1797.479743131536,
              -492.30775769653934
            ],
            [
              1802.3309892540187,
              -493.4492273724176
            ],
            [
              1806.1834494101079,
              -494.01996221035677
            ],
            [
              1807.1822353765015,
              -495.7321667241742
            ],
            [
              1802.3309892540187,
              -497.0163201095373
            ],
            [
              1802.901724091958,
              -502.43830106995915
            ],
            [
              1803.329775220412,
              -506.43344493553315
            ],
            [
              1804.899296024745,
              -508.07430759460823
            ],
            [
              1807.7529702144407,
              -511.7127421864703
            ],
            [
              1810.8206699683635,
              -512.568844443379
            ],
            [
              1812.176165208469,
              -513.3536048455453
            ],
            [
              1814.88715568868,
              -515.4225186330747
            ],
            [
              1817.6694880236332,
              -517.1347231468922
            ],
            [
              1820.6658459228138,
              -518.7755858059672
            ],
            [
              1823.3054945482822,
              -520.8444995934966
            ],
            [
              1824.8036734978725,
              -520.7731577387542
            ],
            [
              1826.9439291401443,
              -526.0524549896913
            ],
            [
              1828.156740670765,
              -532.6159056259914
            ],
            [
              1829.3695522013857,
              -536.4683657820807
            ],
            [
              1831.0104148604607,
              -540.4635096476547
            ],
            [
              1838.0019166252152,
              -545.600123189107
            ],
            [
              1817.999444101817,
              -569.4550558685947
            ],
            [
              1811.6321835660585,
              -569.5799041143939
            ],
            [
              1808.8498512311053,
              -568.5811181480004
            ],
            [
              1805.9248351866672,
              -570.507348226045
            ],
            [
              1804.0699469633648,
              -567.4396484721221
            ],
            [
              1799.5754101145942,
              -566.868913634183
            ],
            [
              1797.4351544723224,
              -565.7274439583047
            ],
            [
              1795.2235569753082,
              -563.0164534780937
            ],
            [
              1790.2296271433406,
              -559.3066770314892
            ],
            [
              1788.8741319032351,
              -554.7407983279761
            ],
            [
              1781.953971993223,
              -553.3853030878706
            ],
            [
              1781.2405534457992,
              -549.2474755128119
            ],
            [
              1779.242981513012,
              -546.8218524515705
            ],
            [
              1774.6057609547565,
              -546.0370920494041
            ],
            [
              1771.8947704745456,
              -545.6090409209498
            ],
            [
              1771.5380612008335,
              -541.3285296364063
            ],
            [
              1768.0423103184562,
              -538.7602228656801
            ],
            [
              1765.4026616929877,
              -536.0492323854692
            ],
            [
              1761.1221504084442,
              -533.7662930337126
            ],
            [
              1760.8011120621031,
              -524.8485611909136
            ],
            [
              1758.8035401293162,
              -523.7070915150352
            ],
            [
              1757.8047541629226,
              -515.8594874933721
            ],
            [
              1755.245365124039,
              -511.5700584769854
            ]
          ]
        ]
      }
    },
    {
      "type": "Feature",
      "properties": {
        "fid": 1139,
        "code": "cisalpine_gaul",
        "name": "Cisalpine",
        "capital": null,
        "culture": null,
        "civs": [
          "gaul"
        ],
        "provinceType": "land",
        "terrain": "hills",
        "mapTypes": [],
        "resources": null,
        "religion": null,
        "population": "high",
        "centerpoint": [
          1764,
          491
        ],
        "position": {
          "x": 1708,
          "y": 452
        },
        "bbox": {
          "w": 109,
          "h": 60
        }
      },
      "geometry": {
        "type": "Polygon",
        "coordinates": [
          [
            [
              1755.2364473921962,
              -511.7216599183134
            ],
            [
              1750.7419105434253,
              -510.9012285887759
            ],
            [
              1747.995249135843,
              -509.1890240749584
            ],
            [
              1745.1772458735186,
              -506.5493754494899
            ],
            [
              1741.5031403542853,
              -505.0868674272708
            ],
            [
              1738.3997696729912,
              -504.2664360977333
            ],
            [
              1737.5971738071396,
              -503.41033384082465
            ],
            [
              1735.1358798185272,
              -503.26765013133985
            ],
            [
              1730.8553685339834,
              -504.48046166196053
            ],
            [
              1725.9684514841288,
              -509.510062421299
            ],
            [
              1722.044649473297,
              -511.79300177305555
            ],
            [
              1711.6287386809076,
              -503.51734662293796
            ],
            [
              1708.1329877985308,
              -492.9587521210637
            ],
            [
              1710.1305597313178,
              -481.8294227812504
            ],
            [
              1720.8318379426769,
              -471.12814456989145
            ],
            [
              1720.2611031047377,
              -466.84763328534785
            ],
            [
              1756.645449023358,
              -451.2951089515062
            ],
            [
              1768.4881969105952,
              -452.4365786273845
            ],
            [
              1772.0552896477147,
              -460.5695500680173
            ],
            [
              1803.1603383153983,
              -465.8488473189544
            ],
            [
              1817.4287092638772,
              -478.51202653572926
            ],
            [
              1813.3265526161895,
              -480.86630774222823
            ],
            [
              1811.400322538145,
              -481.82942278125057
            ],
            [
              1807.9402425831388,
              -482.1147902002201
            ],
            [
              1804.159124281792,
              -484.04102027826474
            ],
            [
              1803.1603383153988,
              -486.6806689037332
            ],
            [
              1804.1591242817924,
              -489.7483686576561
            ],
            [
              1806.2280380693219,
              -493.27979046740455
            ],
            [
              1806.2993799240642,
              -494.27857643379804
            ],
            [
              1797.560002718121,
              -492.28100450101107
            ],
            [
              1793.2794914335775,
              -495.348704254934
            ],
            [
              1781.9718074569082,
              -494.27857643379804
            ],
            [
              1755.2364473921962,
              -511.7216599183134
            ]
          ]
        ]
      }
    },
    {
      "type": "Feature",
      "properties": {
        "fid": 1140,
        "code": "med_central",
        "name": "Central Mediterranean",
        "capital": null,
        "culture": null,
        "civs": [],
        "provinceType": "sea",
        "terrain": null,
        "mapTypes": [],
        "resources": null,
        "religion": null,
        "population": null,
        "centerpoint": [
          1830,
          591
        ],
        "position": {
          "x": 1723,
          "y": 476
        },
        "bbox": {
          "w": 236,
          "h": 284
        }
      },
      "geometry": {
        "type": "Polygon",
        "coordinates": [
          [
            [
              1806.1210252872088,
              -494.2429055064269
            ],
            [
              1806.0853543598375,
              -493.1014358305486
            ],
            [
              1804.1591242817929,
              -489.8553814397697
            ],
            [
              1803.1246673880282,
              -487.0373781774452
            ],
            [
              1803.0889964606567,
              -486.43097241213485
            ],
            [
              1804.0877824270503,
              -483.8626656414087
            ],
            [
              1807.7618879462837,
              -482.07911927284886
            ],
            [
              1811.5430062476305,
              -481.7224099991369
            ],
            [
              1817.4643801912491,
              -478.4050137536156
            ],
            [
              1818.2491405934154,
              -476.7998220219118
            ],
            [
              1819.7473195430057,
              -475.4086558544351
            ],
            [
              1821.7092205484214,
              -476.7998220219118
            ],
            [
              1824.7412493749732,
              -476.5857964576846
            ],
            [
              1827.1668724362146,
              -475.4443267818063
            ],
            [
              1830.0918884806526,
              -476.08640347448784
            ],
            [
              1830.876648882819,
              -478.29800097150206
            ],
            [
              1825.954060905594,
              -481.7937518538793
            ],
            [
              1825.3119842129122,
              -482.5785122560456
            ],
            [
              1827.4522398551842,
              -490.7471546240496
            ],
            [
              1829.4854827153424,
              -493.0300939758062
            ],
            [
              1831.1976872291598,
              -493.60082881374535
            ],
            [
              1834.122703273598,
              -491.95996615467027
            ],
            [
              1834.7291090389083,
              -488.99927918286096
            ],
            [
              1836.476984480097,
              -486.14560499316525
            ],
            [
              1840.1867609267015,
              -483.29193080346954
            ],
            [
              1845.1806907586688,
              -487.1087200321876
            ],
            [
              1847.499301037796,
              -493.6008288137453
            ],
            [
              1846.6431987808874,
              -499.3795190478791
            ],
            [
              1850.067607808522,
              -503.23197920396836
            ],
            [
              1851.77981232234,
              -511.5076343540859
            ],
            [
              1854.9188539310053,
              -511.7930017730555
            ],
            [
              1860.0554674724576,
              -517.0722990239925
            ],
            [
              1864.1932950475164,
              -519.9259732136883
            ],
            [
              1869.044541169999,
              -519.7832895042035
            ],
            [
              1875.2512825325873,
              -522.4942799844144
            ],
            [
              1880.0311868003275,
              -525.7760053025645
            ],
            [
              1889.1629442073538,
              -532.9815326315462
            ],
            [
              1893.728822910867,
              -536.9053346423779
            ],
            [
              1896.5111552458202,
              -539.9016925415584
            ],
            [
              1901.362401368303,
              -543.3974434239357
            ],
            [
              1908.4252449877997,
              -549.461501077039
            ],
            [
              1913.7045422387368,
              -552.6718845404467
            ],
            [
              1915.7021141715238,
              -555.0975076016881
            ],
            [
              1914.846011914615,
              -558.8072840482926
            ],
            [
              1913.6332003839943,
              -562.0176675117002
            ],
            [
              1913.4191748197672,
              -569.8652715333634
            ],
            [
              1912.7770981270855,
              -573.075654996771
            ],
            [
              1913.9899096577058,
              -578.0695848287387
            ],
            [
              1917.4143186853407,
              -585.0610865934932
            ],
            [
              1924.1204530311256,
              -590.3403838444303
            ],
            [
              1925.4046064164886,
              -595.3343136763979
            ],
            [
              1928.2582806061844,
              -598.9014064135175
            ],
            [
              1929.1143828630932,
              -600.9703202010469
            ],
            [
              1932.396108181243,
              -604.3233873739393
            ],
            [
              1935.9632009183629,
              -608.1045056752862
            ],
            [
              1938.7455332533161,
              -611.1722054292092
            ],
            [
              1941.0284726050727,
              -614.7392981663288
            ],
            [
              1942.5979934094055,
              -618.3777327581907
            ],
            [
              1945.0949583253887,
              -623.3716625901583
            ],
            [
              1947.9486325150842,
              -620.6606721099474
            ],
            [
              1950.80230670478,
              -621.5881162215985
            ],
            [
              1954.1553738776724,
              -622.3015347690224
            ],
            [
              1956.6523387936563,
              -621.8021417858257
            ],
            [
              1957.2230736315955,
              -625.0838671039758
            ],
            [
              1954.7261087156116,
              -626.9387553272779
            ],
            [
              1950.7309648500377,
              -628.2942505673834
            ],
            [
              1948.804734771993,
              -628.6509598410954
            ],
            [
              1945.9510605822973,
              -632.6461037066695
            ],
            [
              1950.4455974310692,
              -637.7113753933794
            ],
            [
              1954.2980575871584,
              -642.5626215158621
            ],
            [
              1955.5822109725216,
              -643.8467749012252
            ],
            [
              1953.299271620765,
              -649.982174409071
            ],
            [
              1954.4407412966432,
              -657.259043592795
            ],
            [
              1959.72003854758,
              -719.3264572186769
            ],
            [
              1955.5108691177788,
              -715.6880226268148
            ],
            [
              1935.0357568067118,
              -711.9069043254676
            ],
            [
              1929.8991432652597,
              -711.3361694875284
            ],
            [
              1911.4929447417223,
              -716.4727830289806
            ],
            [
              1899.079462016546,
              -728.4582146257027
            ],
            [
              1898.7940945975765,
              -734.7362978430333
            ],
            [
              1900.363615401909,
              -738.1607068706682
            ],
            [
              1902.7892384631505,
              -740.7290136413943
            ],
            [
              1901.7904524967569,
              -749.8607710484206
            ],
            [
              1886.8086630008545,
              -759.1352121649318
            ],
            [
              1872.96834318083,
              -752.1437104001772
            ],
            [
              1867.9744133488623,
              -748.4339339535728
            ],
            [
              1858.4146048133816,
              -745.4375760543924
            ],
            [
              1849.7108985348098,
              -738.9454672728345
            ],
            [
              1832.8742208156048,
              -738.660099853865
            ],
            [
              1825.9540609055925,
              -731.8112817985951
            ],
            [
              1823.3500832074951,
              -718.8270642354796
            ],
            [
              1819.3549393419212,
              -715.9733900457838
            ],
            [
              1805.9426706503514,
              -714.8319203699057
            ],
            [
              1796.8109132433249,
              -708.553837152575
            ],
            [
              1784.6827979371183,
              -705.9855303818489
            ],
            [
              1775.8364079490614,
              -709.1245719905141
            ],
            [
              1768.8449061843069,
              -706.556265219788
            ],
            [
              1763.1375578049156,
              -700.7062331309118
            ],
            [
              1754.8619026547979,
              -700.1354982929727
            ],
            [
              1752.721647012526,
              -696.7110892653378
            ],
            [
              1752.721647012526,
              -692.7159453997638
            ],
            [
              1750.7240750797391,
              -691.0037408859464
            ],
            [
              1752.008228465102,
              -687.293964439342
            ],
            [
              1750.2960239512847,
              -684.7256576686158
            ],
            [
              1745.1594104098324,
              -686.4378621824332
            ],
            [
              1745.1594104098324,
              -689.4342200816137
            ],
            [
              1743.7325733149846,
              -691.0037408859464
            ],
            [
              1736.5983878407453,
              -687.8646992772811
            ],
            [
              1734.1014229247617,
              -683.298820573768
            ],
            [
              1733.6020299415648,
              -677.7341559038614
            ],
            [
              1755.2899537832527,
              -662.6810245532163
            ],
            [
              1756.0033723306765,
              -653.8346345651596
            ],
            [
              1747.5850334710742,
              -645.4162957055572
            ],
            [
              1747.727717180559,
              -640.850417002044
            ],
            [
              1754.5765352358287,
              -637.2833242649244
            ],
            [
              1758.7143628108875,
              -627.4381483104742
            ],
            [
              1755.7180049117069,
              -623.6570300091272
            ],
            [
              1745.4447778288024,
              -629.6497458074882
            ],
            [
              1742.5911036391067,
              -623.9423974280967
            ],
            [
              1723.1861191491757,
              -625.083867103975
            ],
            [
              1724.3275888250541,
              -615.6667422779791
            ],
            [
              1725.4690585009323,
              -609.8167101891029
            ],
            [
              1730.0349372044454,
              -607.6764545468311
            ],
            [
              1733.8873973605348,
              -611.100863574466
            ],
            [
              1735.5996018743522,
              -608.389873094255
            ],
            [
              1737.1691226786847,
              -605.1081477761049
            ],
            [
              1737.8825412261087,
              -600.9703202010462
            ],
            [
              1738.7386434830175,
              -598.5446971398048
            ],
            [
              1739.1666946114717,
              -596.6898089165026
            ],
            [
              1739.1666946114717,
              -594.5495532742308
            ],
            [
              1738.5246179187898,
              -588.3428119116427
            ],
            [
              1740.6648735610615,
              -585.6318214314318
            ],
            [
              1741.9490269464245,
              -582.4927798227665
            ],
            [
              1743.5185477507573,
              -580.2098404710099
            ],
            [
              1740.5221898515767,
              -574.6451758011033
            ],
            [
              1738.2392504998202,
              -572.6476038683163
            ],
            [
              1738.5246179187898,
              -570.0792970975901
            ],
            [
              1734.386790343731,
              -566.5122043604705
            ],
            [
              1733.5306880868222,
              -565.2280509751074
            ],
            [
              1734.5294740532156,
              -561.6609582379878
            ],
            [
              1736.6697296954876,
              -557.6658143724137
            ],
            [
              1737.5258319523962,
              -554.812140182718
            ],
            [
              1738.2392504998202,
              -552.6718845404462
            ],
            [
              1739.9514550136375,
              -548.3913732559026
            ],
            [
              1740.8075572705463,
              -546.5364850326005
            ],
            [
              1741.092924689516,
              -542.826708585996
            ],
            [
              1739.666087594668,
              -538.1181461729981
            ],
            [
              1738.0965667903354,
              -536.5486253686654
            ],
            [
              1740.6648735610615,
              -533.8376348884544
            ],
            [
              1740.4508479968342,
              -531.9827466651523
            ],
            [
              1738.595959773532,
              -531.9827466651523
            ],
            [
              1738.4532760640473,
              -534.5510534358784
            ],
            [
              1738.0252249355929,
              -536.2632579496958
            ],
            [
              1737.311806388169,
              -536.5486253686654
            ],
            [
              1737.5971738071385,
              -503.32115652239565
            ],
            [
              1738.3819342093047,
              -504.105916924562
            ],
            [
              1741.8420141643103,
              -505.14037381832657
            ],
            [
              1745.3734359740586,
              -506.42452720368965
            ],
            [
              1748.191439236383,
              -509.24253046601416
            ],
            [
              1750.9381006439653,
              -510.9190640524604
            ],
            [
              1755.5039793474784,
              -511.8108372367403
            ],
            [
              1758.0366151908338,
              -515.8773229570567
            ],
            [
              1758.821375593,
              -523.6535851239776
            ],
            [
              1761.139985872128,
              -524.830725727227
            ],
            [
              1761.246998654241,
              -534.0694959163668
            ],
            [
              1765.8842192124964,
              -535.7817004301843
            ],
            [
              1768.523867837965,
              -538.9207420388495
            ],
            [
              1772.0909605750846,
              -541.3463651000909
            ],
            [
              1772.0909605750846,
              -545.6268763846346
            ],
            [
              1779.7958808872631,
              -546.6970042057704
            ],
            [
              1781.936136529535,
              -549.6933621049509
            ],
            [
              1782.0431493116487,
              -553.4744804062979
            ],
            [
              1789.177334785888,
              -554.6159500821761
            ],
            [
              1790.3901463165087,
              -559.6098799141437
            ],
            [
              1795.4554180032187,
              -562.7489215228089
            ],
            [
              1797.6670155002328,
              -566.030646840959
            ],
            [
              1799.6645874330193,
              -567.1007746620949
            ],
            [
              1804.515833555502,
              -567.3148002263221
            ],
            [
              1806.3707217788042,
              -570.2398162707602
            ],
            [
              1809.2243959685,
              -568.384928047458
            ],
            [
              1811.8640445939684,
              -569.5263977233362
            ],
            [
              1818.5701789397533,
              -569.5263977233362
            ],
            [
              1820.9958020009951,
              -574.3776438458189
            ],
            [
              1820.7817764367678,
              -576.7319250523178
            ],
            [
              1822.5653228053277,
              -578.6581551303625
            ],
            [
              1825.1336295760539,
              -578.4441295661353
            ],
            [
              1826.4177829614168,
              -577.8020528734537
            ],
            [
              1828.772064167916,
              -578.3727877113929
            ],
            [
              1829.6281664248247,
              -579.300231823044
            ],
            [
              1825.6330225592505,
              -582.581957141194
            ],
            [
              1825.2763132855387,
              -583.5094012528452
            ],
            [
              1826.7031503803864,
              -584.2941616550115
            ],
            [
              1831.4830546481269,
              -581.654513029543
            ],
            [
              1839.1879749603054,
              -581.3691456105734
            ],
            [
              1838.973949396078,
              -586.6484428615105
            ],
            [
              1837.7611378654574,
              -587.8612543921312
            ],
            [
              1838.617240122366,
              -590.6435867270844
            ],
            [
              1840.2581027814406,
              -591.5710308387356
            ],
            [
              1843.4684862448482,
              -592.5698168051291
            ],
            [
              1845.6800837418625,
              -594.7814143021434
            ],
            [
              1846.8928952724832,
              -595.2094654305977
            ],
            [
              1849.8179113169213,
              -594.353363173689
            ],
            [
              1853.6703714730106,
              -595.4234909948249
            ],
            [
              1854.3837900204344,
              -598.8479000224597
            ],
            [
              1857.2374642101302,
              -604.0558554186545
            ],
            [
              1858.7356431597204,
              -606.7668458988653
            ],
            [
              1858.2362501765238,
              -611.3327246023786
            ],
            [
              1859.4490617071435,
              -614.8819818758121
            ],
            [
              1861.5179754946728,
              -616.2374771159176
            ],
            [
              1861.6606592041576,
              -619.5905442888102
            ],
            [
              1858.093566467038,
              -619.1624931603558
            ],
            [
              1854.8118411488879,
              -621.37409065737
            ],
            [
              1854.1697644562064,
              -622.658244042733
            ],
            [
              1856.2386782437359,
              -624.8698415397472
            ],
            [
              1854.8831830036304,
              -627.4381483104734
            ],
            [
              1849.1579991605515,
              -629.0433400421765
            ],
            [
              1843.9500437643567,
              -629.4000493158885
            ],
            [
              1833.106081843513,
              -632.8958001982658
            ],
            [
              1823.7602988722595,
              -635.6067906784767
            ],
            [
              1815.0565925936876,
              -633.8232443099168
            ],
            [
              1810.5620557449167,
              -634.037269874144
            ],
            [
              1792.6552502045765,
              -631.0052410475929
            ],
            [
              1789.6588923053957,
              -634.4653210025987
            ],
            [
              1785.02167174714,
              -642.0275576052925
            ],
            [
              1791.6564642381825,
              -645.0239155044727
            ],
            [
              1798.5766241481945,
              -645.6659921971542
            ],
            [
              1803.7132376896468,
              -649.0190593700466
            ],
            [
              1810.2766883259471,
              -653.0142032356207
            ],
            [
              1824.616401129168,
              -657.6514237938762
            ],
            [
              1825.329819676592,
              -661.9319350784198
            ],
            [
              1834.8182863573302,
              -663.2874303185251
            ],
            [
              1839.098797641874,
              -660.3624142740871
            ],
            [
              1839.598190625071,
              -648.2342989678809
            ],
            [
              1841.8811299768274,
              -640.3153530914747
            ],
            [
              1846.0189575518862,
              -635.1787395500223
            ],
            [
              1849.1579991605515,
              -631.1835956844484
            ],
            [
              1850.9415455291116,
              -635.178739550023
            ],
            [
              1857.522831629099,
              -638.3534520860594
            ],
            [
              1859.9484546903404,
              -635.0717267679094
            ],
            [
              1863.1588381537483,
              -631.1479247570777
            ],
            [
              1866.6545890361256,
              -629.4357202432603
            ],
            [
              1868.7235028236548,
              -629.1503528242907
            ],
            [
              1867.5106912930341,
              -621.8734836405666
            ],
            [
              1868.2241098404584,
              -621.3740906573701
            ],
            [
              1870.8637584659268,
              -618.0210234844776
            ],
            [
              1874.2168256388195,
              -616.5228445348873
            ],
            [
              1880.4235670014075,
              -617.8069979202504
            ],
            [
              1880.6375925656348,
              -605.2508314855893
            ],
            [
              1874.0028000745926,
              -600.8989783463032
            ],
            [
              1869.8649724995337,
              -600.7562946368184
            ],
            [
              1868.7948446783978,
              -599.6861668156826
            ],
            [
              1869.0802120973674,
              -596.8324926259868
            ],
            [
              1871.1491258848969,
              -592.9086906151553
            ],
            [
              1872.4332792702598,
              -588.8422048948388
            ],
            [
              1876.7137905548034,
              -584.4190099008105
            ],
            [
              1878.7827043423329,
              -582.2074124037963
            ],
            [
              1881.7790622415134,
              -583.6342494986442
            ],
            [
              1882.1357715152253,
              -585.8458469956583
            ],
            [
              1891.695580050706,
              -587.2726840905062
            ],
            [
              1894.9059635141136,
              -589.412939732778
            ],
            [
              1895.7620657710224,
              -594.1928440005183
            ],
            [
              1901.1840467314444,
              -596.3330996427901
            ],
            [
              1904.5371139043368,
              -588.4854956211269
            ],
            [
              1900.8273374577323,
              -583.9909587723561
            ],
            [
              1895.0129762962274,
              -578.9613580130173
            ],
            [
              1894.3352286761747,
              -577.5701918455406
            ],
            [
              1879.6744775266125,
              -569.8296006059912
            ],
            [
              1868.7591737510265,
              -567.0472682710379
            ],
            [
              1865.4774484328764,
              -564.7643289192813
            ],
            [
              1861.3396208578176,
              -563.622859243403
            ],
            [
              1860.2694930366818,
              -561.4826036011312
            ],
            [
              1865.762815851846,
              -558.1295364282388
            ],
            [
              1866.4048925445275,
              -555.8465970764822
            ],
            [
              1864.0506113380284,
              -553.7776832889529
            ],
            [
              1850.4243170822315,
              -553.1356065962713
            ],
            [
              1841.167711429406,
              -548.7837534569854
            ],
            [
              1839.8122161893004,
              -547.1428907979104
            ],
            [
              1837.1012257090895,
              -545.2880025746081
            ],
            [
              1830.7518006370165,
              -540.8648075805797
            ],
            [
              1826.542631207215,
              -526.025701794162
            ],
            [
              1824.6164011291703,
              -521.8878742191033
            ],
            [
              1820.9779665373082,
              -520.2470115600282
            ],
            [
              1810.776081309146,
              -513.1841679405313
            ],
            [
              1807.2089885720268,
              -511.329279717229
            ],
            [
              1803.0711609969678,
              -505.9786406115495
            ],
            [
              1802.0723750305744,
              -496.70419949503844
            ],
            [
              1806.566911879345,
              -495.63407167390255
            ],
            [
              1806.1210252872088,
              -494.2429055064269
            ]
          ]
        ]
      }
    },
    {
      "type": "Feature",
      "properties": {
        "fid": 1141,
        "code": "london",
        "name": "London",
        "capital": null,
        "culture": "celt",
        "civs": [
          "brit"
        ],
        "provinceType": "land",
        "terrain": "temperate_forest",
        "mapTypes": [],
        "resources": null,
        "religion": null,
        "population": "medium",
        "centerpoint": [
          1606,
          332
        ],
        "position": {
          "x": 1533,
          "y": 295
        },
        "bbox": {
          "w": 136,
          "h": 57
        }
      },
      "geometry": {
        "type": "Polygon",
        "coordinates": [
          [
            [
              1639.6269717821415,
              -297.0183480710796
            ],
            [
              1602.2438398971276,
              -311.5720864385278
            ],
            [
              1595.9657566797969,
              -316.5660162704953
            ],
            [
              1593.254766199586,
              -321.7026298119476
            ],
            [
              1589.6876734624664,
              -323.414834325765
            ],
            [
              1585.1217947589532,
              -325.6977736775216
            ],
            [
              1582.2681205692575,
              -329.8356012525804
            ],
            [
              1576.8461396088355,
              -329.8356012525804
            ],
            [
              1572.1375771958376,
              -327.98071302927815
            ],
            [
              1564.7180243026287,
              -326.83924335339987
            ],
            [
              1562.4350849508721,
              -329.55023383361083
            ],
            [
              1561.0082478560244,
              -331.26243834742826
            ],
            [
              1557.2984714094198,
              -332.40390802330654
            ],
            [
              1554.7301646386936,
              -337.1124704363045
            ],
            [
              1551.4484393205437,
              -338.6819912406371
            ],
            [
              1547.7386628739391,
              -340.39419575445453
            ],
            [
              1544.4569375557892,
              -343.24786994415024
            ],
            [
              1537.6081195005195,
              -345.6734930053916
            ],
            [
              1533.0422407970063,
              -347.1003301002395
            ],
            [
              1535.325180148763,
              -350.81010654684394
            ],
            [
              1541.175212237639,
              -349.81132058045046
            ],
            [
              1543.172784170426,
              -352.094259932207
            ],
            [
              1548.4520814213631,
              -347.67106493817863
            ],
            [
              1558.582624794783,
              -346.67227897178515
            ],
            [
              1562.2924012413873,
              -347.1003301002395
            ],
            [
              1564.432656883659,
              -350.2393717089048
            ],
            [
              1566.4302288164463,
              -352.37962735117657
            ],
            [
              1570.568056391505,
              -349.0979020330265
            ],
            [
              1573.4217305812008,
              -344.8173907484829
            ],
            [
              1573.5644142906854,
              -342.8198188156959
            ],
            [
              1581.4120183123487,
              -342.67713510621115
            ],
            [
              1586.9766829822554,
              -343.39055365363504
            ],
            [
              1587.262050401225,
              -346.2442278433308
            ],
            [
              1589.5449897529816,
              -346.9576463907547
            ],
            [
              1592.9693987806163,
              -346.2442278433308
            ],
            [
              1595.109654422888,
              -346.52959526230035
            ],
            [
              1597.6779611936142,
              -348.099116066633
            ],
            [
              1598.9621145789774,
              -346.101544133846
            ],
            [
              1601.8157887686732,
              -345.53080929590686
            ],
            [
              1603.6706769919754,
              -346.67227897178515
            ],
            [
              1608.2365556954885,
              -350.2393717089048
            ],
            [
              1612.9451181084864,
              -347.2430138097243
            ],
            [
              1615.7987922981822,
              -346.2442278433308
            ],
            [
              1623.6463963198453,
              -348.3844834856026
            ],
            [
              1630.3525306656304,
              -348.5271671950874
            ],
            [
              1633.4915722742955,
              -351.2381576752983
            ],
            [
              1640.9111251675045,
              -349.0979020330265
            ],
            [
              1646.618473546896,
              -346.67227897178515
            ],
            [
              1649.9001988650457,
              -343.81860478208955
            ],
            [
              1657.3197517582546,
              -341.1076143018786
            ],
            [
              1658.0331703056786,
              -337.25515414578933
            ],
            [
              1656.8917006298002,
              -335.25758221300237
            ],
            [
              1646.4757898374107,
              -334.1161125371241
            ],
            [
              1641.3391762959586,
              -332.9746428612458
            ],
            [
              1643.3367482287456,
              -330.26365238103483
            ],
            [
              1647.759943222774,
              -330.12096867155003
            ],
            [
              1650.6136174124697,
              -328.97949899567175
            ],
            [
              1654.323393859074,
              -326.8392433534
            ],
            [
              1658.8892725625872,
              -324.5563040016434
            ],
            [
              1664.5966209419787,
              -320.2757927170998
            ],
            [
              1667.8783462601286,
              -315.4245465946171
            ],
            [
              1669.1624996454918,
              -308.00499370140824
            ],
            [
              1667.878346260129,
              -303.0110638694406
            ],
            [
              1663.3838094113585,
              -299.1586037133514
            ],
            [
              1660.8868444953746,
              -297.7317666185035
            ],
            [
              1657.1057261940277,
              -296.4476132331405
            ],
            [
              1654.5374194233016,
              -296.4476132331405
            ],
            [
              1652.8252149094842,
              -295.9482202499437
            ],
            [
              1650.1855662840157,
              -294.8780924288078
            ],
            [
              1646.0477387089568,
              -296.73298065211003
            ],
            [
              1645.2629783067905,
              -299.3012874228362
            ],
            [
              1639.6269717821415,
              -297.0183480710796
            ]
          ]
        ]
      }
    },
    {
      "type": "Feature",
      "properties": {
        "fid": 1142,
        "code": "peloponnese ",
        "name": "Peloponnese",
        "capital": null,
        "culture": "greek",
        "civs": [
          "spart"
        ],
        "provinceType": "land",
        "terrain": "hills",
        "mapTypes": [],
        "resources": null,
        "religion": null,
        "population": "high",
        "centerpoint": [
          1970,
          646
        ],
        "position": {
          "x": 1946,
          "y": 622
        },
        "bbox": {
          "w": 44,
          "h": 44
        }
      },
      "geometry": {
        "type": "Polygon",
        "coordinates": [
          [
            [
              1956.7771870394488,
              -622.01616735005
            ],
            [
              1960.5583053407956,
              -622.1231801321635
            ],
            [
              1960.593976268167,
              -624.0850811375793
            ],
            [
              1963.0909411841506,
              -625.654601941912
            ],
            [
              1968.4772512172012,
              -626.1183239977374
            ],
            [
              1972.4010532280329,
              -627.1171099641309
            ],
            [
              1975.0407018535013,
              -627.5451610925853
            ],
            [
              1975.718449473554,
              -628.936327260062
            ],
            [
              1978.786149227477,
              -629.7567585895995
            ],
            [
              1981.247443216089,
              -631.2192666118186
            ],
            [
              1981.033417651862,
              -637.0692987006948
            ],
            [
              1983.245015148876,
              -635.9278290248166
            ],
            [
              1984.8145359532086,
              -633.2168385446056
            ],
            [
              1986.8121078859958,
              -634.4296500752263
            ],
            [
              1985.242587081663,
              -637.7113753933764
            ],
            [
              1987.953577561874,
              -639.7802891809058
            ],
            [
              1989.8084657851762,
              -640.5650495830721
            ],
            [
              1986.312714902799,
              -642.8479889348287
            ],
            [
              1986.2413730480566,
              -645.2022701413276
            ],
            [
              1984.6005103889815,
              -645.4162957055548
            ],
            [
              1983.030989584649,
              -643.7754330464797
            ],
            [
              1982.2462291824827,
              -644.5601934486461
            ],
            [
              1982.2462291824827,
              -645.630321269782
            ],
            [
              1979.8919479759836,
              -645.2022701413276
            ],
            [
              1978.2510853169085,
              -644.2034841749341
            ],
            [
              1978.5364527358781,
              -641.635177404208
            ],
            [
              1974.3986251608194,
              -640.0656565998754
            ],
            [
              1975.5400948366976,
              -643.2046982085407
            ],
            [
              1978.3224271716513,
              -647.9132606215383
            ],
            [
              1980.7480502328926,
              -652.9785323082482
            ],
            [
              1979.7492642664993,
              -657.0450180285646
            ],
            [
              1979.8919479759838,
              -658.9712481066092
            ],
            [
              1982.8169640204221,
              -660.1840596372299
            ],
            [
              1983.2450151488765,
              -663.5371268101223
            ],
            [
              1979.0358457190753,
              -662.2529734247593
            ],
            [
              1977.6090086242273,
              -661.3968711678506
            ],
            [
              1975.2547274177284,
              -660.1840596372299
            ],
            [
              1974.612650725047,
              -659.2566155255788
            ],
            [
              1974.5413088703044,
              -657.4017273022765
            ],
            [
              1972.829104356487,
              -656.3315994811406
            ],
            [
              1971.4022672616393,
              -657.3303854475341
            ],
            [
              1970.118113876276,
              -661.111503748881
            ],
            [
              1969.3333534741093,
              -662.1816315700172
            ],
            [
              1970.1894557310181,
              -664.3932290670314
            ],
            [
              1967.3357815413224,
              -665.962749871364
            ],
            [
              1965.7662607369898,
              -663.965177938577
            ],
            [
              1965.623577027505,
              -661.96760600579
            ],
            [
              1965.9089444464746,
              -659.613324799291
            ],
            [
              1964.910158480081,
              -656.6883087548529
            ],
            [
              1963.3406376757484,
              -655.618180933717
            ],
            [
              1962.4131935640974,
              -654.0486601293844
            ],
            [
              1960.7723309050223,
              -652.9071904535061
            ],
            [
              1958.7034171174928,
              -654.8334205315507
            ],
            [
              1960.201596067083,
              -654.9047623862931
            ],
            [
              1960.2729379218256,
              -658.1151458497008
            ],
            [
              1958.9887845364624,
              -659.1852736708366
            ],
            [
              1957.1338963131602,
              -657.9011202854736
            ],
            [
              1955.5643755088277,
              -658.2578295591856
            ],
            [
              1954.4942476876918,
              -658.0438039949584
            ],
            [
              1952.9960687381015,
              -649.982174409068
            ],
            [
              1955.4751981904,
              -643.8824458285934
            ],
            [
              1948.5550382803879,
              -635.6067906784757
            ],
            [
              1945.9153896549192,
              -632.6104327792951
            ],
            [
              1948.7333929172437,
              -628.7579726232059
            ],
            [
              1951.0520031963713,
              -628.1515668578958
            ],
            [
              1954.8687924250892,
              -626.6533879083055
            ],
            [
              1957.0447189947322,
              -625.0125252492305
            ],
            [
              1956.5453260115355,
              -622.0518382774212
            ],
            [
              1956.7771870394488,
              -622.01616735005
            ]
          ]
        ]
      }
    },
    {
      "type": "Feature",
      "properties": {
        "fid": 1144,
        "code": "hellas",
        "name": "Hellas",
        "capital": "Athenas",
        "culture": "greek",
        "civs": [
          "athe"
        ],
        "provinceType": "land",
        "terrain": null,
        "mapTypes": [],
        "resources": null,
        "religion": null,
        "population": "high",
        "centerpoint": [
          1981,
          615
        ],
        "position": {
          "x": 1953,
          "y": 588
        },
        "bbox": {
          "w": 51,
          "h": 47
        }
      },
      "geometry": {
        "type": "Polygon",
        "coordinates": [
          [
            [
              1956.8663643578752,
              -620.5893302552017
            ],
            [
              1957.2944154863294,
              -606.0355918877535
            ],
            [
              1953.2992716207555,
              -594.7635788384554
            ],
            [
              1973.5603583675952,
              -588.2001282021553
            ],
            [
              1976.1286651383211,
              -589.7696490064878
            ],
            [
              1976.8420836857451,
              -593.3367417436075
            ],
            [
              1979.4103904564713,
              -593.9074765815467
            ],
            [
              1980.409176422865,
              -596.1904159333033
            ],
            [
              1982.5494320651367,
              -598.6160389945446
            ],
            [
              1981.9786972271975,
              -601.1843457652708
            ],
            [
              1981.1225949702887,
              -602.6111828601187
            ],
            [
              1984.1189528694692,
              -603.752652535997
            ],
            [
              1985.545789964317,
              -606.8916941446622
            ],
            [
              1989.3982501204064,
              -608.3185312395101
            ],
            [
              1996.5324355946457,
              -609.6026846248732
            ],
            [
              1998.244640108463,
              -613.027093652508
            ],
            [
              1999.5287934938262,
              -617.5929723560212
            ],
            [
              1999.5287934938262,
              -621.3027488026256
            ],
            [
              2004.380039616309,
              -622.3015347690191
            ],
            [
              2004.0946721973394,
              -629.007669114804
            ],
            [
              1998.6726912369174,
              -625.4405763776844
            ],
            [
              1996.3897518851609,
              -623.0149533164431
            ],
            [
              1987.9714130255584,
              -614.8819818758102
            ],
            [
              1985.1177388358628,
              -611.742940267145
            ],
            [
              1982.264064646167,
              -608.7465823679645
            ],
            [
              1978.839655618532,
              -606.6063267256926
            ],
            [
              1979.2677067469865,
              -602.7538665696035
            ],
            [
              1978.982339328017,
              -600.6136109273316
            ],
            [
              1975.1298791719278,
              -597.9026204471207
            ],
            [
              1974.1310932055342,
              -601.8977643126947
            ],
            [
              1975.8432977193518,
              -602.0404480221795
            ],
            [
              1975.5579303003822,
              -604.8941222118752
            ],
            [
              1975.9859814288366,
              -607.7477964015709
            ],
            [
              1976.98476739523,
              -610.3161031722971
            ],
            [
              1979.1250230375017,
              -611.3148891386905
            ],
            [
              1982.1213809366823,
              -611.1722054292057
            ],
            [
              1983.54821803153,
              -613.3124610714776
            ],
            [
              1986.259208511741,
              -616.5941863896277
            ],
            [
              1988.3994641540128,
              -616.4515026801429
            ],
            [
              1989.683617539376,
              -617.8783397749908
            ],
            [
              1993.9641288239195,
              -622.0161673500495
            ],
            [
              1995.8190170472217,
              -622.5869021879887
            ],
            [
              1996.247068175676,
              -629.1503528242888
            ],
            [
              1997.3885378515542,
              -633.2881803993477
            ],
            [
              1994.6775473713435,
              -634.8577012036803
            ],
            [
              1992.1092406006173,
              -633.7162315278019
            ],
            [
              1989.2555664109216,
              -629.2930365337736
            ],
            [
              1985.9738410927714,
              -630.0064550811976
            ],
            [
              1983.9762691599844,
              -627.8661994389257
            ],
            [
              1980.6945438418343,
              -630.0064550811976
            ],
            [
              1977.9835533616235,
              -630.0064550811976
            ],
            [
              1975.8432977193518,
              -628.0088831484105
            ],
            [
              1976.1286651383211,
              -626.8674134725322
            ],
            [
              1980.5518601323497,
              -626.439362344078
            ],
            [
              1979.8384415849257,
              -623.5856881543822
            ],
            [
              1974.4164606245038,
              -624.2991067018061
            ],
            [
              1972.8469398201712,
              -623.4430044448974
            ],
            [
              1969.565214502021,
              -621.1600650931408
            ],
            [
              1967.7103262787189,
              -621.8734836405647
            ],
            [
              1963.4298149941753,
              -622.7295858974735
            ],
            [
              1959.006620000147,
              -621.3027488026256
            ],
            [
              1959.006620000147,
              -622.1588510595343
            ],
            [
              1956.5809969389056,
              -622.5869021879887
            ],
            [
              1956.0816039557087,
              -621.9448254953073
            ],
            [
              1956.8663643578752,
              -620.5893302552017
            ]
          ]
        ]
      }
    },
    {
      "type": "Feature",
      "properties": {
        "fid": 1145,
        "code": "thessalia",
        "name": "Thessalia",
        "capital": "Macedonia",
        "culture": "greek",
        "civs": [
          "mace"
        ],
        "provinceType": "land",
        "terrain": null,
        "mapTypes": [],
        "resources": null,
        "religion": null,
        "population": "high",
        "centerpoint": [
          1979,
          576
        ],
        "position": {
          "x": 1942,
          "y": 550
        },
        "bbox": {
          "w": 57,
          "h": 45
        }
      },
      "geometry": {
        "type": "Polygon",
        "coordinates": [
          [
            [
              1973.3463328033683,
              -588.3428119116398
            ],
            [
              1953.2279297660134,
              -594.7635788384551
            ],
            [
              1942.0986004262002,
              -578.6403196666744
            ],
            [
              1942.0986004262002,
              -567.7963577458306
            ],
            [
              1946.5217954202285,
              -556.5243446965326
            ],
            [
              1952.799878637559,
              -549.3901592222933
            ],
            [
              1960.7901663687046,
              -553.8133542163216
            ],
            [
              1970.49265861367,
              -557.2377632439565
            ],
            [
              1988.89885713721,
              -566.7975717794371
            ],
            [
              1986.6159177854533,
              -567.6536740363458
            ],
            [
              1988.0427548803011,
              -569.9366133881024
            ],
            [
              1989.3269082656643,
              -570.221980807072
            ],
            [
              1990.8964290699969,
              -573.0756549967678
            ],
            [
              1995.46230777351,
              -574.6451758011003
            ],
            [
              1999.1720842201146,
              -577.4988499907961
            ],
            [
              1996.889144868358,
              -579.4964219235831
            ],
            [
              1995.1769403545404,
              -577.2134825718265
            ],
            [
              1994.178154388147,
              -576.6427477338874
            ],
            [
              1989.1842245561795,
              -575.5012780580091
            ],
            [
              1988.3281222992707,
              -576.3573803149178
            ],
            [
              1990.183010522573,
              -577.7842174097657
            ],
            [
              1993.0366847122687,
              -578.7830033761592
            ],
            [
              1991.7525313269057,
              -583.4915657891571
            ],
            [
              1988.0427548803011,
              -583.0635146607027
            ],
            [
              1988.0427548803011,
              -580.4952078899765
            ],
            [
              1984.903713271636,
              -577.9269011192505
            ],
            [
              1982.906141338849,
              -577.6415337002809
            ],
            [
              1984.3329784336968,
              -580.9232590184309
            ],
            [
              1988.4708060087555,
              -584.4903517555506
            ],
            [
              1986.4732340759685,
              -586.6306073978224
            ],
            [
              1981.3366205345162,
              -582.4927798227636
            ],
            [
              1979.7670997301836,
              -580.0671567615223
            ],
            [
              1978.76831376379,
              -577.7842174097657
            ],
            [
              1975.7719558646097,
              -576.3573803149178
            ],
            [
              1975.3439047361553,
              -573.9317572536764
            ],
            [
              1975.0585373171857,
              -570.7927156450112
            ],
            [
              1972.20486312749,
              -575.0732269295547
            ],
            [
              1970.920709742127,
              -580.0671567615223
            ],
            [
              1969.9219237757334,
              -582.207412403794
            ],
            [
              1972.918281674914,
              -585.3464540124593
            ],
            [
              1973.9170676413073,
              -586.7732911073072
            ],
            [
              1973.3463328033683,
              -588.3428119116398
            ]
          ]
        ]
      }
    },
    {
      "type": "Feature",
      "properties": {
        "fid": 1146,
        "code": "pella",
        "name": "Pella",
        "capital": "Pella",
        "culture": null,
        "civs": [
          "mace"
        ],
        "provinceType": "land",
        "terrain": null,
        "mapTypes": [],
        "resources": null,
        "religion": null,
        "population": "high",
        "centerpoint": [
          1945,
          613
        ],
        "position": {
          "x": 1925,
          "y": 595
        },
        "bbox": {
          "w": 33,
          "h": 32
        }
      },
      "geometry": {
        "type": "Polygon",
        "coordinates": [
          [
            [
              1953.4419553302357,
              -594.9419334753106
            ],
            [
              1926.1893668186417,
              -596.9395054080976
            ],
            [
              1925.190580852248,
              -601.2200166926413
            ],
            [
              1932.610133745457,
              -610.6371415186371
            ],
            [
              1937.0333287394853,
              -613.4908157083328
            ],
            [
              1940.8857888955745,
              -620.054266344633
            ],
            [
              1943.3114119568158,
              -623.6213590817526
            ],
            [
              1943.882146794755,
              -625.7616147240244
            ],
            [
              1948.7333929172378,
              -626.6177169809331
            ],
            [
              1957.865150324264,
              -623.335991662783
            ],
            [
              1956.7236806483859,
              -621.6237871489657
            ],
            [
              1957.2944154863249,
              -613.0627645798785
            ],
            [
              1957.865150324264,
              -606.2139465246087
            ],
            [
              1953.4419553302357,
              -594.9419334753106
            ]
          ]
        ]
      }
    }
  ]
}