{
"type": "FeatureCollection",
"name": "provinces",
"crs": { "type": "name", "properties": { "name": "urn:ogc:def:crs:EPSG::3857" } },
"features": [
{ "type": "Feature", "properties": { "code": "bactria", "name": "Bactria", "capital": null, "culture": null, "civs": "pers", "provinceType": "land", "terrain": "desert", "mapTypes": null, "resources": null, "religion": null, "population": "low" }, "geometry": { "type": "Polygon", "coordinates": [ [ [ 2605.432860040566993, -639.815010141988751 ], [ 2685.002839756594312, -622.094929006085977 ], [ 2736.016227180525675, -651.435294117648027 ], [ 2718.758316430023115, -669.815618661258895 ], [ 2700.235294117645935, -726.302636916836491 ], [ 2677.880730223122555, -737.479918864098181 ], [ 2670.247464503041101, -750.565517241380121 ], [ 2598.276673427990772, -769.64868154158296 ], [ 2607.545638945231985, -733.11805273833761 ], [ 2603.729006085191486, -712.944421906694629 ], [ 2598.276673427990772, -693.861257606491904 ], [ 2590.643407707909773, -679.13995943204975 ], [ 2583.555375253548846, -666.599594320487881 ], [ 2605.432860040566993, -639.815010141988751 ] ] ] } },
{ "type": "Feature", "properties": { "code": "sogdia", "name": "Sogdia", "capital": null, "culture": null, "civs": "pers", "provinceType": "land", "terrain": null, "mapTypes": null, "resources": null, "religion": null, "population": "low" }, "geometry": { "type": "Polygon", "coordinates": [ [ [ 2657.059634888440087, -628.978498985802048 ], [ 2558.61095334685433, -585.496146044625675 ], [ 2538.301014198781559, -519.931845841786185 ], [ 2549.205679513183441, -480.675050709940479 ], [ 2601.548073022310746, -450.687221095336099 ], [ 2682.787829614602742, -449.5967545638959 ], [ 2789.653549695738548, -468.679918864098681 ], [ 2805.329006085188212, -560.960649087223373 ], [ 2742.627180527379096, -645.471805273835685 ], [ 2736.220689655170645, -650.787829614605243 ], [ 2686.29776876267988, -623.049087221096215 ], [ 2657.059634888440087, -628.978498985802048 ] ] ] } },
{ "type": "Feature", "properties": { "code": "daoi", "name": "Daoi", "capital": null, "culture": null, "civs": "pers", "provinceType": "land", "terrain": null, "mapTypes": null, "resources": null, "religion": null, "population": "low" }, "geometry": { "type": "Polygon", "coordinates": [ [ [ 2348.968762677482573, -453.686004056796548 ], [ 2347.469371196752491, -455.049087221096784 ], [ 2348.968762677482573, -456.821095334687016 ], [ 2352.512778904663264, -457.230020283977069 ], [ 2352.921703853953204, -457.638945233267123 ], [ 2354.69371196754355, -459.002028397567358 ], [ 2357.69249492900417, -459.683569979717447 ], [ 2359.055578093304121, -462.273427991887786 ], [ 2362.05436105476474, -463.500202839758003 ], [ 2365.598377281944977, -463.909127789048057 ], [ 2368.86977687626586, -465.272210953348235 ], [ 2368.324543610545788, -467.31683569979856 ], [ 2366.825152129815251, -472.905476673429348 ], [ 2367.370385395535322, -478.494117647060193 ], [ 2369.006085192695537, -484.900608519271145 ], [ 2374.185801217036442, -491.579716024342076 ], [ 2375.957809330626787, -494.033265720082454 ], [ 2378.683975659227144, -491.170791075052023 ], [ 2378.138742393507073, -484.355375253551017 ], [ 2377.729817444217133, -481.356592292090568 ], [ 2378.547667342797013, -477.948884381340122 ], [ 2381.273833671397369, -475.495334685599744 ], [ 2384.272616632857989, -474.813793103449655 ], [ 2389.997565922918966, -476.040567951319815 ], [ 2393.814198782959465, -480.402434077080443 ], [ 2395.44989858011968, -485.036916835701163 ], [ 2396.949290060849762, -488.035699797161556 ], [ 2399.266531440160179, -491.034482758622005 ], [ 2401.038539553750525, -493.351724137932365 ], [ 2415.487221095332643, -498.5314401622731 ], [ 2406.763488843811047, -499.349290060853264 ], [ 2405.673022312370904, -502.75699797160371 ], [ 2401.447464503040464, -503.847464503043852 ], [ 2399.402839756590311, -503.165922920893763 ], [ 2393.132657200809263, -500.712373225153442 ], [ 2391.769574036508857, -501.121298174443496 ], [ 2389.179716024338632, -497.440973630832957 ], [ 2387.135091277888478, -495.668965517242668 ], [ 2386.453549695738729, -497.03204868154296 ], [ 2383.591075050708696, -503.029614604463859 ], [ 2383.318458417848433, -508.073022312374576 ], [ 2384.681541582148839, -512.02596348884515 ], [ 2397.767139959430551, -514.615821501015603 ], [ 2416.168762677483301, -516.115212981745799 ], [ 2426.937119675454596, -515.43367139959571 ], [ 2444.929817444217406, -514.752129817445621 ], [ 2471.237322515211417, -507.255172413794696 ], [ 2477.780121703852728, -469.088843813389076 ], [ 2472.32778904665156, -420.017849898581972 ], [ 2471.782555780931489, -385.668154158216907 ], [ 2434.16146044624611, -353.499391480732243 ], [ 2346.515212981743844, -371.219472616634732 ], [ 2353.330628803244963, -394.255578093308145 ], [ 2356.193103448274996, -401.479918864099204 ], [ 2354.284787018254974, -413.066125760650891 ], [ 2351.694929006084294, -416.06490872211134 ], [ 2343.380121703853092, -417.291683569981501 ], [ 2339.563488843812593, -419.881541582151897 ], [ 2338.609330628802581, -423.970791075052489 ], [ 2336.292089249492165, -429.423123732253316 ], [ 2341.47180527383307, -431.604056795133602 ], [ 2335.201622718052022, -430.922515212983512 ], [ 2329.612981744421177, -430.786206896553495 ], [ 2329.204056795131237, -442.781338742395235 ], [ 2335.610547667342416, -446.870588235295827 ], [ 2341.335496957403393, -451.641379310346565 ], [ 2345.015821501013761, -455.730628803247157 ], [ 2348.968762677482573, -453.686004056796548 ] ] ] } },
{ "type": "Feature", "properties": { "code": "massagetae", "name": "Massagetae", "capital": null, "culture": null, "civs": null, "provinceType": null, "terrain": null, "mapTypes": null, "resources": null, "religion": null, "population": "low" }, "geometry": { "type": "Polygon", "coordinates": [ [ [ 2434.774847870182839, -353.976470588237135 ], [ 2469.669776876267861, -299.453144016229203 ], [ 2501.838539553752526, -279.82474645030635 ], [ 2568.356997971602141, -270.555780933064966 ], [ 2673.587018255577732, -282.550912778906707 ], [ 2703.001926977685343, -309.288640973566487 ], [ 2740.67413793103924, -317.32657200805329 ], [ 2766.821906693711298, -365.971602434078932 ], [ 2763.55050709939087, -410.680730223125465 ], [ 2749.919675456388632, -453.208924949291657 ], [ 2744.60365111561805, -460.842190669372656 ], [ 2682.310750507098874, -449.664908722111022 ], [ 2602.161460446247474, -450.755375253551392 ], [ 2550.636916835699594, -481.015821501015807 ], [ 2538.369168356997761, -520.000000000001478 ], [ 2471.032860040568266, -506.096551724139488 ], [ 2477.848275862068931, -467.930223123733867 ], [ 2472.532251521297439, -418.859229208926763 ], [ 2471.169168356997034, -386.145233265722027 ], [ 2434.774847870182839, -353.976470588237135 ] ] ] } },
{ "type": "Feature", "properties": { "code": "parthia", "name": "Parthia", "capital": null, "culture": null, "civs": "pers", "provinceType": "land", "terrain": null, "mapTypes": null, "resources": null, "religion": null, "population": "medium" }, "geometry": { "type": "Polygon", "coordinates": [ [ [ 2385.109634888381606, -511.663894523299575 ], [ 2383.473935091221392, -508.733265720053623 ], [ 2382.042697768705693, -509.278498985773808 ], [ 2383.133164300146291, -514.662677484760593 ], [ 2384.905172413736636, -517.797768762651572 ], [ 2387.495030425907316, -521.137322515187634 ], [ 2392.742900608464424, -520.728397565897467 ], [ 2397.786308316375653, -520.387626774822365 ], [ 2397.445537525300551, -524.749492900583846 ], [ 2391.856896551668797, -524.272413793078613 ], [ 2396.763995943150803, -537.766937119652994 ], [ 2401.671095334632355, -535.313387423912218 ], [ 2408.486511156134384, -540.220486815393883 ], [ 2410.667444219015124, -542.674036511134659 ], [ 2410.667444219015124, -547.035902636896026 ], [ 2410.122210953295053, -555.759634888418873 ], [ 2411.757910750455721, -562.02981744420083 ], [ 2414.21146044619627, -565.028600405661791 ], [ 2414.756693711916341, -568.572616632842937 ], [ 2413.120993914756127, -569.390466531423272 ], [ 2405.236409736253336, -571.886612576046105 ], [ 2391.196653143958883, -577.747870182538009 ], [ 2392.674746450249586, -587.110547667329001 ], [ 2427.829513184531606, -603.229006085180345 ], [ 2448.015922920847061, -613.826977687617614 ], [ 2455.103955375209352, -633.455375253543934 ], [ 2469.539858012125023, -641.12271805273258 ], [ 2507.71896551720647, -647.358823529408369 ], [ 2535.798478701795375, -637.544624746445265 ], [ 2583.220993914783321, -666.476064908719991 ], [ 2606.120791075029956, -640.168559837721546 ], [ 2655.32809330627606, -628.309736308307606 ], [ 2558.958113590234916, -585.236308316413783 ], [ 2538.371298174412914, -519.995740365086135 ], [ 2471.426876267707485, -506.041176470560401 ], [ 2471.239452332616111, -507.276470588207587 ], [ 2444.944726166282635, -514.764908722083078 ], [ 2416.038843813335916, -516.115212981718514 ], [ 2398.267647058768489, -514.632860040541686 ], [ 2385.045740365054371, -512.179310344800911 ], [ 2384.466430020226653, -511.429614604435699 ], [ 2384.159736308259198, -510.236916835672787 ], [ 2385.109634888381606, -511.663894523299575 ] ] ] } },
{ "type": "Feature", "properties": { "code": "med_oriet", "name": "Mediterranean Oriet", "capital": null, "culture": null, "civs": null, "provinceType": "sea", "terrain": null, "mapTypes": null, "resources": null, "religion": null, "population": null }, "geometry": { "type": "Polygon", "coordinates": [ [ [ 1954.503144016095348, -658.063286004055385 ], [ 1954.520182555649171, -658.046247464501675 ], [ 1955.563793103316584, -658.254969574035158 ], [ 1957.161156186481321, -657.892900608517834 ], [ 1959.01409736295227, -659.209127789045397 ], [ 1960.291987829483787, -658.067545638943784 ], [ 1960.181237322384504, -654.949492900606629 ], [ 1958.69888438120779, -654.864300202837853 ], [ 1960.760547667212222, -652.938945233263439 ], [ 1962.498478701695149, -654.063488843811342 ], [ 1963.367444218936726, -655.648073022310541 ], [ 1964.934989857882101, -656.670385395535959 ], [ 1965.94026369155381, -659.771399594319291 ], [ 1965.633569979586355, -661.833062880323723 ], [ 1965.786916835570082, -664.031034482758173 ], [ 1967.422616632730524, -665.905273833671231 ], [ 1970.114705882223916, -664.099188640973239 ], [ 1969.330933062751228, -662.224949290060067 ], [ 1970.114705882224371, -660.827789046652128 ], [ 1971.426673427863534, -657.317849898578515 ], [ 1972.857910750379006, -656.380730223121986 ], [ 1974.561764705754513, -657.386004056793467 ], [ 1974.629918863969579, -659.311359026367882 ], [ 1975.379614604334165, -660.112170385394393 ], [ 1979.025862068837796, -662.293103448275019 ], [ 1983.115111561739013, -663.417647058822922 ], [ 1982.706186612449073, -660.248478701824411 ], [ 1980.0481744420631, -659.192089249491573 ], [ 1979.741480730095418, -656.874847870180929 ], [ 1980.559330628675525, -652.785598377279598 ], [ 1975.584077078978908, -643.175862068961351 ], [ 1974.289148072893568, -639.972616632855306 ], [ 1978.685091277762467, -641.437931034478311 ], [ 1978.446551724009851, -644.334482758616673 ], [ 1979.741480730095418, -644.981947261659457 ], [ 1981.75202839743838, -645.459026369164576 ], [ 1982.092799188513482, -645.39087221094951 ], [ 1982.195030425836194, -644.573022312369289 ], [ 1983.115111561739013, -643.789249492896488 ], [ 1984.614503042469323, -645.356795131842091 ], [ 1986.216125760522345, -645.118255578089475 ], [ 1986.182048681414926, -642.903245436101201 ], [ 1989.726064908596072, -640.620081135897976 ], [ 1987.783671399467949, -639.802231237317756 ], [ 1985.296044624619526, -637.825760649082099 ], [ 1986.727281947134998, -634.588438133868635 ], [ 1984.750811358899455, -633.361663285998247 ], [ 1983.421805273706468, -636.121906693706592 ], [ 1981.240872210825728, -637.076064908716944 ], [ 1981.172718052610435, -631.317038539547639 ], [ 1979.196247464374892, -630.073225152123428 ], [ 1980.900101419750399, -629.868762677478344 ], [ 1983.88184584165765, -627.824137931027735 ], [ 1985.977586206769502, -629.902839756585877 ], [ 1989.300101419752309, -629.204259634881964 ], [ 1992.179614604336848, -633.736511156180882 ], [ 1994.769472616507528, -634.844016227174961 ], [ 1997.29117647046337, -633.242393509121939 ], [ 1996.115517241254338, -629.050912778898123 ], [ 1995.79178498973306, -622.780730223116166 ], [ 1988.022210953220565, -616.663894523317936 ], [ 1984.682657200684616, -616.186815415812816 ], [ 1982.22910750494384, -612.302028397556455 ], [ 1977.253853955247223, -610.46186612575093 ], [ 1975.822616632731751, -608.349087221085256 ], [ 1975.141075050581549, -605.418458417839247 ], [ 1975.549999999871716, -602.760446247453388 ], [ 1974.18691683557131, -602.14705882351825 ], [ 1974.59584178486125, -598.466734279907087 ], [ 1975.345537525226518, -597.785192697756884 ], [ 1979.639249492772933, -600.920283975647862 ], [ 1978.889553752407664, -606.577079107494683 ], [ 1982.569878296018942, -608.962474645020393 ], [ 1999.267647058699367, -625.387626774840669 ], [ 2004.174746450180919, -628.727180527376731 ], [ 2004.311054766610823, -622.934077079099893 ], [ 1999.812880324419439, -621.570993914799487 ], [ 1996.200709939023227, -609.575862068955644 ], [ 1985.159736308189849, -607.39492900607479 ], [ 1983.796653143889444, -603.578296146033608 ], [ 1981.13864097350347, -602.760446247453274 ], [ 1982.092799188513936, -599.489046653132277 ], [ 1982.024645030298871, -597.853346855971722 ], [ 1979.230324543482993, -594.104868154145493 ], [ 1976.436004056666889, -592.741784989844973 ], [ 1973.369066936990976, -588.788843813373774 ], [ 1972.823833671270904, -586.40344827584795 ], [ 1969.416125760519662, -581.973427991871517 ], [ 1972.00598377269057, -574.34016227178904 ], [ 1975.413691683441584, -569.910141987812608 ], [ 1976.36784989845205, -577.611561866110151 ], [ 1979.434787018127963, -577.747870182540169 ], [ 1985.909432048555118, -586.062677484772848 ], [ 1987.749594320360757, -584.22251521296721 ], [ 1984.001115618534413, -581.019269776861279 ], [ 1983.864807302104282, -577.407099391465067 ], [ 1988.226673427865762, -579.519878296130742 ], [ 1989.044523326446097, -582.314198782946619 ], [ 1991.361764705756741, -581.700811359011482 ], [ 1992.179614604337075, -579.315415821485658 ], [ 1987.749594320360757, -576.180324543594679 ], [ 1990.066835699671401, -574.953549695724291 ], [ 1995.451014198658186, -576.725557809314864 ], [ 1996.950405679388496, -578.633874239335455 ], [ 1998.449797160119033, -576.9981744421749 ], [ 1994.701318458292917, -574.885395537509226 ], [ 1990.475760648961568, -572.636308316413533 ], [ 1987.681440162145691, -570.319066937102775 ], [ 1986.522819472490255, -568.206288032437101 ], [ 1988.022210953220792, -565.957200811341409 ], [ 1995.38286004044312, -566.911359026351647 ], [ 1997.291176470463824, -563.367342799170501 ], [ 2000.017342799064636, -564.525963488825937 ], [ 1999.131338742269463, -568.615212981727154 ], [ 2002.675354969450382, -569.092292089232387 ], [ 2003.833975659105818, -568.342596348867119 ], [ 2006.355679513061659, -562.276876267730131 ], [ 2008.604766734157465, -561.799797160225012 ], [ 2021.485902636796482, -563.708113590245603 ], [ 2024.212068965397521, -566.29797160241651 ], [ 2031.163793103329681, -565.957200811341295 ], [ 2027.210851926858368, -572.227383367123366 ], [ 2027.279006085073433, -576.521095334669781 ], [ 2029.596247464384078, -579.042799188625622 ], [ 2026.597464502923231, -579.17910750505564 ], [ 2024.41653144004249, -581.087423935076231 ], [ 2027.00638945221317, -582.995740365096822 ], [ 2027.551622717933469, -588.58438133872869 ], [ 2031.91348884369495, -587.084989857998153 ], [ 2037.229513184466668, -585.994523326557783 ], [ 2039.819371196637348, -585.858215010127765 ], [ 2038.183671399476907, -591.583164300189651 ], [ 2036.275354969456203, -593.218864097350206 ], [ 2039.137829614487146, -595.808722109521 ], [ 2039.137829614487146, -598.943813387411979 ], [ 2039.137829614487146, -601.124746450292719 ], [ 2041.04614604450785, -604.805070993903882 ], [ 2040.63722109521791, -612.165720081126324 ], [ 2039.001521298057469, -613.52880324542673 ], [ 2035.321196754446191, -613.52880324542673 ], [ 2035.184888438016287, -610.257403651105733 ], [ 2033.412880324425714, -608.349087221085028 ], [ 2032.867647058705415, -610.393711967535751 ], [ 2033.549188640855618, -616.118661257597523 ], [ 2033.549188640855618, -618.572210953338299 ], [ 2036.547971602316693, -618.844827586198448 ], [ 2039.274137930917504, -618.026977687618228 ], [ 2042.136612575948448, -620.071602434068836 ], [ 2044.862778904549259, -621.707302231229392 ], [ 2046.907403650999868, -625.251318458410537 ], [ 2048.679411764590441, -627.295943204861146 ], [ 2049.088336713880835, -629.340567951311868 ], [ 2048.543103448160309, -630.294726166322107 ], [ 2047.316328600290262, -633.566125760643217 ], [ 2055.767444218952733, -634.656592292083587 ], [ 2054.540669371082458, -638.609533468554901 ], [ 2049.497261663170775, -641.608316430015861 ], [ 2056.448985801102936, -639.154766734275086 ], [ 2064.763793103335956, -640.654158215005509 ], [ 2064.627484786905825, -643.789249492896602 ], [ 2063.673326571895359, -648.01480730222795 ], [ 2065.717951318345058, -646.038336713992408 ], [ 2066.126876267634998, -641.676470588230927 ], [ 2068.989350912665941, -641.608316430015975 ], [ 2072.465212981632249, -642.835091277886363 ], [ 2074.577991886297696, -642.903245436101315 ], [ 2077.849391480619033, -643.380324543606548 ], [ 2079.825862068854349, -646.71987829614261 ], [ 2082.824645030315423, -649.446044624743536 ], [ 2086.368661257496569, -650.46835699796884 ], [ 2089.094827586097381, -651.013590263689025 ], [ 2095.024239350804237, -651.013590263689025 ], [ 2097.205172413684977, -648.832657200808285 ], [ 2099.795030425856112, -645.493103448272223 ], [ 2102.112271805166529, -641.267545638940874 ], [ 2102.86196754553248, -636.837525354964328 ], [ 2109.677383367034508, -635.338133874233904 ], [ 2115.129716024236131, -635.201825557803886 ], [ 2119.696044624642582, -635.542596348878988 ], [ 2125.216531440059498, -637.246450304254495 ], [ 2128.079006085090441, -638.405070993909817 ], [ 2131.623022312271587, -640.654158215005623 ], [ 2132.849797160141861, -643.4484787018215 ], [ 2137.416125760548312, -644.334482758616787 ], [ 2140.619371196654356, -644.266328600401721 ], [ 2145.799087220995716, -642.903245436101315 ], [ 2153.023427991788139, -641.131237322510742 ], [ 2156.226673427894184, -639.631845841780319 ], [ 2160.271677680961602, -630.897258391600189 ], [ 2165.92847281280865, -627.046548452451475 ], [ 2167.121170581571278, -624.831538310463316 ], [ 2170.562955571429939, -626.126467316548656 ], [ 2173.060750507004741, -626.818864097356141 ], [ 2177.013691683475827, -625.046855983765568 ], [ 2180.966632859947367, -623.138539553744863 ], [ 2185.396653143923686, -619.798985801208801 ], [ 2188.259127788954629, -617.618052738328174 ], [ 2193.302535496866312, -621.16206896550932 ], [ 2192.893610547575918, -627.466328600398924 ], [ 2188.327281947169467, -631.828194726160405 ], [ 2187.373123732159456, -633.463894523320846 ], [ 2190.780831642910471, -635.167748478696467 ], [ 2190.508215010050208, -641.301622718048407 ], [ 2187.645740365019265, -644.095943204864284 ], [ 2190.848985801125309, -648.185192697765729 ], [ 2167.915111561770573, -650.025354969571026 ], [ 2165.188945233169761, -651.286206896548833 ], [ 2163.655476673332032, -652.887829614601856 ], [ 2156.56744421896974, -656.295537525353097 ], [ 2149.717951318360065, -658.510547667341257 ], [ 2146.412474644931535, -659.396551724136543 ], [ 2142.561764705782934, -659.36247464502901 ], [ 2141.471298174342337, -662.46348884381257 ], [ 2140.857910750407427, -664.031034482758059 ], [ 2137.825050709838706, -663.928803245435461 ], [ 2135.984888438033067, -665.087423935090897 ], [ 2132.883874239249963, -666.927586206896535 ], [ 2130.805172413691707, -667.983975659229259 ], [ 2133.531338742292519, -672.754766734280793 ], [ 2136.700507099290917, -675.651318458419269 ], [ 2145.799087220996626, -676.435091277891956 ], [ 2148.866024340672539, -673.436308316430996 ], [ 2153.670892494831605, -670.744219066937603 ], [ 2155.033975659132011, -669.551521298174748 ], [ 2155.545131845744436, -667.677281947261577 ], [ 2156.260750507002285, -666.348275862068704 ], [ 2162.939858012074637, -666.416430020283656 ], [ 2161.23600405669913, -663.588032454360246 ], [ 2158.305375253452894, -661.918255578092385 ], [ 2159.532150101323168, -659.737322515211645 ], [ 2164.575557809234851, -653.910141987827274 ], [ 2166.552028397470622, -652.001825557806569 ], [ 2168.289959431953775, -650.025354969570913 ], [ 2191.700912778813745, -648.287423935087872 ], [ 2194.495233265629849, -650.809127789043714 ], [ 2193.677383367049515, -655.102839756590129 ], [ 2193.472920892404545, -658.442393509126191 ], [ 2193.336612575974414, -659.873630831641663 ], [ 2196.88062880315556, -666.689046653143919 ], [ 2196.06277890457568, -670.233062880325065 ], [ 2191.973529411674008, -673.231845841786026 ], [ 2191.7009127788142, -676.775862068967172 ], [ 2191.7009127788142, -680.047261663288168 ], [ 2191.155679513093673, -681.955578093308759 ], [ 2187.611663285912527, -684.136511156189499 ], [ 2186.521196754472385, -687.953144016230681 ], [ 2186.521196754472385, -691.224543610551791 ], [ 2184.067647058731382, -696.676876267753528 ], [ 2183.52241379301131, -698.585192697774119 ], [ 2182.977180527291239, -700.220892494934674 ], [ 2181.068864097270762, -705.127991886416225 ], [ 2180.251014198690427, -707.581541582157115 ], [ 2179.16054766724983, -709.217241379317556 ], [ 2179.705780932970356, -713.306490872218887 ], [ 2179.433164300110093, -714.942190669379443 ], [ 2176.016937119582963, -717.11460446248293 ], [ 2175.727281947169104, -720.53935091278754 ], [ 2163.902535496863038, -732.330020283986414 ], [ 2165.50415821491606, -734.817647058834723 ], [ 2160.051825557714437, -738.940973630843587 ], [ 2160.051825557714437, -739.929208924961358 ], [ 2151.941480730126841, -746.642393509140902 ], [ 2142.604361054668971, -748.209939148086505 ], [ 2142.025050709841253, -748.584787018269139 ], [ 2135.686713995844002, -745.620081135915598 ], [ 2122.873732251419824, -747.426166328613817 ], [ 2115.547160243304916, -739.622515212993676 ], [ 2106.5167342798145, -739.486206896563658 ], [ 2104.506186612471538, -737.441582150113049 ], [ 2102.188945233160666, -737.203042596360433 ], [ 2095.169066937013667, -739.077281947273491 ], [ 2091.07981744411245, -737.271196754575385 ], [ 2076.971906693602705, -740.951521298186549 ], [ 2071.400304259525001, -745.160040567964302 ], [ 2068.878600405569159, -745.824543610560795 ], [ 2058.911054766621419, -753.917849898594795 ], [ 2054.889959431935495, -753.236308316444479 ], [ 2050.902941176356308, -749.624137931048381 ], [ 2041.225050709823108, -747.375050709952689 ], [ 2033.48955375241826, -746.966125760662521 ], [ 2026.094827586088286, -745.057809330641817 ], [ 2022.618965517122206, -740.355172413805349 ], [ 2004.115111561743788, -736.947464503054221 ], [ 1995.902535496833934, -738.889858012182231 ], [ 1990.961359026244736, -737.356389452344274 ], [ 1990.279817444094533, -731.426977687637532 ], [ 1984.282251521172611, -729.99574036512206 ], [ 1978.795841784863342, -731.08620689656243 ], [ 1970.855882352813296, -726.0087221095431 ], [ 1963.597464502913454, -726.690263691693303 ], [ 1959.337829614474003, -723.487018255587373 ], [ 1960.019371196624206, -719.602231237331125 ], [ 1959.542292089119201, -719.329614604471089 ], [ 1959.337829614474003, -718.716227180535839 ], [ 1957.156896551593263, -689.478093306291385 ], [ 1985.509026369042431, -685.729614604465269 ], [ 1989.393813387298678, -687.024543610550609 ], [ 2007.250202839634312, -687.63793103448586 ], [ 2007.590973630709414, -691.931643002032274 ], [ 2035.80679513172845, -687.024543610550722 ], [ 2036.69279918852385, -679.936511156188431 ], [ 2035.057099391363181, -678.914198782963126 ], [ 2031.853853955257364, -681.163286004058818 ], [ 2029.672920892376624, -680.958823529413735 ], [ 2028.855070993796289, -681.435902636918854 ], [ 2028.173529411646086, -683.821298174444678 ], [ 2026.060750506980412, -682.526369168359224 ], [ 2026.265212981625382, -678.84604462474806 ], [ 2023.675354969454702, -678.777890466532995 ], [ 2022.380425963369134, -679.868356997973365 ], [ 2018.359330628682983, -679.595740365113329 ], [ 2014.40638945221167, -678.164503042597858 ], [ 2008.749594320364849, -677.960040567952774 ], [ 2002.683874239227862, -680.754361054768651 ], [ 1998.322008113466381, -678.84604462474806 ], [ 1998.730933062756549, -675.8472616632871 ], [ 1992.665212981619561, -677.346653144017523 ], [ 1990.007200811233815, -675.983569979717117 ], [ 1989.870892494803684, -675.57464503042695 ], [ 1987.417342799062908, -677.210344827587505 ], [ 1985.236409736182168, -685.593306288035251 ], [ 1957.225050709808329, -689.409939148076433 ], [ 1954.503144016095348, -658.063286004055385 ] ] ] } },
{ "type": "Feature", "properties": { "code": "kardousioi", "name": "Kardousioi", "capital": null, "culture": null, "civs": "pers", "provinceType": "land", "terrain": null, "mapTypes": null, "resources": null, "religion": null, "population": "medium" }, "geometry": { "type": "Polygon", "coordinates": [ [ [ 2332.958924949223729, -502.122312373195371 ], [ 2310.059127788976184, -509.755578093277848 ], [ 2317.147160243338476, -533.200608519245407 ], [ 2326.961359026301579, -556.645638945212909 ], [ 2331.32322515206306, -573.547870182538418 ], [ 2352.314705882290127, -591.26795131844392 ], [ 2392.934584178442947, -587.996551724122924 ], [ 2391.298884381282733, -577.637119675439521 ], [ 2384.210851926920441, -579.272819472600077 ], [ 2375.48711967539748, -578.454969574019856 ], [ 2367.853853955315117, -578.454969574019856 ], [ 2361.038438133812633, -574.638336713978561 ], [ 2363.764604462413899, -568.913387423916674 ], [ 2347.407606490808575, -568.913387423916674 ], [ 2342.227890466466761, -564.551521298155308 ], [ 2338.683874239285615, -559.917038539533792 ], [ 2336.502941176404875, -546.286206896529393 ], [ 2341.682657200746689, -542.469574036488211 ], [ 2345.226673427927835, -547.921906693689948 ], [ 2347.407606490808575, -542.196957403628176 ], [ 2346.589756592227786, -529.383975659203884 ], [ 2347.952839756528647, -526.112576064882887 ], [ 2352.723630831580067, -524.885801217012499 ], [ 2356.131338742331081, -525.70365111559272 ], [ 2360.220588235232299, -522.841176470561777 ], [ 2358.17596348878169, -518.751926977660446 ], [ 2350.81531440155959, -516.707302231209837 ], [ 2347.816531440098515, -515.753144016199485 ], [ 2343.590973630767166, -509.07403651112736 ], [ 2344.272515212917369, -506.893103448246677 ], [ 2347.680223123668384, -504.030628803215734 ], [ 2345.771906693647907, -501.031845841754773 ], [ 2340.45588235287596, -501.713387423904976 ], [ 2338.956490872145423, -502.803853955345346 ], [ 2332.958924949223729, -502.122312373195371 ] ] ] } },
{ "type": "Feature", "properties": { "code": "media", "name": "Media", "capital": null, "culture": null, "civs": "pers", "provinceType": "land", "terrain": null, "mapTypes": null, "resources": null, "religion": null, "population": "high" }, "geometry": { "type": "Polygon", "coordinates": [ [ [ 2318.782860040498235, -546.695131845820015 ], [ 2286.068864097287587, -548.876064908700755 ], [ 2298.063995943131431, -581.044827586191104 ], [ 2310.059127788975275, -595.220892494915688 ], [ 2306.242494928933866, -602.30892494927798 ], [ 2316.601926977617495, -617.57545638944282 ], [ 2333.50415821494289, -625.753955375245482 ], [ 2352.0420892494285, -638.294320486809511 ], [ 2380.394219066877668, -647.018052738332358 ], [ 2399.477383367083803, -646.472819472612173 ], [ 2421.831947261610367, -628.173427991878498 ], [ 2424.421805273782411, -615.121906693702158 ], [ 2427.965821500963557, -602.854158214998165 ], [ 2392.968661257549229, -587.178701825543158 ], [ 2392.934584178441582, -587.996551724123492 ], [ 2352.314705882288308, -591.165720081122117 ], [ 2331.663995943136342, -573.650101419861357 ], [ 2327.233975659160023, -556.611561866105717 ], [ 2322.735801216968412, -545.706896551702243 ], [ 2318.782860040498235, -546.695131845820015 ] ] ] } },
{ "type": "Feature", "properties": { "code": "persia", "name": "Persia", "capital": null, "culture": null, "civs": "pers", "provinceType": "land", "terrain": null, "mapTypes": null, "resources": null, "religion": null, "population": "high" }, "geometry": { "type": "Polygon", "coordinates": [ [ [ 2502.867241379271491, -795.900811359047339 ], [ 2506.138640973592373, -763.186815415836804 ], [ 2511.04574036507438, -721.203853955383238 ], [ 2507.297261663247809, -647.120283975654388 ], [ 2469.403549695695347, -640.986409736302562 ], [ 2454.818559837680368, -632.671602434069882 ], [ 2447.866835699748208, -613.861054766723896 ], [ 2427.829513184531606, -603.092697768750327 ], [ 2421.423022312320427, -628.718661257598683 ], [ 2412.426673427937658, -636.215618661251142 ], [ 2399.749999999943611, -646.438742393504413 ], [ 2378.008823529351048, -646.506896551719365 ], [ 2351.019776876202286, -638.328397565916703 ], [ 2331.391379310276079, -650.050912778900397 ], [ 2366.831541582087539, -681.674442190670561 ], [ 2381.007606490812123, -702.665922920897401 ], [ 2387.005172413733817, -718.205070993922391 ], [ 2388.095638945174414, -723.657403651124127 ], [ 2391.094421906635034, -741.922718052750042 ], [ 2393.002738336655966, -747.920283975671964 ], [ 2399.000304259578115, -742.467951318470114 ], [ 2406.088336713940407, -748.465517241392035 ], [ 2410.722819472561696, -760.733265720096028 ], [ 2415.084685598323176, -766.73083164301795 ], [ 2418.901318458364585, -773.546247464520093 ], [ 2421.900101419825205, -776.545030425981054 ], [ 2425.171501014146543, -780.361663286022349 ], [ 2429.26075050704776, -781.99736308318279 ], [ 2433.077383367088714, -781.724746450322755 ], [ 2439.074949290010863, -786.086612576084121 ], [ 2445.890365111512892, -792.356795131866193 ], [ 2450.524847870134636, -795.355578093327154 ], [ 2456.795030425916593, -796.991277890487709 ], [ 2462.247363083118216, -799.99006085194867 ], [ 2468.790162271760437, -802.98884381340963 ], [ 2472.606795131801846, -804.897160243430221 ], [ 2475.605578093262466, -803.806693711989851 ], [ 2490.803955375212354, -804.556389452355234 ], [ 2502.867241379271491, -795.900811359047339 ] ] ] } },
{ "type": "Feature", "properties": { "code": "karmania", "name": "Karmania", "capital": null, "culture": null, "civs": "pers", "provinceType": "land", "terrain": null, "mapTypes": null, "resources": null, "religion": null, "population": "high" }, "geometry": { "type": "Polygon", "coordinates": [ [ [ 2502.901318458380956, -795.943407707930987 ], [ 2510.568661257570056, -796.10527383369174 ], [ 2517.384077079072085, -803.193306288054032 ], [ 2519.292393509092562, -812.46227180529695 ], [ 2522.5637931034139, -814.643204868177691 ], [ 2531.560141987796669, -816.006288032478096 ], [ 2538.10294117643889, -814.097971602457505 ], [ 2543.555273833640513, -817.641987829638651 ], [ 2546.554056795101587, -824.457403651140908 ], [ 2554.187322515183951, -831.27281947264305 ], [ 2572.452636916809752, -831.545436105503086 ], [ 2589.354868154135147, -835.634685598404417 ], [ 2599.16906693709825, -836.452535496984751 ], [ 2604.894016227160137, -835.907302231264566 ], [ 2592.626267748456485, -809.463488843835989 ], [ 2599.714300202818777, -766.935294117662352 ], [ 2607.34756592290114, -731.767748478710928 ], [ 2598.078600405658108, -689.512170385397212 ], [ 2583.357302231213453, -666.06713995942971 ], [ 2535.649391480698341, -637.169776876260585 ], [ 2506.752028397529102, -647.529208924943873 ], [ 2510.841277890430774, -721.953549695747824 ], [ 2502.901318458380956, -795.943407707930987 ] ] ] } },
{ "type": "Feature", "properties": { "code": "eire", "name": "Eire", "capital": null, "culture": null, "civs": "brit", "provinceType": "land", "terrain": null, "mapTypes": null, "resources": null, "religion": null, "population": "medium" }, "geometry": { "type": "Polygon", "coordinates": [ [ [ 1478.680628803029776, -305.199391480666804 ], [ 1481.952028397350887, -308.74340770784795 ], [ 1486.177586206682236, -306.971399594257377 ], [ 1492.584077078894325, -306.698782961397285 ], [ 1498.309026368956211, -304.790466531376637 ], [ 1502.670892494717464, -303.836308316366342 ], [ 1504.851825557598204, -303.427383367076231 ], [ 1509.213691683359684, -301.791683569915676 ], [ 1514.120791074841236, -299.201825557744826 ], [ 1522.980831642794101, -300.428600405615271 ], [ 1529.523630831436094, -299.201825557744826 ], [ 1530.750405679306596, -300.155983772755178 ], [ 1530.869675456182904, -298.145436105412045 ], [ 1532.113488843607001, -296.833468559772882 ], [ 1532.522413792897396, -294.431034482693349 ], [ 1537.599898579916498, -291.568559837662406 ], [ 1537.310243407502412, -287.807302231170922 ], [ 1537.923630831437549, -286.44421906687046 ], [ 1541.944726166123701, -283.513590263624565 ], [ 1542.012880324338767, -279.356186612508225 ], [ 1542.353651115413868, -274.858012170316726 ], [ 1544.466430020079315, -267.497363083094456 ], [ 1544.602738336509447, -263.271805273763107 ], [ 1543.648580121498981, -259.591480730151886 ], [ 1545.556896551519685, -258.501014198711573 ], [ 1551.963387423731774, -254.54807302224026 ], [ 1555.643711967342824, -251.958215010069438 ], [ 1559.869269776674173, -248.414198782888292 ], [ 1559.324036510954102, -240.099391480655612 ], [ 1555.50740365091292, -230.557809330552544 ], [ 1551.690770790871738, -226.468559837651242 ], [ 1545.693204867949817, -222.924543610470096 ], [ 1538.196247464297358, -221.970385395459772 ], [ 1536.69685598356682, -219.244219066858903 ], [ 1533.289148072815806, -221.425152129739615 ], [ 1532.33498985780534, -221.970385395459772 ], [ 1528.245740364904123, -221.697768762599679 ], [ 1522.929716024132404, -222.379310344749911 ], [ 1518.022616632650852, -223.606085192620299 ], [ 1515.977991886200243, -225.241784989780825 ], [ 1512.706592291879133, -229.331034482682156 ], [ 1509.571501013988154, -230.285192697692452 ], [ 1508.889959431837951, -232.738742393433256 ], [ 1510.798275861858428, -236.282758620614402 ], [ 1512.570283975449001, -237.782150101344882 ], [ 1511.070892494718464, -239.281541582075363 ], [ 1507.66318458396745, -240.780933062805843 ], [ 1506.57271805252708, -241.326166328526028 ], [ 1502.074543610335695, -241.189858012095954 ], [ 1492.260344827372592, -236.964300202764605 ], [ 1488.580020283761314, -237.9184584177749 ], [ 1487.216937119461136, -240.780933062805815 ], [ 1488.375557809116572, -243.098174442116573 ], [ 1488.511866125546476, -245.347261663212294 ], [ 1485.85385395516073, -244.120486815341906 ], [ 1483.741075050495056, -244.120486815341906 ], [ 1483.400304259419954, -245.619878296072386 ], [ 1485.240466531225593, -248.141582150028199 ], [ 1486.876166328386034, -249.163894523253532 ], [ 1483.911460446032606, -254.582150101347793 ], [ 1482.412068965302069, -254.3095334684877 ], [ 1481.45791075029183, -255.05922920885294 ], [ 1481.321602433861699, -261.431643001957468 ], [ 1482.923225151914721, -262.726572008042922 ], [ 1485.376774847655497, -263.885192697698301 ], [ 1488.000709938933824, -265.111967545568689 ], [ 1488.954868153944062, -266.577281947191636 ], [ 1488.545943204653895, -269.201217038469963 ], [ 1481.628296145829154, -276.016632859972162 ], [ 1478.936206896335989, -276.664097363014889 ], [ 1471.575557809113661, -281.639350912711507 ], [ 1467.009229208707211, -281.980121703786608 ], [ 1465.237221095116638, -282.797971602366829 ], [ 1463.874137930816232, -285.31967545632267 ], [ 1467.009229208707438, -288.727383367073742 ], [ 1466.25953346834217, -289.954158214944187 ], [ 1465.032758620471895, -291.521703853889676 ], [ 1463.328904665096388, -292.54401622711498 ], [ 1461.829513184365851, -293.770791074985368 ], [ 1461.897667342580917, -295.951724137866108 ], [ 1463.397058823311454, -296.905882352876404 ], [ 1466.804766734062468, -297.451115618596589 ], [ 1467.554462474427737, -297.723732251456681 ], [ 1466.463995942987367, -299.972819472552374 ], [ 1467.077383366922504, -302.767139959368308 ], [ 1468.23600405657794, -303.51683569973352 ], [ 1471.166632859823949, -303.51683569973352 ], [ 1471.848174441974152, -302.221906693648123 ], [ 1473.211257606274557, -302.562677484723224 ], [ 1472.529716024124355, -305.629614604399194 ], [ 1472.938640973414522, -306.856389452269582 ], [ 1474.506186612359897, -307.469776876204776 ], [ 1479.004361054551282, -306.924543610484648 ], [ 1481.048985801002118, -308.423935091215128 ], [ 1482.003144016012357, -308.423935091215128 ], [ 1478.680628803029776, -305.199391480666804 ] ] ] } },
{ "type": "Feature", "properties": { "code": "armenia", "name": "Armenia", "capital": null, "culture": null, "civs": "pers", "provinceType": "land", "terrain": null, "mapTypes": null, "resources": null, "religion": null, "population": "high" }, "geometry": { "type": "Polygon", "coordinates": [ [ [ 2197.417342799096332, -477.173630831609273 ], [ 2238.582454360969678, -480.717647058790419 ], [ 2263.663184584097507, -489.441379310313209 ], [ 2291.197464502966341, -497.347261663255779 ], [ 2307.281845841711856, -508.797160243379437 ], [ 2310.416937119602153, -510.092089249464834 ], [ 2317.096044624674505, -533.264503042572187 ], [ 2322.514300202768936, -545.855983772797572 ], [ 2318.74878296138877, -546.776064908700391 ], [ 2286.188133874161394, -548.956997971581018 ], [ 2261.584482758538797, -556.453955375233591 ], [ 2213.33133874230316, -554.27302231235285 ], [ 2203.517139959340057, -544.186206896529598 ], [ 2207.606389452241274, -539.551724137908082 ], [ 2213.876572008023231, -536.961866125737288 ], [ 2216.602738336624043, -535.871399594296918 ], [ 2218.919979715934915, -535.462474645006864 ], [ 2223.690770790986335, -535.462474645006864 ], [ 2229.688336713908484, -535.871399594296918 ], [ 2233.504969573949893, -533.690466531416291 ], [ 2238.548377281861121, -530.282758620665163 ], [ 2241.138235294032256, -527.42028397563422 ], [ 2245.909026369083676, -523.603651115593038 ], [ 2249.725659229125085, -518.423935091251337 ], [ 2248.635192697684488, -507.11034482755764 ], [ 2244.545943204783271, -501.521703853925828 ], [ 2239.911460446161982, -500.158620689625423 ], [ 2233.368661257519761, -499.340770791045145 ], [ 2229.143103448188413, -497.432454361024554 ], [ 2223.418154158126526, -495.524137931003906 ], [ 2218.783671399505238, -492.66166328597302 ], [ 2214.149188640883494, -489.799188640942077 ], [ 2208.1516227179618, -486.936713995911134 ], [ 2204.062373225060128, -483.665314401590081 ], [ 2201.336206896459316, -481.348073022279323 ], [ 2197.417342799096332, -477.173630831609273 ] ] ] } },
{ "type": "Feature", "properties": { "code": "lidia", "name": "Lidia", "capital": null, "culture": null, "civs": "pers", "provinceType": "land", "terrain": null, "mapTypes": null, "resources": null, "religion": null, "population": "high" }, "geometry": { "type": "Polygon", "coordinates": [ [ [ 2073.956085192583942, -548.139148073001252 ], [ 2074.228701825444205, -556.658417849879015 ], [ 2079.203955375140595, -557.476267748459236 ], [ 2073.206389452218446, -558.49858012168454 ], [ 2067.754056795016822, -559.384584178479827 ], [ 2066.186511156071447, -561.633671399575519 ], [ 2065.777586206781052, -562.928600405660973 ], [ 2066.731744421791518, -564.019066937101343 ], [ 2069.321602433961743, -564.63245436103648 ], [ 2071.093610547552544, -565.450304259616814 ], [ 2059.916328600289035, -565.72292089247685 ], [ 2054.055070993797017, -566.131845841767017 ], [ 2053.646146044506622, -564.223529411746426 ], [ 2050.647363083046002, -564.63245436103648 ], [ 2049.011663285885334, -563.405679513166092 ], [ 2047.921196754444964, -560.815821500995298 ], [ 2045.876572007994355, -561.088438133855334 ], [ 2045.876572007994355, -563.950912778886277 ], [ 2046.830730223004593, -565.859229208906982 ], [ 2048.193813387304999, -566.268154158197035 ], [ 2043.559330628683256, -565.109533468541713 ], [ 2041.037626774727414, -563.541987829596223 ], [ 2037.135801216914842, -566.089249492882345 ], [ 2027.747565922798231, -576.900202839740473 ], [ 2029.519574036389031, -579.081135902621099 ], [ 2026.248174442067921, -579.217444219051231 ], [ 2024.382454360929842, -581.121501014183195 ], [ 2026.997870182433189, -582.829614604447329 ], [ 2042.605172413673245, -583.851926977672747 ], [ 2045.603955375133864, -609.341582150090858 ], [ 2049.14797160231501, -621.064097363074666 ], [ 2057.599087220977708, -631.423529411758068 ], [ 2066.595436105360477, -639.874645030420766 ], [ 2067.958519269660883, -640.6924949290011 ], [ 2078.590567951204321, -643.146044624741876 ], [ 2082.40720081124573, -648.598377281943613 ], [ 2091.948782961349025, -652.687626774844944 ], [ 2097.128498985690385, -651.051926977684388 ], [ 2104.216531440052677, -636.603245436099769 ], [ 2120.028296145937929, -636.058012170379584 ], [ 2129.842494928901033, -638.784178498980395 ], [ 2132.296044624642036, -643.146044624741876 ], [ 2140.201926977584662, -645.599594320482652 ], [ 2156.149999999900047, -639.738336713990861 ], [ 2160.239249492801264, -631.014604462467673 ], [ 2165.827890466433018, -627.061663285996474 ], [ 2167.190973630733424, -625.289655172405787 ], [ 2152.912677484686355, -580.444219066921391 ], [ 2147.596653143913954, -566.063691683552065 ], [ 2135.192596348780626, -538.052332657177885 ], [ 2131.23965517230954, -527.965517241354519 ], [ 2125.787322515107462, -528.10182555778465 ], [ 2121.970689655066508, -531.509533468535665 ], [ 2118.426673427885362, -533.281541582126238 ], [ 2115.291582149994156, -534.23569979713659 ], [ 2111.202332657092938, -537.098174442167533 ], [ 2107.522008113481661, -540.642190669348679 ], [ 2106.704158214901327, -541.868965517219067 ], [ 2105.068458417741112, -542.414198782939252 ], [ 2103.977991886300515, -546.367139959410451 ], [ 2101.797058823419775, -548.956997971581359 ], [ 2097.707809330518558, -549.229614604441394 ], [ 2092.664401622606874, -548.684381338721209 ], [ 2089.801926977575931, -547.866531440140989 ], [ 2088.166227180415717, -547.593914807280953 ], [ 2084.213286003944177, -547.730223123710971 ], [ 2078.624645030312422, -548.139148073001024 ], [ 2073.956085192583942, -548.139148073001252 ] ] ] } },
{ "type": "Feature", "properties": { "code": "kapadocia", "name": "Kapadocia", "capital": null, "culture": null, "civs": "pers", "provinceType": "land", "terrain": null, "mapTypes": null, "resources": null, "religion": null, "population": "high" }, "geometry": { "type": "Polygon", "coordinates": [ [ [ 2130.149188640868942, -526.875050709914262 ], [ 2139.418154158111975, -526.602434077054113 ], [ 2143.643711967443323, -526.602434077054113 ], [ 2148.687119675355007, -524.83042596346354 ], [ 2152.503752535396416, -524.012576064883319 ], [ 2153.73052738326669, -522.649492900582914 ], [ 2155.638843813287167, -522.240567951292746 ], [ 2158.910243407608505, -522.376876267722764 ], [ 2157.956085192598039, -529.055983772794889 ], [ 2162.181643001929388, -531.100608519245611 ], [ 2165.725659229110533, -530.827991886385462 ], [ 2168.042900608421405, -528.510750507074818 ], [ 2170.632758620592085, -527.420283975634447 ], [ 2172.813691683472825, -529.19229208922502 ], [ 2173.63154158205316, -532.736308316406166 ], [ 2177.448174442094114, -534.917241379286793 ], [ 2181.810040567855594, -534.780933062856775 ], [ 2185.490365111466872, -535.735091277867127 ], [ 2187.398681541487349, -537.779716024317736 ], [ 2191.624239350818698, -536.825557809307497 ], [ 2193.396247464409498, -536.552941176447348 ], [ 2195.031947261570167, -536.280324543587312 ], [ 2196.667647058730381, -535.871399594297145 ], [ 2201.847363083072196, -539.279107505048273 ], [ 2204.164604462383068, -539.142799188618255 ], [ 2206.345537525263808, -538.870182555758106 ], [ 2208.390162271714416, -538.870182555758106 ], [ 2204.164604462383068, -543.368356997949604 ], [ 2204.028296145952936, -544.73144016225001 ], [ 2212.206795131755371, -553.182555780912708 ], [ 2213.433569979625645, -554.409330628783096 ], [ 2240.967849898494478, -554.954563894503167 ], [ 2261.277789046571343, -556.181338742373669 ], [ 2249.691582150017439, -591.348884381325206 ], [ 2190.261156186518292, -617.792697768753442 ], [ 2188.489148072927946, -617.929006085183346 ], [ 2188.352839756497815, -617.929006085183346 ], [ 2181.075734476096386, -623.076568736426566 ], [ 2172.949999999902957, -627.129817444211312 ], [ 2167.020588235196101, -624.812576064900554 ], [ 2147.937423934989056, -566.60892494927225 ], [ 2130.149188640868942, -526.875050709914262 ] ] ] } },
{ "type": "Feature", "properties": { "code": "siria", "name": "Siria", "capital": null, "culture": null, "civs": "pers", "provinceType": "land", "terrain": null, "mapTypes": null, "resources": null, "religion": null, "population": "high" }, "geometry": { "type": "Polygon", "coordinates": [ [ [ 2188.761764705787755, -618.065314401614046 ], [ 2190.533772819378555, -617.724543610538944 ], [ 2216.601089445676735, -606.072106261778686 ], [ 2223.520385395449011, -616.90669371195861 ], [ 2226.178397565834075, -620.178093306279834 ], [ 2229.858722109445353, -622.495334685590592 ], [ 2230.540263691595555, -624.948884381331368 ], [ 2230.540263691595555, -629.038133874232699 ], [ 2231.221805273745758, -631.900608519263642 ], [ 2231.630730223035698, -632.991075050704012 ], [ 2234.220588235206833, -636.944016227175211 ], [ 2235.992596348796724, -651.529006085189849 ], [ 2229.449797160154503, -699.373225152135205 ], [ 2210.128093306195751, -698.453144016232386 ], [ 2201.881440162178478, -701.07707910751094 ], [ 2195.543103448181228, -712.595131845849664 ], [ 2181.026267748381542, -706.12048681542251 ], [ 2186.68306288022859, -690.853955375257556 ], [ 2186.410446247368327, -688.127789046656744 ], [ 2187.773529411668733, -684.515618661260532 ], [ 2191.113083164204909, -682.027991886412224 ], [ 2192.203549695645052, -680.051521298176567 ], [ 2192.06724137921492, -673.167951318459359 ], [ 2195.883874239255874, -670.169168356998398 ], [ 2197.178803245341442, -666.488843813387234 ], [ 2193.157707910655063, -659.741582150100044 ], [ 2194.316328600310499, -650.745233265717161 ], [ 2191.385699797064262, -648.700608519266439 ], [ 2190.840466531344191, -648.291683569976385 ], [ 2187.70537525345344, -644.406896551720138 ], [ 2190.567849898484383, -641.203651115614093 ], [ 2190.567849898484383, -635.342393509122189 ], [ 2187.432758620593177, -633.911156186606718 ], [ 2189.681845841688755, -630.367139959425572 ], [ 2192.612474644934991, -627.777281947254778 ], [ 2193.362170385300033, -621.234482758612558 ], [ 2188.761764705787755, -618.065314401614046 ] ] ] } },
{ "type": "Feature", "properties": { "code": "ionia", "name": "Ionia", "capital": null, "culture": null, "civs": "athe", "provinceType": "land", "terrain": null, "mapTypes": null, "resources": null, "religion": null, "population": "high" }, "geometry": { "type": "Polygon", "coordinates": [ [ [ 2027.577180527260225, -588.605679513170116 ], [ 2026.997870182431143, -583.004259634873051 ], [ 2027.002129817319656, -582.833874239335501 ], [ 2042.809634888317532, -583.851926977672292 ], [ 2045.944726166208511, -609.205273833660613 ], [ 2049.284279918744687, -621.336713995934474 ], [ 2057.871703853837516, -631.491683569972906 ], [ 2065.777586206780143, -639.193103448270335 ], [ 2078.795030425849291, -643.214198782956714 ], [ 2073.070081135787404, -642.464503042591446 ], [ 2066.527281947145639, -641.987423935086326 ], [ 2066.118356997855244, -641.851115618656195 ], [ 2065.913894523210274, -645.66774847869749 ], [ 2063.392190669254433, -646.826369168352812 ], [ 2064.89158214998497, -642.873427991881499 ], [ 2064.550811358909868, -640.488032454355789 ], [ 2056.440466531322272, -639.465720081130485 ], [ 2049.693204868035082, -641.646653144011111 ], [ 2054.532150101301795, -638.307099391475049 ], [ 2055.690770790956776, -634.899391480724034 ], [ 2047.103346855864174, -633.808924949283664 ], [ 2048.534584178379646, -628.3565922920817 ], [ 2048.398275861949969, -626.993509127781294 ], [ 2046.012880324424032, -624.062880324535286 ], [ 2044.922413792983662, -622.086409736299743 ], [ 2043.49117647046819, -620.655172413784271 ], [ 2040.287931034362146, -619.087626774838782 ], [ 2039.538235293996877, -618.542393509118597 ], [ 2036.403144016105898, -619.019472616623716 ], [ 2034.426673427870355, -619.019472616623716 ], [ 2033.540669371074955, -618.883164300193698 ], [ 2033.063590263569949, -617.111156186603125 ], [ 2033.404361054645051, -615.543610547657636 ], [ 2032.995436105354884, -611.931440162261424 ], [ 2032.80801217026351, -610.329817444208629 ], [ 2033.285091277768743, -608.728194726155721 ], [ 2033.387322515091228, -608.387423935080506 ], [ 2035.176369168235624, -610.244624746439854 ], [ 2035.44898580109566, -613.226369168346878 ], [ 2039.333772819351907, -613.158215010131812 ], [ 2040.64574036499107, -612.084787018245606 ], [ 2041.037626774727187, -604.783772819461433 ], [ 2039.12931034470671, -601.137525354957802 ], [ 2039.061156186491189, -595.761866125747929 ], [ 2037.689553752413985, -594.543610547654339 ], [ 2036.27535496945211, -593.197565922907643 ], [ 2038.166632859919218, -591.587423935077823 ], [ 2039.721399594198601, -586.083975659214502 ], [ 2031.781440162148328, -587.140365111547226 ], [ 2027.577180527260225, -588.605679513170116 ] ] ] } },
{ "type": "Feature", "properties": { "code": "kolkhis", "name": "Kolkhis", "capital": null, "culture": null, "civs": "pers", "provinceType": "land", "terrain": null, "mapTypes": null, "resources": null, "religion": null, "population": "medium" }, "geometry": { "type": "Polygon", "coordinates": [ [ [ 2190.806389452232906, -422.880324543567212 ], [ 2188.352839756491903, -425.333874239308045 ], [ 2184.808823529310757, -426.969574036468543 ], [ 2179.356490872109134, -430.240973630789597 ], [ 2177.448174442088657, -429.695740365069412 ], [ 2180.71957403640954, -434.60283975655102 ], [ 2186.171906693611618, -436.511156186571611 ], [ 2186.989756592191497, -437.874239350872074 ], [ 2187.262373225051761, -438.692089249452351 ], [ 2183.718356997870615, -441.963488843773405 ], [ 2181.537423934989874, -443.871805273793996 ], [ 2181.264807302129611, -445.507505070954494 ], [ 2182.082657200709946, -449.05152129813564 ], [ 2177.993407707808728, -453.140770791036971 ], [ 2177.993407707808728, -454.776470588197526 ], [ 2180.992190669269803, -455.594320486777747 ], [ 2176.630324543508323, -456.412170385358024 ], [ 2174.176774847767774, -457.230020283938302 ], [ 2171.995841784887034, -455.866937119637896 ], [ 2167.906592291985362, -455.866937119637896 ], [ 2166.816125760545219, -458.320486815378672 ], [ 2168.179208924845625, -460.501419878259355 ], [ 2166.543509127684956, -461.591886409699725 ], [ 2165.18042596338455, -462.137119675419854 ], [ 2168.179208924845625, -466.77160243404137 ], [ 2172.268458417746842, -465.749290060816008 ], [ 2176.15324543600309, -469.634077079072256 ], [ 2179.083874239249326, -471.951318458383014 ], [ 2181.878194726064976, -474.064097363048688 ], [ 2184.740669371095919, -474.541176470553864 ], [ 2187.943914807201963, -474.950101419843975 ], [ 2189.511460446147794, -475.086409736274049 ], [ 2193.907403651016921, -478.187423935057495 ], [ 2195.747565922822105, -478.460040567917588 ], [ 2197.451419878198067, -477.199188640939724 ], [ 2238.957302231146059, -480.709127789013394 ], [ 2291.163387423853237, -497.33874239347881 ], [ 2307.315922920813591, -508.890872210924954 ], [ 2310.212474644951726, -510.0154158214728 ], [ 2310.314705882274211, -509.810953346827773 ], [ 2333.282657200736594, -502.109533468530287 ], [ 2335.838438133800082, -501.427991886380084 ], [ 2324.252231237246178, -488.853549695708466 ], [ 2320.980831642925295, -486.263691683537672 ], [ 2318.254665314324029, -483.264908722076711 ], [ 2311.984482758542072, -477.948884381304993 ], [ 2308.031541582070986, -473.859634888403662 ], [ 2305.169066937040043, -471.542393509092904 ], [ 2304.623833671319971, -459.002028397528875 ], [ 2298.353651115538014, -459.54726166324906 ], [ 2296.581643001947214, -461.319269776839633 ], [ 2293.991784989776534, -458.729411764668782 ], [ 2293.855476673346402, -455.730628803207821 ], [ 2295.763793103367334, -455.049087221057562 ], [ 2292.219776876186188, -449.324137930995732 ], [ 2290.038843813305448, -449.869371196715917 ], [ 2287.857910750424708, -449.05152129813564 ], [ 2288.130527383284971, -447.006896551684974 ], [ 2289.357302231155245, -444.553346855944199 ], [ 2289.357302231155245, -442.508722109493533 ], [ 2258.960547667255469, -438.010547667302035 ], [ 2252.008823529323308, -437.601622718011868 ], [ 2240.558924949199536, -436.783772819431647 ], [ 2235.515517241287853, -437.329006085151832 ], [ 2231.562576064816767, -437.46531440158185 ], [ 2220.385294117552803, -431.331440162229853 ], [ 2215.614503042501383, -429.832048681499373 ], [ 2208.935395537429486, -430.513590263649633 ], [ 2201.029513184486859, -430.786206896509725 ], [ 2192.305780932963899, -425.742799188598099 ], [ 2190.806389452232906, -422.880324543567212 ] ] ] } },
{ "type": "Feature", "properties": { "code": "india", "name": "India", "capital": null, "culture": null, "civs": "maur", "provinceType": "land", "terrain": null, "mapTypes": null, "resources": null, "religion": null, "population": "high" }, "geometry": { "type": "Polygon", "coordinates": [ [ [ 2773.488716220622791, -979.130929791254175 ], [ 2769.944699993441645, -984.71957076488593 ], [ 2765.514679709465327, -975.859530196933179 ], [ 2764.219750703379759, -970.679814172591477 ], [ 2758.494801413317873, -961.001923706058392 ], [ 2755.564172610072546, -936.67088922329549 ], [ 2755.904943401147648, -929.105777661427965 ], [ 2788.312245632389931, -926.34553425371962 ], [ 2800.988919060384433, -932.956487600576793 ], [ 2807.633949486348229, -923.619367925118922 ], [ 2867.865186808873204, -921.233972387593212 ], [ 2867.899263887980851, -921.097664071163194 ], [ 2871.017316626318461, -921.165818229378146 ], [ 2877.01488254924061, -922.971903422076139 ], [ 2889.044091474191646, -937.829509912951153 ], [ 2893.116302427539722, -939.754864882525567 ], [ 2893.141860236870343, -939.933769547840029 ], [ 2888.319953543157681, -942.259530196927585 ], [ 2888.388107701372519, -950.369875024515068 ], [ 2885.71305699143295, -953.164195511330945 ], [ 2875.57512595694925, -952.687116403825826 ], [ 2874.603929202384734, -958.037217823705078 ], [ 2869.543482954919, -960.72930707319847 ], [ 2864.244497153701559, -960.558921677660919 ], [ 2861.330906890009373, -962.586507884557818 ], [ 2858.127661453902874, -969.23153831052241 ], [ 2857.914679709480879, -982.470483543790579 ], [ 2834.239628999538127, -984.19989530849648 ], [ 2810.521981940710702, -978.679408493079677 ], [ 2773.488716220622791, -979.130929791254175 ] ] ] } },
{ "type": "Feature", "properties": { "code": "lanka", "name": "Lanka", "capital": null, "culture": null, "civs": "maur", "provinceType": "land", "terrain": null, "mapTypes": null, "resources": null, "religion": null, "population": "high" }, "geometry": { "type": "Polygon", "coordinates": [ [ [ 2856.594192894064236, -1119.00882025780993 ], [ 2859.18405090623537, -1117.71389125172459 ], [ 2871.792570176014124, -1114.578799973833611 ], [ 2880.448148269322246, -1104.76460119087028 ], [ 2883.583239547212997, -1090.65669044036099 ], [ 2880.31183995289166, -1082.205574821698065 ], [ 2875.404740561410108, -1070.75567624157452 ], [ 2875.54104887784024, -1070.619367925144616 ], [ 2864.568229405222155, -1053.410442975851765 ], [ 2855.571880520839386, -1049.35527056205774 ], [ 2851.857478898120462, -1050.377582935283272 ], [ 2851.005551920432936, -1054.057907478894322 ], [ 2854.004334881893556, -1056.988536282140331 ], [ 2848.892773015767034, -1066.291578878491009 ], [ 2845.076140155724715, -1088.714296931232639 ], [ 2848.204841981283153, -1112.470280704056222 ], [ 2856.594192894064236, -1119.00882025780993 ] ] ] } },
{ "type": "Feature", "properties": { "code": "maldivas", "name": "Maldivas", "capital": null, "culture": null, "civs": "maur", "provinceType": "land", "terrain": null, "mapTypes": null, "resources": null, "religion": null, "population": "medium" }, "geometry": { "type": "Polygon", "coordinates": [ [ [ 2726.279182752052748, -1015.66368841194992 ], [ 2726.142874435622616, -1006.939956160427073 ], [ 2741.613868350432767, -1013.755371981929329 ], [ 2757.834558005608869, -1095.472207681740656 ], [ 2756.641860236844877, -1134.933465288238722 ], [ 2743.624416017776184, -1233.722917620912995 ], [ 2735.922996139478528, -1232.768759405902756 ], [ 2744.88526794475456, -1141.612572793310846 ], [ 2735.088107701344597, -1041.434479487005547 ], [ 2726.279182752052748, -1015.66368841194992 ] ] ] } },
{ "type": "Feature", "properties": { "code": "bactria", "name": "Bactria", "capital": null, "culture": null, "civs": "pers", "provinceType": "land", "terrain": "desert", "mapTypes": null, "resources": null, "religion": null, "population": "low" }, "geometry": { "type": "Polygon", "coordinates": [ [ [ 2605.432860040566993, -639.815010141988751 ], [ 2685.002839756594312, -622.094929006085977 ], [ 2736.016227180525675, -651.435294117648027 ], [ 2718.758316430023115, -669.815618661258895 ], [ 2700.235294117645935, -726.302636916836491 ], [ 2677.880730223122555, -737.479918864098181 ], [ 2670.247464503041101, -750.565517241380121 ], [ 2598.276673427990772, -769.64868154158296 ], [ 2607.545638945231985, -733.11805273833761 ], [ 2603.729006085191486, -712.944421906694629 ], [ 2598.276673427990772, -693.861257606491904 ], [ 2590.643407707909773, -679.13995943204975 ], [ 2583.555375253548846, -666.599594320487881 ], [ 2605.432860040566993, -639.815010141988751 ] ] ] } },
{ "type": "Feature", "properties": { "code": "sogdia", "name": "Sogdia", "capital": null, "culture": null, "civs": "pers", "provinceType": "land", "terrain": null, "mapTypes": null, "resources": null, "religion": null, "population": "low" }, "geometry": { "type": "Polygon", "coordinates": [ [ [ 2657.059634888440087, -628.978498985802048 ], [ 2558.61095334685433, -585.496146044625675 ], [ 2538.301014198781559, -519.931845841786185 ], [ 2549.205679513183441, -480.675050709940479 ], [ 2601.548073022310746, -450.687221095336099 ], [ 2682.787829614602742, -449.5967545638959 ], [ 2789.653549695738548, -468.679918864098681 ], [ 2805.329006085188212, -560.960649087223373 ], [ 2742.627180527379096, -645.471805273835685 ], [ 2736.220689655170645, -650.787829614605243 ], [ 2686.29776876267988, -623.049087221096215 ], [ 2657.059634888440087, -628.978498985802048 ] ] ] } },
{ "type": "Feature", "properties": { "code": "daoi", "name": "Daoi", "capital": null, "culture": null, "civs": "pers", "provinceType": "land", "terrain": null, "mapTypes": null, "resources": null, "religion": null, "population": "low" }, "geometry": { "type": "Polygon", "coordinates": [ [ [ 2348.968762677482573, -453.686004056796548 ], [ 2347.469371196752491, -455.049087221096784 ], [ 2348.968762677482573, -456.821095334687016 ], [ 2352.512778904663264, -457.230020283977069 ], [ 2352.921703853953204, -457.638945233267123 ], [ 2354.69371196754355, -459.002028397567358 ], [ 2357.69249492900417, -459.683569979717447 ], [ 2359.055578093304121, -462.273427991887786 ], [ 2362.05436105476474, -463.500202839758003 ], [ 2365.598377281944977, -463.909127789048057 ], [ 2368.86977687626586, -465.272210953348235 ], [ 2368.324543610545788, -467.31683569979856 ], [ 2366.825152129815251, -472.905476673429348 ], [ 2367.370385395535322, -478.494117647060193 ], [ 2369.006085192695537, -484.900608519271145 ], [ 2374.185801217036442, -491.579716024342076 ], [ 2375.957809330626787, -494.033265720082454 ], [ 2378.683975659227144, -491.170791075052023 ], [ 2378.138742393507073, -484.355375253551017 ], [ 2377.729817444217133, -481.356592292090568 ], [ 2378.547667342797013, -477.948884381340122 ], [ 2381.273833671397369, -475.495334685599744 ], [ 2384.272616632857989, -474.813793103449655 ], [ 2389.997565922918966, -476.040567951319815 ], [ 2393.814198782959465, -480.402434077080443 ], [ 2395.44989858011968, -485.036916835701163 ], [ 2396.949290060849762, -488.035699797161556 ], [ 2399.266531440160179, -491.034482758622005 ], [ 2401.038539553750525, -493.351724137932365 ], [ 2415.487221095332643, -498.5314401622731 ], [ 2406.763488843811047, -499.349290060853264 ], [ 2405.673022312370904, -502.75699797160371 ], [ 2401.447464503040464, -503.847464503043852 ], [ 2399.402839756590311, -503.165922920893763 ], [ 2393.132657200809263, -500.712373225153442 ], [ 2391.769574036508857, -501.121298174443496 ], [ 2389.179716024338632, -497.440973630832957 ], [ 2387.135091277888478, -495.668965517242668 ], [ 2386.453549695738729, -497.03204868154296 ], [ 2383.591075050708696, -503.029614604463859 ], [ 2383.318458417848433, -508.073022312374576 ], [ 2384.681541582148839, -512.02596348884515 ], [ 2397.767139959430551, -514.615821501015603 ], [ 2416.168762677483301, -516.115212981745799 ], [ 2426.937119675454596, -515.43367139959571 ], [ 2444.929817444217406, -514.752129817445621 ], [ 2471.237322515211417, -507.255172413794696 ], [ 2477.780121703852728, -469.088843813389076 ], [ 2472.32778904665156, -420.017849898581972 ], [ 2471.782555780931489, -385.668154158216907 ], [ 2434.16146044624611, -353.499391480732243 ], [ 2346.515212981743844, -371.219472616634732 ], [ 2353.330628803244963, -394.255578093308145 ], [ 2356.193103448274996, -401.479918864099204 ], [ 2354.284787018254974, -413.066125760650891 ], [ 2351.694929006084294, -416.06490872211134 ], [ 2343.380121703853092, -417.291683569981501 ], [ 2339.563488843812593, -419.881541582151897 ], [ 2338.609330628802581, -423.970791075052489 ], [ 2336.292089249492165, -429.423123732253316 ], [ 2341.47180527383307, -431.604056795133602 ], [ 2335.201622718052022, -430.922515212983512 ], [ 2329.612981744421177, -430.786206896553495 ], [ 2329.204056795131237, -442.781338742395235 ], [ 2335.610547667342416, -446.870588235295827 ], [ 2341.335496957403393, -451.641379310346565 ], [ 2345.015821501013761, -455.730628803247157 ], [ 2348.968762677482573, -453.686004056796548 ] ] ] } },
{ "type": "Feature", "properties": { "code": "massagetae", "name": "Massagetae", "capital": null, "culture": null, "civs": null, "provinceType": null, "terrain": null, "mapTypes": null, "resources": null, "religion": null, "population": "low" }, "geometry": { "type": "Polygon", "coordinates": [ [ [ 2434.774847870182839, -353.976470588237135 ], [ 2469.669776876267861, -299.453144016229203 ], [ 2501.838539553752526, -279.82474645030635 ], [ 2568.356997971602141, -270.555780933064966 ], [ 2673.587018255577732, -282.550912778906707 ], [ 2703.001926977685343, -309.288640973566487 ], [ 2740.67413793103924, -317.32657200805329 ], [ 2766.821906693711298, -365.971602434078932 ], [ 2763.55050709939087, -410.680730223125465 ], [ 2749.919675456388632, -453.208924949291657 ], [ 2744.60365111561805, -460.842190669372656 ], [ 2682.310750507098874, -449.664908722111022 ], [ 2602.161460446247474, -450.755375253551392 ], [ 2550.636916835699594, -481.015821501015807 ], [ 2538.369168356997761, -520.000000000001478 ], [ 2471.032860040568266, -506.096551724139488 ], [ 2477.848275862068931, -467.930223123733867 ], [ 2472.532251521297439, -418.859229208926763 ], [ 2471.169168356997034, -386.145233265722027 ], [ 2434.774847870182839, -353.976470588237135 ] ] ] } },
{ "type": "Feature", "properties": { "code": "parthia", "name": "Parthia", "capital": null, "culture": null, "civs": "pers", "provinceType": "land", "terrain": null, "mapTypes": null, "resources": null, "religion": null, "population": "medium" }, "geometry": { "type": "Polygon", "coordinates": [ [ [ 2385.109634888381606, -511.663894523299575 ], [ 2383.473935091221392, -508.733265720053623 ], [ 2382.042697768705693, -509.278498985773808 ], [ 2383.133164300146291, -514.662677484760593 ], [ 2384.905172413736636, -517.797768762651572 ], [ 2387.495030425907316, -521.137322515187634 ], [ 2392.742900608464424, -520.728397565897467 ], [ 2397.786308316375653, -520.387626774822365 ], [ 2397.445537525300551, -524.749492900583846 ], [ 2391.856896551668797, -524.272413793078613 ], [ 2396.763995943150803, -537.766937119652994 ], [ 2401.671095334632355, -535.313387423912218 ], [ 2408.486511156134384, -540.220486815393883 ], [ 2410.667444219015124, -542.674036511134659 ], [ 2410.667444219015124, -547.035902636896026 ], [ 2410.122210953295053, -555.759634888418873 ], [ 2411.757910750455721, -562.02981744420083 ], [ 2414.21146044619627, -565.028600405661791 ], [ 2414.756693711916341, -568.572616632842937 ], [ 2413.120993914756127, -569.390466531423272 ], [ 2405.236409736253336, -571.886612576046105 ], [ 2391.196653143958883, -577.747870182538009 ], [ 2392.674746450249586, -587.110547667329001 ], [ 2427.829513184531606, -603.229006085180345 ], [ 2448.015922920847061, -613.826977687617614 ], [ 2455.103955375209352, -633.455375253543934 ], [ 2469.539858012125023, -641.12271805273258 ], [ 2507.71896551720647, -647.358823529408369 ], [ 2535.798478701795375, -637.544624746445265 ], [ 2583.220993914783321, -666.476064908719991 ], [ 2606.120791075029956, -640.168559837721546 ], [ 2655.32809330627606, -628.309736308307606 ], [ 2558.958113590234916, -585.236308316413783 ], [ 2538.371298174412914, -519.995740365086135 ], [ 2471.426876267707485, -506.041176470560401 ], [ 2471.239452332616111, -507.276470588207587 ], [ 2444.944726166282635, -514.764908722083078 ], [ 2416.038843813335916, -516.115212981718514 ], [ 2398.267647058768489, -514.632860040541686 ], [ 2385.045740365054371, -512.179310344800911 ], [ 2384.466430020226653, -511.429614604435699 ], [ 2384.159736308259198, -510.236916835672787 ], [ 2385.109634888381606, -511.663894523299575 ] ] ] } },
{ "type": "Feature", "properties": { "code": "med_oriet", "name": "Mediterranean Oriet", "capital": null, "culture": null, "civs": null, "provinceType": "sea", "terrain": null, "mapTypes": null, "resources": null, "religion": null, "population": null }, "geometry": { "type": "Polygon", "coordinates": [ [ [ 1954.503144016095348, -658.063286004055385 ], [ 1954.520182555649171, -658.046247464501675 ], [ 1955.563793103316584, -658.254969574035158 ], [ 1957.161156186481321, -657.892900608517834 ], [ 1959.01409736295227, -659.209127789045397 ], [ 1960.291987829483787, -658.067545638943784 ], [ 1960.181237322384504, -654.949492900606629 ], [ 1958.69888438120779, -654.864300202837853 ], [ 1960.760547667212222, -652.938945233263439 ], [ 1962.498478701695149, -654.063488843811342 ], [ 1963.367444218936726, -655.648073022310541 ], [ 1964.934989857882101, -656.670385395535959 ], [ 1965.94026369155381, -659.771399594319291 ], [ 1965.633569979586355, -661.833062880323723 ], [ 1965.786916835570082, -664.031034482758173 ], [ 1967.422616632730524, -665.905273833671231 ], [ 1970.114705882223916, -664.099188640973239 ], [ 1969.330933062751228, -662.224949290060067 ], [ 1970.114705882224371, -660.827789046652128 ], [ 1971.426673427863534, -657.317849898578515 ], [ 1972.857910750379006, -656.380730223121986 ], [ 1974.561764705754513, -657.386004056793467 ], [ 1974.629918863969579, -659.311359026367882 ], [ 1975.379614604334165, -660.112170385394393 ], [ 1979.025862068837796, -662.293103448275019 ], [ 1983.115111561739013, -663.417647058822922 ], [ 1982.706186612449073, -660.248478701824411 ], [ 1980.0481744420631, -659.192089249491573 ], [ 1979.741480730095418, -656.874847870180929 ], [ 1980.559330628675525, -652.785598377279598 ], [ 1975.584077078978908, -643.175862068961351 ], [ 1974.289148072893568, -639.972616632855306 ], [ 1978.685091277762467, -641.437931034478311 ], [ 1978.446551724009851, -644.334482758616673 ], [ 1979.741480730095418, -644.981947261659457 ], [ 1981.75202839743838, -645.459026369164576 ], [ 1982.092799188513482, -645.39087221094951 ], [ 1982.195030425836194, -644.573022312369289 ], [ 1983.115111561739013, -643.789249492896488 ], [ 1984.614503042469323, -645.356795131842091 ], [ 1986.216125760522345, -645.118255578089475 ], [ 1986.182048681414926, -642.903245436101201 ], [ 1989.726064908596072, -640.620081135897976 ], [ 1987.783671399467949, -639.802231237317756 ], [ 1985.296044624619526, -637.825760649082099 ], [ 1986.727281947134998, -634.588438133868635 ], [ 1984.750811358899455, -633.361663285998247 ], [ 1983.421805273706468, -636.121906693706592 ], [ 1981.240872210825728, -637.076064908716944 ], [ 1981.172718052610435, -631.317038539547639 ], [ 1979.196247464374892, -630.073225152123428 ], [ 1980.900101419750399, -629.868762677478344 ], [ 1983.88184584165765, -627.824137931027735 ], [ 1985.977586206769502, -629.902839756585877 ], [ 1989.300101419752309, -629.204259634881964 ], [ 1992.179614604336848, -633.736511156180882 ], [ 1994.769472616507528, -634.844016227174961 ], [ 1997.29117647046337, -633.242393509121939 ], [ 1996.115517241254338, -629.050912778898123 ], [ 1995.79178498973306, -622.780730223116166 ], [ 1988.022210953220565, -616.663894523317936 ], [ 1984.682657200684616, -616.186815415812816 ], [ 1982.22910750494384, -612.302028397556455 ], [ 1977.253853955247223, -610.46186612575093 ], [ 1975.822616632731751, -608.349087221085256 ], [ 1975.141075050581549, -605.418458417839247 ], [ 1975.549999999871716, -602.760446247453388 ], [ 1974.18691683557131, -602.14705882351825 ], [ 1974.59584178486125, -598.466734279907087 ], [ 1975.345537525226518, -597.785192697756884 ], [ 1979.639249492772933, -600.920283975647862 ], [ 1978.889553752407664, -606.577079107494683 ], [ 1982.569878296018942, -608.962474645020393 ], [ 1999.267647058699367, -625.387626774840669 ], [ 2004.174746450180919, -628.727180527376731 ], [ 2004.311054766610823, -622.934077079099893 ], [ 1999.812880324419439, -621.570993914799487 ], [ 1996.200709939023227, -609.575862068955644 ], [ 1985.159736308189849, -607.39492900607479 ], [ 1983.796653143889444, -603.578296146033608 ], [ 1981.13864097350347, -602.760446247453274 ], [ 1982.092799188513936, -599.489046653132277 ], [ 1982.024645030298871, -597.853346855971722 ], [ 1979.230324543482993, -594.104868154145493 ], [ 1976.436004056666889, -592.741784989844973 ], [ 1973.369066936990976, -588.788843813373774 ], [ 1972.823833671270904, -586.40344827584795 ], [ 1969.416125760519662, -581.973427991871517 ], [ 1972.00598377269057, -574.34016227178904 ], [ 1975.413691683441584, -569.910141987812608 ], [ 1976.36784989845205, -577.611561866110151 ], [ 1979.434787018127963, -577.747870182540169 ], [ 1985.909432048555118, -586.062677484772848 ], [ 1987.749594320360757, -584.22251521296721 ], [ 1984.001115618534413, -581.019269776861279 ], [ 1983.864807302104282, -577.407099391465067 ], [ 1988.226673427865762, -579.519878296130742 ], [ 1989.044523326446097, -582.314198782946619 ], [ 1991.361764705756741, -581.700811359011482 ], [ 1992.179614604337075, -579.315415821485658 ], [ 1987.749594320360757, -576.180324543594679 ], [ 1990.066835699671401, -574.953549695724291 ], [ 1995.451014198658186, -576.725557809314864 ], [ 1996.950405679388496, -578.633874239335455 ], [ 1998.449797160119033, -576.9981744421749 ], [ 1994.701318458292917, -574.885395537509226 ], [ 1990.475760648961568, -572.636308316413533 ], [ 1987.681440162145691, -570.319066937102775 ], [ 1986.522819472490255, -568.206288032437101 ], [ 1988.022210953220792, -565.957200811341409 ], [ 1995.38286004044312, -566.911359026351647 ], [ 1997.291176470463824, -563.367342799170501 ], [ 2000.017342799064636, -564.525963488825937 ], [ 1999.131338742269463, -568.615212981727154 ], [ 2002.675354969450382, -569.092292089232387 ], [ 2003.833975659105818, -568.342596348867119 ], [ 2006.355679513061659, -562.276876267730131 ], [ 2008.604766734157465, -561.799797160225012 ], [ 2021.485902636796482, -563.708113590245603 ], [ 2024.212068965397521, -566.29797160241651 ], [ 2031.163793103329681, -565.957200811341295 ], [ 2027.210851926858368, -572.227383367123366 ], [ 2027.279006085073433, -576.521095334669781 ], [ 2029.596247464384078, -579.042799188625622 ], [ 2026.597464502923231, -579.17910750505564 ], [ 2024.41653144004249, -581.087423935076231 ], [ 2027.00638945221317, -582.995740365096822 ], [ 2027.551622717933469, -588.58438133872869 ], [ 2031.91348884369495, -587.084989857998153 ], [ 2037.229513184466668, -585.994523326557783 ], [ 2039.819371196637348, -585.858215010127765 ], [ 2038.183671399476907, -591.583164300189651 ], [ 2036.275354969456203, -593.218864097350206 ], [ 2039.137829614487146, -595.808722109521 ], [ 2039.137829614487146, -598.943813387411979 ], [ 2039.137829614487146, -601.124746450292719 ], [ 2041.04614604450785, -604.805070993903882 ], [ 2040.63722109521791, -612.165720081126324 ], [ 2039.001521298057469, -613.52880324542673 ], [ 2035.321196754446191, -613.52880324542673 ], [ 2035.184888438016287, -610.257403651105733 ], [ 2033.412880324425714, -608.349087221085028 ], [ 2032.867647058705415, -610.393711967535751 ], [ 2033.549188640855618, -616.118661257597523 ], [ 2033.549188640855618, -618.572210953338299 ], [ 2036.547971602316693, -618.844827586198448 ], [ 2039.274137930917504, -618.026977687618228 ], [ 2042.136612575948448, -620.071602434068836 ], [ 2044.862778904549259, -621.707302231229392 ], [ 2046.907403650999868, -625.251318458410537 ], [ 2048.679411764590441, -627.295943204861146 ], [ 2049.088336713880835, -629.340567951311868 ], [ 2048.543103448160309, -630.294726166322107 ], [ 2047.316328600290262, -633.566125760643217 ], [ 2055.767444218952733, -634.656592292083587 ], [ 2054.540669371082458, -638.609533468554901 ], [ 2049.497261663170775, -641.608316430015861 ], [ 2056.448985801102936, -639.154766734275086 ], [ 2064.763793103335956, -640.654158215005509 ], [ 2064.627484786905825, -643.789249492896602 ], [ 2063.673326571895359, -648.01480730222795 ], [ 2065.717951318345058, -646.038336713992408 ], [ 2066.126876267634998, -641.676470588230927 ], [ 2068.989350912665941, -641.608316430015975 ], [ 2072.465212981632249, -642.835091277886363 ], [ 2074.577991886297696, -642.903245436101315 ], [ 2077.849391480619033, -643.380324543606548 ], [ 2079.825862068854349, -646.71987829614261 ], [ 2082.824645030315423, -649.446044624743536 ], [ 2086.368661257496569, -650.46835699796884 ], [ 2089.094827586097381, -651.013590263689025 ], [ 2095.024239350804237, -651.013590263689025 ], [ 2097.205172413684977, -648.832657200808285 ], [ 2099.795030425856112, -645.493103448272223 ], [ 2102.112271805166529, -641.267545638940874 ], [ 2102.86196754553248, -636.837525354964328 ], [ 2109.677383367034508, -635.338133874233904 ], [ 2115.129716024236131, -635.201825557803886 ], [ 2119.696044624642582, -635.542596348878988 ], [ 2125.216531440059498, -637.246450304254495 ], [ 2128.079006085090441, -638.405070993909817 ], [ 2131.623022312271587, -640.654158215005623 ], [ 2132.849797160141861, -643.4484787018215 ], [ 2137.416125760548312, -644.334482758616787 ], [ 2140.619371196654356, -644.266328600401721 ], [ 2145.799087220995716, -642.903245436101315 ], [ 2153.023427991788139, -641.131237322510742 ], [ 2156.226673427894184, -639.631845841780319 ], [ 2159.906997971505461, -631.453346855977543 ], [ 2164.541480730127205, -628.38640973630163 ], [ 2167.267647058728016, -624.6379310344754 ], [ 2171.356896551629234, -625.319472616625603 ], [ 2173.060750507004741, -626.818864097356141 ], [ 2177.013691683475827, -625.046855983765568 ], [ 2180.966632859947367, -623.138539553744863 ], [ 2185.396653143923686, -619.798985801208801 ], [ 2188.259127788954629, -617.618052738328174 ], [ 2193.302535496866312, -621.16206896550932 ], [ 2192.893610547575918, -627.466328600398924 ], [ 2188.327281947169467, -631.828194726160405 ], [ 2187.373123732159456, -633.463894523320846 ], [ 2190.780831642910471, -635.167748478696467 ], [ 2190.508215010050208, -641.301622718048407 ], [ 2187.645740365019265, -644.095943204864284 ], [ 2190.848985801125309, -648.185192697765729 ], [ 2167.915111561770573, -650.025354969571026 ], [ 2165.188945233169761, -651.286206896548833 ], [ 2163.655476673332032, -652.887829614601856 ], [ 2156.56744421896974, -656.295537525353097 ], [ 2149.717951318360065, -658.510547667341257 ], [ 2146.412474644931535, -659.396551724136543 ], [ 2142.561764705782934, -659.36247464502901 ], [ 2141.471298174342337, -662.46348884381257 ], [ 2140.857910750407427, -664.031034482758059 ], [ 2137.825050709838706, -663.928803245435461 ], [ 2135.984888438033067, -665.087423935090897 ], [ 2132.883874239249963, -666.927586206896535 ], [ 2130.805172413691707, -667.983975659229259 ], [ 2133.531338742292519, -672.754766734280793 ], [ 2136.700507099290917, -675.651318458419269 ], [ 2145.799087220996626, -676.435091277891956 ], [ 2148.866024340672539, -673.436308316430996 ], [ 2153.670892494831605, -670.744219066937603 ], [ 2155.033975659132011, -669.551521298174748 ], [ 2155.545131845744436, -667.677281947261577 ], [ 2156.260750507002285, -666.348275862068704 ], [ 2162.939858012074637, -666.416430020283656 ], [ 2161.23600405669913, -663.588032454360246 ], [ 2158.305375253452894, -661.918255578092385 ], [ 2159.532150101323168, -659.737322515211645 ], [ 2164.575557809234851, -653.910141987827274 ], [ 2166.552028397470622, -652.001825557806569 ], [ 2168.289959431953775, -650.025354969570913 ], [ 2191.700912778813745, -648.287423935087872 ], [ 2194.495233265629849, -650.809127789043714 ], [ 2193.677383367049515, -655.102839756590129 ], [ 2193.472920892404545, -658.442393509126191 ], [ 2193.336612575974414, -659.873630831641663 ], [ 2196.88062880315556, -666.689046653143919 ], [ 2196.06277890457568, -670.233062880325065 ], [ 2191.973529411674008, -673.231845841786026 ], [ 2191.7009127788142, -676.775862068967172 ], [ 2191.7009127788142, -680.047261663288168 ], [ 2191.155679513093673, -681.955578093308759 ], [ 2187.611663285912527, -684.136511156189499 ], [ 2186.521196754472385, -687.953144016230681 ], [ 2186.521196754472385, -691.224543610551791 ], [ 2184.067647058731382, -696.676876267753528 ], [ 2183.52241379301131, -698.585192697774119 ], [ 2182.977180527291239, -700.220892494934674 ], [ 2181.068864097270762, -705.127991886416225 ], [ 2180.251014198690427, -707.581541582157115 ], [ 2179.16054766724983, -709.217241379317556 ], [ 2179.705780932970356, -713.306490872218887 ], [ 2179.433164300110093, -714.942190669379443 ], [ 2176.016937119582963, -717.11460446248293 ], [ 2175.727281947169104, -720.53935091278754 ], [ 2163.902535496863038, -732.330020283986414 ], [ 2165.50415821491606, -734.817647058834723 ], [ 2160.051825557714437, -738.940973630843587 ], [ 2160.051825557714437, -739.929208924961358 ], [ 2151.941480730126841, -746.642393509140902 ], [ 2142.604361054668971, -748.209939148086505 ], [ 2142.025050709841253, -748.584787018269139 ], [ 2135.686713995844002, -745.620081135915598 ], [ 2122.873732251419824, -747.426166328613817 ], [ 2115.547160243304916, -739.622515212993676 ], [ 2106.5167342798145, -739.486206896563658 ], [ 2104.506186612471538, -737.441582150113049 ], [ 2102.188945233160666, -737.203042596360433 ], [ 2095.169066937013667, -739.077281947273491 ], [ 2091.07981744411245, -737.271196754575385 ], [ 2076.971906693602705, -740.951521298186549 ], [ 2071.400304259525001, -745.160040567964302 ], [ 2068.878600405569159, -745.824543610560795 ], [ 2058.911054766621419, -753.917849898594795 ], [ 2054.889959431935495, -753.236308316444479 ], [ 2050.902941176356308, -749.624137931048381 ], [ 2041.225050709823108, -747.375050709952689 ], [ 2033.48955375241826, -746.966125760662521 ], [ 2026.094827586088286, -745.057809330641817 ], [ 2022.618965517122206, -740.355172413805349 ], [ 2004.115111561743788, -736.947464503054221 ], [ 1995.902535496833934, -738.889858012182231 ], [ 1990.961359026244736, -737.356389452344274 ], [ 1990.279817444094533, -731.426977687637532 ], [ 1984.282251521172611, -729.99574036512206 ], [ 1978.795841784863342, -731.08620689656243 ], [ 1970.855882352813296, -726.0087221095431 ], [ 1963.597464502913454, -726.690263691693303 ], [ 1959.337829614474003, -723.487018255587373 ], [ 1960.019371196624206, -719.602231237331125 ], [ 1959.542292089119201, -719.329614604471089 ], [ 1959.337829614474003, -718.716227180535839 ], [ 1957.156896551593263, -689.478093306291385 ], [ 1985.509026369042431, -685.729614604465269 ], [ 1989.393813387298678, -687.024543610550609 ], [ 2007.250202839634312, -687.63793103448586 ], [ 2007.590973630709414, -691.931643002032274 ], [ 2035.80679513172845, -687.024543610550722 ], [ 2036.69279918852385, -679.936511156188431 ], [ 2035.057099391363181, -678.914198782963126 ], [ 2031.853853955257364, -681.163286004058818 ], [ 2029.672920892376624, -680.958823529413735 ], [ 2028.855070993796289, -681.435902636918854 ], [ 2028.173529411646086, -683.821298174444678 ], [ 2026.060750506980412, -682.526369168359224 ], [ 2026.265212981625382, -678.84604462474806 ], [ 2023.675354969454702, -678.777890466532995 ], [ 2022.380425963369134, -679.868356997973365 ], [ 2018.359330628682983, -679.595740365113329 ], [ 2014.40638945221167, -678.164503042597858 ], [ 2008.749594320364849, -677.960040567952774 ], [ 2002.683874239227862, -680.754361054768651 ], [ 1998.322008113466381, -678.84604462474806 ], [ 1998.730933062756549, -675.8472616632871 ], [ 1992.665212981619561, -677.346653144017523 ], [ 1990.007200811233815, -675.983569979717117 ], [ 1989.870892494803684, -675.57464503042695 ], [ 1987.417342799062908, -677.210344827587505 ], [ 1985.236409736182168, -685.593306288035251 ], [ 1957.225050709808329, -689.409939148076433 ], [ 1954.503144016095348, -658.063286004055385 ] ] ] } },
{ "type": "Feature", "properties": { "code": "kardousioi", "name": "Kardousioi", "capital": null, "culture": null, "civs": "pers", "provinceType": "land", "terrain": null, "mapTypes": null, "resources": null, "religion": null, "population": "medium" }, "geometry": { "type": "Polygon", "coordinates": [ [ [ 2332.958924949223729, -502.122312373195371 ], [ 2310.059127788976184, -509.755578093277848 ], [ 2317.147160243338476, -533.200608519245407 ], [ 2326.961359026301579, -556.645638945212909 ], [ 2331.32322515206306, -573.547870182538418 ], [ 2352.314705882290127, -591.26795131844392 ], [ 2392.934584178442947, -587.996551724122924 ], [ 2391.298884381282733, -577.637119675439521 ], [ 2384.210851926920441, -579.272819472600077 ], [ 2375.48711967539748, -578.454969574019856 ], [ 2367.853853955315117, -578.454969574019856 ], [ 2361.038438133812633, -574.638336713978561 ], [ 2363.764604462413899, -568.913387423916674 ], [ 2347.407606490808575, -568.913387423916674 ], [ 2342.227890466466761, -564.551521298155308 ], [ 2338.683874239285615, -559.917038539533792 ], [ 2336.502941176404875, -546.286206896529393 ], [ 2341.682657200746689, -542.469574036488211 ], [ 2345.226673427927835, -547.921906693689948 ], [ 2347.407606490808575, -542.196957403628176 ], [ 2346.589756592227786, -529.383975659203884 ], [ 2347.952839756528647, -526.112576064882887 ], [ 2352.723630831580067, -524.885801217012499 ], [ 2356.131338742331081, -525.70365111559272 ], [ 2360.220588235232299, -522.841176470561777 ], [ 2358.17596348878169, -518.751926977660446 ], [ 2350.81531440155959, -516.707302231209837 ], [ 2347.816531440098515, -515.753144016199485 ], [ 2343.590973630767166, -509.07403651112736 ], [ 2344.272515212917369, -506.893103448246677 ], [ 2347.680223123668384, -504.030628803215734 ], [ 2345.771906693647907, -501.031845841754773 ], [ 2340.45588235287596, -501.713387423904976 ], [ 2338.956490872145423, -502.803853955345346 ], [ 2332.958924949223729, -502.122312373195371 ] ] ] } },
{ "type": "Feature", "properties": { "code": "media", "name": "Media", "capital": null, "culture": null, "civs": "pers", "provinceType": "land", "terrain": null, "mapTypes": null, "resources": null, "religion": null, "population": "high" }, "geometry": { "type": "Polygon", "coordinates": [ [ [ 2318.782860040498235, -546.695131845820015 ], [ 2286.068864097287587, -548.876064908700755 ], [ 2298.063995943131431, -581.044827586191104 ], [ 2310.059127788975275, -595.220892494915688 ], [ 2306.242494928933866, -602.30892494927798 ], [ 2316.601926977617495, -617.57545638944282 ], [ 2333.50415821494289, -625.753955375245482 ], [ 2352.0420892494285, -638.294320486809511 ], [ 2380.394219066877668, -647.018052738332358 ], [ 2399.477383367083803, -646.472819472612173 ], [ 2421.831947261610367, -628.173427991878498 ], [ 2424.421805273782411, -615.121906693702158 ], [ 2427.965821500963557, -602.854158214998165 ], [ 2392.968661257549229, -587.178701825543158 ], [ 2392.934584178441582, -587.996551724123492 ], [ 2352.314705882288308, -591.165720081122117 ], [ 2331.663995943136342, -573.650101419861357 ], [ 2327.233975659160023, -556.611561866105717 ], [ 2322.735801216968412, -545.706896551702243 ], [ 2318.782860040498235, -546.695131845820015 ] ] ] } },
{ "type": "Feature", "properties": { "code": "persia", "name": "Persia", "capital": null, "culture": null, "civs": "pers", "provinceType": "land", "terrain": null, "mapTypes": null, "resources": null, "religion": null, "population": "high" }, "geometry": { "type": "Polygon", "coordinates": [ [ [ 2502.867241379271491, -795.900811359047339 ], [ 2506.138640973592373, -763.186815415836804 ], [ 2511.04574036507438, -721.203853955383238 ], [ 2507.297261663247809, -647.120283975654388 ], [ 2469.403549695695347, -640.986409736302562 ], [ 2454.818559837680368, -632.671602434069882 ], [ 2447.866835699748208, -613.861054766723896 ], [ 2427.829513184531606, -603.092697768750327 ], [ 2421.423022312320427, -628.718661257598683 ], [ 2412.426673427937658, -636.215618661251142 ], [ 2399.749999999943611, -646.438742393504413 ], [ 2378.008823529351048, -646.506896551719365 ], [ 2351.019776876202286, -638.328397565916703 ], [ 2331.391379310276079, -650.050912778900397 ], [ 2366.831541582087539, -681.674442190670561 ], [ 2381.007606490812123, -702.665922920897401 ], [ 2387.005172413733817, -718.205070993922391 ], [ 2388.095638945174414, -723.657403651124127 ], [ 2391.094421906635034, -741.922718052750042 ], [ 2393.002738336655966, -747.920283975671964 ], [ 2399.000304259578115, -742.467951318470114 ], [ 2406.088336713940407, -748.465517241392035 ], [ 2410.722819472561696, -760.733265720096028 ], [ 2415.084685598323176, -766.73083164301795 ], [ 2418.901318458364585, -773.546247464520093 ], [ 2421.900101419825205, -776.545030425981054 ], [ 2425.171501014146543, -780.361663286022349 ], [ 2429.26075050704776, -781.99736308318279 ], [ 2433.077383367088714, -781.724746450322755 ], [ 2439.074949290010863, -786.086612576084121 ], [ 2445.890365111512892, -792.356795131866193 ], [ 2450.524847870134636, -795.355578093327154 ], [ 2456.795030425916593, -796.991277890487709 ], [ 2462.247363083118216, -799.99006085194867 ], [ 2468.790162271760437, -802.98884381340963 ], [ 2472.606795131801846, -804.897160243430221 ], [ 2475.605578093262466, -803.806693711989851 ], [ 2490.803955375212354, -804.556389452355234 ], [ 2502.867241379271491, -795.900811359047339 ] ] ] } },
{ "type": "Feature", "properties": { "code": "karmania", "name": "Karmania", "capital": null, "culture": null, "civs": "pers", "provinceType": "land", "terrain": null, "mapTypes": null, "resources": null, "religion": null, "population": "high" }, "geometry": { "type": "Polygon", "coordinates": [ [ [ 2502.901318458380956, -795.943407707930987 ], [ 2510.568661257570056, -796.10527383369174 ], [ 2517.384077079072085, -803.193306288054032 ], [ 2519.292393509092562, -812.46227180529695 ], [ 2522.5637931034139, -814.643204868177691 ], [ 2531.560141987796669, -816.006288032478096 ], [ 2538.10294117643889, -814.097971602457505 ], [ 2543.555273833640513, -817.641987829638651 ], [ 2546.554056795101587, -824.457403651140908 ], [ 2554.187322515183951, -831.27281947264305 ], [ 2572.452636916809752, -831.545436105503086 ], [ 2589.354868154135147, -835.634685598404417 ], [ 2599.16906693709825, -836.452535496984751 ], [ 2604.894016227160137, -835.907302231264566 ], [ 2592.626267748456485, -809.463488843835989 ], [ 2599.714300202818777, -766.935294117662352 ], [ 2607.34756592290114, -731.767748478710928 ], [ 2598.078600405658108, -689.512170385397212 ], [ 2583.357302231213453, -666.06713995942971 ], [ 2535.649391480698341, -637.169776876260585 ], [ 2506.752028397529102, -647.529208924943873 ], [ 2510.841277890430774, -721.953549695747824 ], [ 2502.901318458380956, -795.943407707930987 ] ] ] } },
{ "type": "Feature", "properties": { "code": "eire", "name": "Eire", "capital": null, "culture": null, "civs": "brit", "provinceType": "land", "terrain": null, "mapTypes": null, "resources": null, "religion": null, "population": "medium" }, "geometry": { "type": "Polygon", "coordinates": [ [ [ 1478.680628803029776, -305.199391480666804 ], [ 1481.952028397350887, -308.74340770784795 ], [ 1486.177586206682236, -306.971399594257377 ], [ 1492.584077078894325, -306.698782961397285 ], [ 1498.309026368956211, -304.790466531376637 ], [ 1502.670892494717464, -303.836308316366342 ], [ 1504.851825557598204, -303.427383367076231 ], [ 1509.213691683359684, -301.791683569915676 ], [ 1514.120791074841236, -299.201825557744826 ], [ 1522.980831642794101, -300.428600405615271 ], [ 1529.523630831436094, -299.201825557744826 ], [ 1530.750405679306596, -300.155983772755178 ], [ 1530.869675456182904, -298.145436105412045 ], [ 1532.113488843607001, -296.833468559772882 ], [ 1532.522413792897396, -294.431034482693349 ], [ 1537.599898579916498, -291.568559837662406 ], [ 1537.310243407502412, -287.807302231170922 ], [ 1537.923630831437549, -286.44421906687046 ], [ 1541.944726166123701, -283.513590263624565 ], [ 1542.012880324338767, -279.356186612508225 ], [ 1542.353651115413868, -274.858012170316726 ], [ 1544.466430020079315, -267.497363083094456 ], [ 1544.602738336509447, -263.271805273763107 ], [ 1543.648580121498981, -259.591480730151886 ], [ 1545.556896551519685, -258.501014198711573 ], [ 1551.963387423731774, -254.54807302224026 ], [ 1555.643711967342824, -251.958215010069438 ], [ 1559.869269776674173, -248.414198782888292 ], [ 1559.324036510954102, -240.099391480655612 ], [ 1555.50740365091292, -230.557809330552544 ], [ 1551.690770790871738, -226.468559837651242 ], [ 1545.693204867949817, -222.924543610470096 ], [ 1538.196247464297358, -221.970385395459772 ], [ 1536.69685598356682, -219.244219066858903 ], [ 1533.289148072815806, -221.425152129739615 ], [ 1532.33498985780534, -221.970385395459772 ], [ 1528.245740364904123, -221.697768762599679 ], [ 1522.929716024132404, -222.379310344749911 ], [ 1518.022616632650852, -223.606085192620299 ], [ 1515.977991886200243, -225.241784989780825 ], [ 1512.706592291879133, -229.331034482682156 ], [ 1509.571501013988154, -230.285192697692452 ], [ 1508.889959431837951, -232.738742393433256 ], [ 1510.798275861858428, -236.282758620614402 ], [ 1512.570283975449001, -237.782150101344882 ], [ 1511.070892494718464, -239.281541582075363 ], [ 1507.66318458396745, -240.780933062805843 ], [ 1506.57271805252708, -241.326166328526028 ], [ 1502.074543610335695, -241.189858012095954 ], [ 1492.260344827372592, -236.964300202764605 ], [ 1488.580020283761314, -237.9184584177749 ], [ 1487.216937119461136, -240.780933062805815 ], [ 1488.375557809116572, -243.098174442116573 ], [ 1488.511866125546476, -245.347261663212294 ], [ 1485.85385395516073, -244.120486815341906 ], [ 1483.741075050495056, -244.120486815341906 ], [ 1483.400304259419954, -245.619878296072386 ], [ 1485.240466531225593, -248.141582150028199 ], [ 1486.876166328386034, -249.163894523253532 ], [ 1483.911460446032606, -254.582150101347793 ], [ 1482.412068965302069, -254.3095334684877 ], [ 1481.45791075029183, -255.05922920885294 ], [ 1481.321602433861699, -261.431643001957468 ], [ 1482.923225151914721, -262.726572008042922 ], [ 1485.376774847655497, -263.885192697698301 ], [ 1488.000709938933824, -265.111967545568689 ], [ 1488.954868153944062, -266.577281947191636 ], [ 1488.545943204653895, -269.201217038469963 ], [ 1481.628296145829154, -276.016632859972162 ], [ 1478.936206896335989, -276.664097363014889 ], [ 1471.575557809113661, -281.639350912711507 ], [ 1467.009229208707211, -281.980121703786608 ], [ 1465.237221095116638, -282.797971602366829 ], [ 1463.874137930816232, -285.31967545632267 ], [ 1467.009229208707438, -288.727383367073742 ], [ 1466.25953346834217, -289.954158214944187 ], [ 1465.032758620471895, -291.521703853889676 ], [ 1463.328904665096388, -292.54401622711498 ], [ 1461.829513184365851, -293.770791074985368 ], [ 1461.897667342580917, -295.951724137866108 ], [ 1463.397058823311454, -296.905882352876404 ], [ 1466.804766734062468, -297.451115618596589 ], [ 1467.554462474427737, -297.723732251456681 ], [ 1466.463995942987367, -299.972819472552374 ], [ 1467.077383366922504, -302.767139959368308 ], [ 1468.23600405657794, -303.51683569973352 ], [ 1471.166632859823949, -303.51683569973352 ], [ 1471.848174441974152, -302.221906693648123 ], [ 1473.211257606274557, -302.562677484723224 ], [ 1472.529716024124355, -305.629614604399194 ], [ 1472.938640973414522, -306.856389452269582 ], [ 1474.506186612359897, -307.469776876204776 ], [ 1479.004361054551282, -306.924543610484648 ], [ 1481.048985801002118, -308.423935091215128 ], [ 1482.003144016012357, -308.423935091215128 ], [ 1478.680628803029776, -305.199391480666804 ] ] ] } },
{ "type": "Feature", "properties": { "code": "armenia", "name": "Armenia", "capital": null, "culture": null, "civs": "pers", "provinceType": "land", "terrain": null, "mapTypes": null, "resources": null, "religion": null, "population": "high" }, "geometry": { "type": "Polygon", "coordinates": [ [ [ 2197.417342799096332, -477.173630831609273 ], [ 2238.582454360969678, -480.717647058790419 ], [ 2263.663184584097507, -489.441379310313209 ], [ 2291.197464502966341, -497.347261663255779 ], [ 2307.281845841711856, -508.797160243379437 ], [ 2310.416937119602153, -510.092089249464834 ], [ 2317.096044624674505, -533.264503042572187 ], [ 2322.514300202768936, -545.855983772797572 ], [ 2318.74878296138877, -546.776064908700391 ], [ 2286.188133874161394, -548.956997971581018 ], [ 2261.584482758538797, -556.453955375233591 ], [ 2213.33133874230316, -554.27302231235285 ], [ 2203.517139959340057, -544.186206896529598 ], [ 2207.606389452241274, -539.551724137908082 ], [ 2213.876572008023231, -536.961866125737288 ], [ 2216.602738336624043, -535.871399594296918 ], [ 2218.919979715934915, -535.462474645006864 ], [ 2223.690770790986335, -535.462474645006864 ], [ 2229.688336713908484, -535.871399594296918 ], [ 2233.504969573949893, -533.690466531416291 ], [ 2238.548377281861121, -530.282758620665163 ], [ 2241.138235294032256, -527.42028397563422 ], [ 2245.909026369083676, -523.603651115593038 ], [ 2249.725659229125085, -518.423935091251337 ], [ 2248.635192697684488, -507.11034482755764 ], [ 2244.545943204783271, -501.521703853925828 ], [ 2239.911460446161982, -500.158620689625423 ], [ 2233.368661257519761, -499.340770791045145 ], [ 2229.143103448188413, -497.432454361024554 ], [ 2223.418154158126526, -495.524137931003906 ], [ 2218.783671399505238, -492.66166328597302 ], [ 2214.149188640883494, -489.799188640942077 ], [ 2208.1516227179618, -486.936713995911134 ], [ 2204.062373225060128, -483.665314401590081 ], [ 2201.336206896459316, -481.348073022279323 ], [ 2197.417342799096332, -477.173630831609273 ] ] ] } },
{ "type": "Feature", "properties": { "code": "lidia", "name": "Lidia", "capital": null, "culture": null, "civs": "pers", "provinceType": "land", "terrain": null, "mapTypes": null, "resources": null, "religion": null, "population": "high" }, "geometry": { "type": "Polygon", "coordinates": [ [ [ 2073.956085192583942, -548.139148073001252 ], [ 2074.228701825444205, -556.658417849879015 ], [ 2079.203955375140595, -557.476267748459236 ], [ 2073.206389452218446, -558.49858012168454 ], [ 2067.754056795016822, -559.384584178479827 ], [ 2066.186511156071447, -561.633671399575519 ], [ 2065.777586206781052, -562.928600405660973 ], [ 2066.731744421791518, -564.019066937101343 ], [ 2069.321602433961743, -564.63245436103648 ], [ 2071.093610547552544, -565.450304259616814 ], [ 2059.916328600289035, -565.72292089247685 ], [ 2054.055070993797017, -566.131845841767017 ], [ 2053.646146044506622, -564.223529411746426 ], [ 2050.647363083046002, -564.63245436103648 ], [ 2049.011663285885334, -563.405679513166092 ], [ 2047.921196754444964, -560.815821500995298 ], [ 2045.876572007994355, -561.088438133855334 ], [ 2045.876572007994355, -563.950912778886277 ], [ 2046.830730223004593, -565.859229208906982 ], [ 2048.193813387304999, -566.268154158197035 ], [ 2043.559330628683256, -565.109533468541713 ], [ 2041.037626774727414, -563.541987829596223 ], [ 2037.135801216914842, -566.089249492882345 ], [ 2027.747565922798231, -576.900202839740473 ], [ 2029.519574036389031, -579.081135902621099 ], [ 2026.248174442067921, -579.217444219051231 ], [ 2024.382454360929842, -581.121501014183195 ], [ 2026.997870182433189, -582.829614604447329 ], [ 2042.605172413673245, -583.851926977672747 ], [ 2045.603955375133864, -609.341582150090858 ], [ 2049.14797160231501, -621.064097363074666 ], [ 2057.599087220977708, -631.423529411758068 ], [ 2066.595436105360477, -639.874645030420766 ], [ 2067.958519269660883, -640.6924949290011 ], [ 2078.590567951204321, -643.146044624741876 ], [ 2082.40720081124573, -648.598377281943613 ], [ 2091.948782961349025, -652.687626774844944 ], [ 2097.128498985690385, -651.051926977684388 ], [ 2104.216531440052677, -636.603245436099769 ], [ 2120.028296145937929, -636.058012170379584 ], [ 2129.842494928901033, -638.784178498980395 ], [ 2132.296044624642036, -643.146044624741876 ], [ 2140.201926977584662, -645.599594320482652 ], [ 2156.149999999900047, -639.738336713990861 ], [ 2160.239249492801264, -631.014604462467673 ], [ 2165.827890466433018, -627.061663285996474 ], [ 2167.190973630733424, -625.289655172405787 ], [ 2152.912677484686355, -580.444219066921391 ], [ 2147.596653143913954, -566.063691683552065 ], [ 2135.192596348780626, -538.052332657177885 ], [ 2131.23965517230954, -527.965517241354519 ], [ 2125.787322515107462, -528.10182555778465 ], [ 2121.970689655066508, -531.509533468535665 ], [ 2118.426673427885362, -533.281541582126238 ], [ 2115.291582149994156, -534.23569979713659 ], [ 2111.202332657092938, -537.098174442167533 ], [ 2107.522008113481661, -540.642190669348679 ], [ 2106.704158214901327, -541.868965517219067 ], [ 2105.068458417741112, -542.414198782939252 ], [ 2103.977991886300515, -546.367139959410451 ], [ 2101.797058823419775, -548.956997971581359 ], [ 2097.707809330518558, -549.229614604441394 ], [ 2092.664401622606874, -548.684381338721209 ], [ 2089.801926977575931, -547.866531440140989 ], [ 2088.166227180415717, -547.593914807280953 ], [ 2084.213286003944177, -547.730223123710971 ], [ 2078.624645030312422, -548.139148073001024 ], [ 2073.956085192583942, -548.139148073001252 ] ] ] } },
{ "type": "Feature", "properties": { "code": "kapadocia", "name": "Kapadocia", "capital": null, "culture": null, "civs": "pers", "provinceType": "land", "terrain": null, "mapTypes": null, "resources": null, "religion": null, "population": "high" }, "geometry": { "type": "Polygon", "coordinates": [ [ [ 2130.149188640868942, -526.875050709914262 ], [ 2139.418154158111975, -526.602434077054113 ], [ 2143.643711967443323, -526.602434077054113 ], [ 2148.687119675355007, -524.83042596346354 ], [ 2152.503752535396416, -524.012576064883319 ], [ 2153.73052738326669, -522.649492900582914 ], [ 2155.638843813287167, -522.240567951292746 ], [ 2158.910243407608505, -522.376876267722764 ], [ 2157.956085192598039, -529.055983772794889 ], [ 2162.181643001929388, -531.100608519245611 ], [ 2165.725659229110533, -530.827991886385462 ], [ 2168.042900608421405, -528.510750507074818 ], [ 2170.632758620592085, -527.420283975634447 ], [ 2172.813691683472825, -529.19229208922502 ], [ 2173.63154158205316, -532.736308316406166 ], [ 2177.448174442094114, -534.917241379286793 ], [ 2181.810040567855594, -534.780933062856775 ], [ 2185.490365111466872, -535.735091277867127 ], [ 2187.398681541487349, -537.779716024317736 ], [ 2191.624239350818698, -536.825557809307497 ], [ 2193.396247464409498, -536.552941176447348 ], [ 2195.031947261570167, -536.280324543587312 ], [ 2196.667647058730381, -535.871399594297145 ], [ 2201.847363083072196, -539.279107505048273 ], [ 2204.164604462383068, -539.142799188618255 ], [ 2206.345537525263808, -538.870182555758106 ], [ 2208.390162271714416, -538.870182555758106 ], [ 2204.164604462383068, -543.368356997949604 ], [ 2204.028296145952936, -544.73144016225001 ], [ 2212.206795131755371, -553.182555780912708 ], [ 2213.433569979625645, -554.409330628783096 ], [ 2240.967849898494478, -554.954563894503167 ], [ 2261.277789046571343, -556.181338742373669 ], [ 2249.691582150017439, -591.348884381325206 ], [ 2190.261156186518292, -617.792697768753442 ], [ 2188.489148072927946, -617.929006085183346 ], [ 2188.352839756497815, -617.929006085183346 ], [ 2172.949999999902957, -627.129817444211312 ], [ 2167.020588235196101, -624.812576064900554 ], [ 2147.937423934989056, -566.60892494927225 ], [ 2130.149188640868942, -526.875050709914262 ] ] ] } },
{ "type": "Feature", "properties": { "code": "siria", "name": "Siria", "capital": null, "culture": null, "civs": "pers", "provinceType": "land", "terrain": null, "mapTypes": null, "resources": null, "religion": null, "population": "high" }, "geometry": { "type": "Polygon", "coordinates": [ [ [ 2188.761764705787755, -618.065314401614046 ], [ 2190.533772819378555, -617.724543610538944 ], [ 2216.773123732161821, -606.615415821490274 ], [ 2223.520385395449011, -616.90669371195861 ], [ 2226.178397565834075, -620.178093306279834 ], [ 2229.858722109445353, -622.495334685590592 ], [ 2230.540263691595555, -624.948884381331368 ], [ 2230.540263691595555, -629.038133874232699 ], [ 2231.221805273745758, -631.900608519263642 ], [ 2231.630730223035698, -632.991075050704012 ], [ 2234.220588235206833, -636.944016227175211 ], [ 2235.992596348796724, -651.529006085189849 ], [ 2229.449797160154503, -699.373225152135205 ], [ 2210.128093306195751, -698.453144016232386 ], [ 2201.881440162178478, -701.07707910751094 ], [ 2195.543103448181228, -712.595131845849664 ], [ 2181.026267748381542, -706.12048681542251 ], [ 2186.68306288022859, -690.853955375257556 ], [ 2186.410446247368327, -688.127789046656744 ], [ 2187.773529411668733, -684.515618661260532 ], [ 2191.113083164204909, -682.027991886412224 ], [ 2192.203549695645052, -680.051521298176567 ], [ 2192.06724137921492, -673.167951318459359 ], [ 2195.883874239255874, -670.169168356998398 ], [ 2197.178803245341442, -666.488843813387234 ], [ 2193.157707910655063, -659.741582150100044 ], [ 2194.316328600310499, -650.745233265717161 ], [ 2191.385699797064262, -648.700608519266439 ], [ 2190.840466531344191, -648.291683569976385 ], [ 2187.70537525345344, -644.406896551720138 ], [ 2190.567849898484383, -641.203651115614093 ], [ 2190.567849898484383, -635.342393509122189 ], [ 2187.432758620593177, -633.911156186606718 ], [ 2189.681845841688755, -630.367139959425572 ], [ 2192.612474644934991, -627.777281947254778 ], [ 2193.362170385300033, -621.234482758612558 ], [ 2188.761764705787755, -618.065314401614046 ] ] ] } },
{ "type": "Feature", "properties": { "code": "ionia", "name": "Ionia", "capital": null, "culture": null, "civs": "athe", "provinceType": "land", "terrain": null, "mapTypes": null, "resources": null, "religion": null, "population": "high" }, "geometry": { "type": "Polygon", "coordinates": [ [ [ 2027.577180527260225, -588.605679513170116 ], [ 2026.997870182431143, -583.004259634873051 ], [ 2027.002129817319656, -582.833874239335501 ], [ 2042.809634888317532, -583.851926977672292 ], [ 2045.944726166208511, -609.205273833660613 ], [ 2049.284279918744687, -621.336713995934474 ], [ 2057.871703853837516, -631.491683569972906 ], [ 2065.777586206780143, -639.193103448270335 ], [ 2078.795030425849291, -643.214198782956714 ], [ 2073.070081135787404, -642.464503042591446 ], [ 2066.527281947145639, -641.987423935086326 ], [ 2066.118356997855244, -641.851115618656195 ], [ 2065.913894523210274, -645.66774847869749 ], [ 2063.392190669254433, -646.826369168352812 ], [ 2064.89158214998497, -642.873427991881499 ], [ 2064.550811358909868, -640.488032454355789 ], [ 2056.440466531322272, -639.465720081130485 ], [ 2049.693204868035082, -641.646653144011111 ], [ 2054.532150101301795, -638.307099391475049 ], [ 2055.690770790956776, -634.899391480724034 ], [ 2047.103346855864174, -633.808924949283664 ], [ 2048.534584178379646, -628.3565922920817 ], [ 2048.398275861949969, -626.993509127781294 ], [ 2046.012880324424032, -624.062880324535286 ], [ 2044.922413792983662, -622.086409736299743 ], [ 2043.49117647046819, -620.655172413784271 ], [ 2040.287931034362146, -619.087626774838782 ], [ 2039.538235293996877, -618.542393509118597 ], [ 2036.403144016105898, -619.019472616623716 ], [ 2034.426673427870355, -619.019472616623716 ], [ 2033.540669371074955, -618.883164300193698 ], [ 2033.063590263569949, -617.111156186603125 ], [ 2033.404361054645051, -615.543610547657636 ], [ 2032.995436105354884, -611.931440162261424 ], [ 2032.80801217026351, -610.329817444208629 ], [ 2033.285091277768743, -608.728194726155721 ], [ 2033.387322515091228, -608.387423935080506 ], [ 2035.176369168235624, -610.244624746439854 ], [ 2035.44898580109566, -613.226369168346878 ], [ 2039.333772819351907, -613.158215010131812 ], [ 2040.64574036499107, -612.084787018245606 ], [ 2041.037626774727187, -604.783772819461433 ], [ 2039.12931034470671, -601.137525354957802 ], [ 2039.061156186491189, -595.761866125747929 ], [ 2037.689553752413985, -594.543610547654339 ], [ 2036.27535496945211, -593.197565922907643 ], [ 2038.166632859919218, -591.587423935077823 ], [ 2039.721399594198601, -586.083975659214502 ], [ 2031.781440162148328, -587.140365111547226 ], [ 2027.577180527260225, -588.605679513170116 ] ] ] } },
{ "type": "Feature", "properties": { "code": "bactria", "name": "Bactria", "capital": null, "culture": null, "civs": "pers", "provinceType": "land", "terrain": "desert", "mapTypes": null, "resources": null, "religion": null, "population": "low" }, "geometry": { "type": "Polygon", "coordinates": [ [ [ 2606.182555780932489, -640.973630831643959 ], [ 2684.696146044623674, -621.890466531441234 ], [ 2738.674239350911648, -650.787829614605471 ], [ 2718.500608519268553, -668.780527383368053 ], [ 2700.235294117645935, -726.302636916836491 ], [ 2677.880730223122555, -737.479918864098181 ], [ 2670.247464503041101, -750.565517241380121 ], [ 2598.276673427990772, -769.64868154158296 ], [ 2607.545638945231985, -733.11805273833761 ], [ 2603.729006085191486, -712.944421906694629 ], [ 2598.276673427990772, -693.861257606491904 ], [ 2590.643407707909773, -679.13995943204975 ], [ 2583.555375253548846, -666.599594320487881 ], [ 2606.182555780932489, -640.973630831643959 ] ] ] } },
{ "type": "Feature", "properties": { "code": "sogdia", "name": "Sogdia", "capital": null, "culture": null, "civs": "pers", "provinceType": "land", "terrain": null, "mapTypes": null, "resources": null, "religion": null, "population": "low" }, "geometry": { "type": "Polygon", "coordinates": [ [ [ 2657.707099391479005, -629.523732251522233 ], [ 2559.019878296144725, -585.905070993915842 ], [ 2538.301014198781559, -519.931845841786185 ], [ 2549.205679513183441, -480.675050709940479 ], [ 2601.548073022310746, -450.687221095336099 ], [ 2682.787829614602742, -449.5967545638959 ], [ 2789.653549695738548, -468.679918864098681 ], [ 2820.73184584178307, -554.281541582151249 ], [ 2758.030020283973954, -638.79269776876356 ], [ 2736.220689655170645, -650.787829614605243 ], [ 2685.513995943203099, -622.980933062881263 ], [ 2657.707099391479005, -629.523732251522233 ] ] ] } },
{ "type": "Feature", "properties": { "code": "daoi", "name": "Daoi", "capital": null, "culture": null, "civs": "pers", "provinceType": "land", "terrain": null, "mapTypes": null, "resources": null, "religion": null, "population": "low" }, "geometry": { "type": "Polygon", "coordinates": [ [ [ 2348.968762677482573, -453.686004056796548 ], [ 2347.469371196752491, -455.049087221096784 ], [ 2348.968762677482573, -456.821095334687016 ], [ 2352.512778904663264, -457.230020283977069 ], [ 2352.921703853953204, -457.638945233267123 ], [ 2354.69371196754355, -459.002028397567358 ], [ 2357.69249492900417, -459.683569979717447 ], [ 2359.055578093304121, -462.273427991887786 ], [ 2362.05436105476474, -463.500202839758003 ], [ 2365.598377281944977, -463.909127789048057 ], [ 2368.86977687626586, -465.272210953348235 ], [ 2368.324543610545788, -467.31683569979856 ], [ 2366.825152129815251, -472.905476673429348 ], [ 2367.370385395535322, -478.494117647060193 ], [ 2369.006085192695537, -484.900608519271145 ], [ 2374.185801217036442, -491.579716024342076 ], [ 2375.957809330626787, -494.033265720082454 ], [ 2378.683975659227144, -491.170791075052023 ], [ 2378.138742393507073, -484.355375253551017 ], [ 2377.729817444217133, -481.356592292090568 ], [ 2378.547667342797013, -477.948884381340122 ], [ 2381.273833671397369, -475.495334685599744 ], [ 2384.272616632857989, -474.813793103449655 ], [ 2389.997565922918966, -476.040567951319815 ], [ 2393.814198782959465, -480.402434077080443 ], [ 2395.44989858011968, -485.036916835701163 ], [ 2396.949290060849762, -488.035699797161556 ], [ 2399.266531440160179, -491.034482758622005 ], [ 2401.038539553750525, -493.351724137932365 ], [ 2415.487221095332643, -498.5314401622731 ], [ 2406.763488843811047, -499.349290060853264 ], [ 2405.673022312370904, -502.75699797160371 ], [ 2401.447464503040464, -503.847464503043852 ], [ 2399.402839756590311, -503.165922920893763 ], [ 2393.132657200809263, -500.712373225153442 ], [ 2391.769574036508857, -501.121298174443496 ], [ 2389.179716024338632, -497.440973630832957 ], [ 2387.135091277888478, -495.668965517242668 ], [ 2386.453549695738729, -497.03204868154296 ], [ 2383.591075050708696, -503.029614604463859 ], [ 2383.318458417848433, -508.073022312374576 ], [ 2384.681541582148839, -512.02596348884515 ], [ 2397.767139959430551, -514.615821501015603 ], [ 2416.168762677483301, -516.115212981745799 ], [ 2426.937119675454596, -515.43367139959571 ], [ 2444.929817444217406, -514.752129817445621 ], [ 2471.237322515211417, -507.255172413794696 ], [ 2477.780121703852728, -469.088843813389076 ], [ 2472.32778904665156, -420.017849898581972 ], [ 2471.782555780931489, -385.668154158216907 ], [ 2434.16146044624611, -353.499391480732243 ], [ 2346.515212981743844, -371.219472616634732 ], [ 2353.330628803244963, -394.255578093308145 ], [ 2356.193103448274996, -401.479918864099204 ], [ 2354.284787018254974, -413.066125760650891 ], [ 2351.694929006084294, -416.06490872211134 ], [ 2343.380121703853092, -417.291683569981501 ], [ 2339.563488843812593, -419.881541582151897 ], [ 2338.609330628802581, -423.970791075052489 ], [ 2336.292089249492165, -429.423123732253316 ], [ 2341.47180527383307, -431.604056795133602 ], [ 2335.201622718052022, -430.922515212983512 ], [ 2329.612981744421177, -430.786206896553495 ], [ 2329.204056795131237, -442.781338742395235 ], [ 2335.610547667342416, -446.870588235295827 ], [ 2341.335496957403393, -451.641379310346565 ], [ 2345.015821501013761, -455.730628803247157 ], [ 2348.968762677482573, -453.686004056796548 ] ] ] } },
{ "type": "Feature", "properties": { "code": "massagetae", "name": "Massagetae", "capital": null, "culture": null, "civs": null, "provinceType": null, "terrain": null, "mapTypes": null, "resources": null, "religion": null, "population": "low" }, "geometry": { "type": "Polygon", "coordinates": [ [ [ 2434.774847870182839, -353.976470588237135 ], [ 2469.669776876267861, -299.453144016229203 ], [ 2501.838539553752526, -279.82474645030635 ], [ 2568.356997971602141, -270.555780933064966 ], [ 2673.587018255577732, -282.550912778906707 ], [ 2695.941582150100658, -301.088843813389417 ], [ 2721.022312373224395, -329.986206896553654 ], [ 2766.821906693711298, -365.971602434078932 ], [ 2763.55050709939087, -410.680730223125465 ], [ 2749.919675456388632, -453.208924949291657 ], [ 2744.60365111561805, -460.842190669372656 ], [ 2682.310750507098874, -449.664908722111022 ], [ 2602.161460446247474, -450.755375253551392 ], [ 2550.636916835699594, -481.015821501015807 ], [ 2538.369168356997761, -520.000000000001478 ], [ 2471.032860040568266, -506.096551724139488 ], [ 2477.848275862068931, -467.930223123733867 ], [ 2472.532251521297439, -418.859229208926763 ], [ 2471.169168356997034, -386.145233265722027 ], [ 2434.774847870182839, -353.976470588237135 ] ] ] } },
{ "type": "Feature", "properties": { "code": "kulin", "name": "Kulin", "capital": null, "culture": null, "civs": null, "provinceType": "land", "terrain": "temperate_forest", "mapTypes": null, "resources": null, "religion": null, "population": "medium" }, "geometry": { "type": "Polygon", "coordinates": [ [ [ 3676.339148073020624, -1712.765922920890716 ], [ 3682.47302231237154, -1723.261663286002431 ], [ 3685.47180527383216, -1725.578904665312621 ], [ 3686.153346855982363, -1733.893711967543823 ], [ 3682.609330628801672, -1735.529411764704037 ], [ 3682.064097363081146, -1745.343610547665776 ], [ 3686.153346855981908, -1749.432860040566538 ], [ 3695.422312373223122, -1761.97322515212818 ], [ 3702.237728194724241, -1761.1553752535483 ], [ 3711.234077079105646, -1769.33387423934937 ], [ 3716.141176470586288, -1769.606490872209406 ], [ 3718.867342799186645, -1764.972008113588799 ], [ 3725.682758620687764, -1767.698174442189156 ], [ 3742.857606490870239, -1774.786206896550084 ], [ 3756.488438133872478, -1766.880324543608822 ], [ 3764.39432048681374, -1769.879107505069214 ], [ 3773.390669371195145, -1771.787423935089464 ], [ 3779.38823529411593, -1772.0600405679495 ], [ 3784.295334685596572, -1777.784989858010476 ], [ 3790.292900608517357, -1771.242190669369393 ], [ 3799.834482758618833, -1770.424340770789286 ], [ 3804.196348884379404, -1762.518458417848251 ], [ 3818.099797160241451, -1755.975659229207167 ], [ 3832.821095334683832, -1753.249492900606811 ], [ 3838.818661257604617, -1748.88762677484624 ], [ 3874.940365111559004, -1704.723732251520005 ], [ 3881.483164300200315, -1678.552535496956125 ], [ 3896.613387423931727, -1658.515212981743161 ], [ 3902.883569979712775, -1636.160649087219781 ], [ 3907.518052738333608, -1630.435699797159032 ], [ 3908.335902636913488, -1615.987018255576913 ], [ 3914.060851926974465, -1603.446653144015045 ], [ 3915.696551724134679, -1591.724137931033283 ], [ 3913.515618661254393, -1586.817038539552641 ], [ 3909.426369168353631, -1586.817038539552641 ], [ 3866.216632860037407, -1574.549290060851035 ], [ 3707.008519269773842, -1557.783367139958727 ], [ 3704.554969574032839, -1559.078296146042931 ], [ 3695.149695740362404, -1571.482352941174895 ], [ 3684.10872210953039, -1588.589046653143214 ], [ 3681.51886409735971, -1608.762677484786082 ], [ 3676.202839756589128, -1617.350101419877319 ], [ 3683.972413793100259, -1636.569574036510176 ], [ 3678.247464503038827, -1652.108722109532437 ], [ 3684.108722109529936, -1691.910750507098101 ], [ 3676.339148073020624, -1712.765922920890716 ] ] ] } },
{ "type": "Feature", "properties": { "code": "libya", "name": "Libya", "capital": null, "culture": null, "civs": "cart", "provinceType": "land", "terrain": "desert", "mapTypes": null, "resources": null, "religion": null, "population": "low" }, "geometry": { "type": "Polygon", "coordinates": [ [ [ 1858.59959432049277, -912.295334685600665 ], [ 2039.88965517241968, -942.010547667344781 ], [ 2048.954158215015923, -911.95456389452545 ], [ 2055.360649087226648, -844.073022312375542 ], [ 1951.221095334691199, -836.439756592294316 ], [ 1904.058417849904345, -794.184178498988103 ], [ 1894.789452332663132, -798.818661257608824 ], [ 1871.344421906699608, -786.278296146046955 ], [ 1866.709939148079002, -891.508316430022205 ], [ 1858.59959432049277, -912.295334685600665 ] ] ] } },
{ "type": "Feature", "properties": { "code": "lowlands", "name": "Lowlands", "capital": null, "culture": null, "civs": "gaul", "provinceType": "land", "terrain": null, "mapTypes": null, "resources": null, "religion": null, "population": "medium" }, "geometry": { "type": "Polygon", "coordinates": [ [ [ 1689.284516375547355, -331.835733501936147 ], [ 1700.050425199535084, -336.221844504301544 ], [ 1707.227697748860237, -334.427526366970255 ], [ 1714.40497029818539, -336.421213186227249 ], [ 1718.791081300550786, -341.00669287051835 ], [ 1728.161409351058637, -341.00669287051835 ], [ 1729.955727488389812, -333.829420321193197 ], [ 1737.133000037714964, -332.433839547713262 ], [ 1738.927318175046366, -328.047728545347923 ], [ 1736.734262673863668, -319.076137858691425 ], [ 1743.712166541263059, -315.088764220177438 ], [ 1744.232830579856454, -305.409733162098235 ], [ 1742.687723294932312, -295.192088213406009 ], [ 1741.718479722006123, -293.158209208350513 ], [ 1713.507811229519575, -295.450949050496092 ], [ 1705.931801316343126, -303.824433691375475 ], [ 1705.034642247677311, -311.998549650329153 ], [ 1701.446005973014735, -318.378347471951543 ], [ 1689.284516375547355, -331.835733501936147 ] ] ] } },
{ "type": "Feature", "properties": { "code": "brittany", "name": "Brittany", "capital": null, "culture": null, "civs": "gaul", "provinceType": "land", "terrain": null, "mapTypes": null, "resources": null, "religion": null, "population": "medium" }, "geometry": { "type": "Polygon", "coordinates": [ [ [ 1577.300413987442198, -447.253720264418121 ], [ 1575.913274226705198, -440.714347106657669 ], [ 1570.166552360794412, -436.751090647408887 ], [ 1566.599621547470633, -436.552927824446442 ], [ 1566.401458724508075, -432.787834188160105 ], [ 1562.240039442297075, -426.050298207437208 ], [ 1561.447388150447296, -422.087041748188426 ], [ 1559.663922743785406, -415.943994236352808 ], [ 1552.331898294175062, -411.980737777104025 ], [ 1550.350270064550841, -411.188086485254246 ], [ 1542.423757146053276, -405.045038973418627 ], [ 1534.497244227555711, -403.063410743794236 ], [ 1529.939499299419595, -397.118526054921062 ], [ 1528.354196715720036, -390.579152897160611 ], [ 1532.515615997931263, -379.878360457188933 ], [ 1541.631105854203497, -377.302243758677207 ], [ 1561.447388150447296, -378.293057873489374 ], [ 1566.797784370433192, -384.436105385324993 ], [ 1567.194110016358081, -385.625082323099605 ], [ 1574.327971643005867, -386.417733614949384 ], [ 1580.471019154841542, -385.82324514606205 ], [ 1583.641624322240432, -385.82324514606205 ], [ 1585.425089728902321, -388.59752466753622 ], [ 1586.812229489639549, -384.634268208287438 ], [ 1587.803043604451659, -379.085709165339154 ], [ 1587.208555135564438, -376.311429643864983 ], [ 1585.028764082977432, -371.159196246841589 ], [ 1584.830601260015101, -367.988591079442585 ], [ 1585.821415374827211, -364.817985912043582 ], [ 1590.081916068519831, -362.737276270937969 ], [ 1600.782708508491623, -365.313392969449637 ], [ 1600.386382862566734, -373.834394356834594 ], [ 1611.780745182906912, -375.419696940534095 ], [ 1617.131141402892808, -377.500406581639709 ], [ 1621.887049153991484, -379.08570916533921 ], [ 1622.778781857322429, -379.4820348112641 ], [ 1623.240961736195004, -380.048383458032447 ], [ 1623.739383441009295, -380.447120821883857 ], [ 1624.935595532563411, -382.739860664029379 ], [ 1626.007202197914239, -384.235125778472081 ], [ 1626.929282351819666, -385.830075233877722 ], [ 1602.2075657930327, -404.570731334893651 ], [ 1598.494324092167062, -430.862476263845906 ], [ 1594.689201702396304, -462.16547269234178 ], [ 1577.300413987442198, -447.253720264418121 ] ] ] } },
{ "type": "Feature", "properties": { "code": "celtica", "name": "Celtica", "capital": null, "culture": null, "civs": "gaul", "provinceType": "land", "terrain": null, "mapTypes": null, "resources": null, "religion": null, "population": "medium" }, "geometry": { "type": "Polygon", "coordinates": [ [ [ 1622.867145457584684, -378.378670746905129 ], [ 1619.876615228699166, -374.590665790316848 ], [ 1624.661463594915858, -367.812130604842991 ], [ 1631.439998780389715, -366.615918513288761 ], [ 1640.411589467046269, -367.214024559065876 ], [ 1641.009695512823328, -365.419706421734531 ], [ 1649.18381147177729, -361.831070147071898 ], [ 1648.984442789851528, -361.23296410129484 ], [ 1648.984442789851528, -357.644327826632207 ], [ 1650.978129609108464, -356.049378371226567 ], [ 1651.775604336811284, -350.46705527730694 ], [ 1654.168028519919744, -347.077787684570012 ], [ 1663.538356570427595, -345.283469547238724 ], [ 1668.522573618570277, -345.084100865313019 ], [ 1699.624087998979576, -373.195085016836799 ], [ 1699.823456680905338, -402.701649941840628 ], [ 1700.820300090533465, -413.268190083902766 ], [ 1694.639870950836894, -426.825260454850479 ], [ 1616.287978954036134, -442.575386326980947 ], [ 1606.917650903528283, -446.961497329346344 ], [ 1601.933433855385601, -451.347608331711797 ], [ 1599.939747036128665, -450.749502285934682 ], [ 1599.939747036128665, -454.736875924448725 ], [ 1594.756161306060449, -458.325512199111358 ], [ 1601.933433855385601, -404.595652420134627 ], [ 1626.455781732247033, -385.755311978156044 ], [ 1622.867145457584684, -378.378670746905129 ] ] ] } },
{ "type": "Feature", "properties": { "code": "belgica", "name": "Belgica", "capital": null, "culture": null, "civs": "gaul", "provinceType": "land", "terrain": null, "mapTypes": null, "resources": null, "religion": null, "population": "medium" }, "geometry": { "type": "Polygon", "coordinates": [ [ [ 1668.821626641459034, -344.884732183387086 ], [ 1674.304265394416007, -341.794517613538687 ], [ 1677.892901669078583, -340.897358544873043 ], [ 1680.484694534112577, -338.903671725615993 ], [ 1680.783747557001334, -336.710616224433295 ], [ 1684.073330808775381, -335.71377281480477 ], [ 1685.96733328706955, -333.022295608807838 ], [ 1689.256916538843598, -331.527030494365079 ], [ 1700.122509703794321, -336.411563201544766 ], [ 1707.249940082637977, -334.218507700361954 ], [ 1714.626581313888892, -336.511247542507533 ], [ 1718.863165804810251, -340.797674203910105 ], [ 1728.233493855318102, -340.897358544872986 ], [ 1737.853032758233439, -345.233627376757056 ], [ 1737.653664076307678, -357.993223020002006 ], [ 1731.871972300462403, -377.930091212572052 ], [ 1699.773614510424522, -389.892212128114124 ], [ 1699.972983192350284, -373.344611528280893 ], [ 1668.821626641459034, -344.884732183387086 ] ] ] } },
{ "type": "Feature", "properties": { "code": "germania", "name": "Germania", "capital": null, "culture": null, "civs": "germ", "provinceType": "land", "terrain": null, "mapTypes": null, "resources": null, "religion": null, "population": "medium" }, "geometry": { "type": "Polygon", "coordinates": [ [ [ 1743.933777556967925, -310.393950210240689 ], [ 1745.728095694299327, -309.795844164463631 ], [ 1746.824623444890676, -303.814783706692538 ], [ 1745.329358330447803, -302.817940297064069 ], [ 1743.734408875042163, -301.222990841658429 ], [ 1744.930620966596507, -299.129619681438555 ], [ 1747.622098172593496, -296.537826816404447 ], [ 1748.91799460511038, -296.039405111590213 ], [ 1755.895898472509998, -295.840036429664508 ], [ 1759.085797383321278, -296.936564180255857 ], [ 1760.082640792949633, -299.628041386252846 ], [ 1763.571592726649442, -298.830566658550026 ], [ 1764.96717350012932, -296.338458134478742 ], [ 1764.96717350012932, -295.142246042924569 ], [ 1769.851706207309007, -294.843193020035983 ], [ 1774.138132868711637, -295.241930383887393 ], [ 1777.527400461448224, -299.428672704327141 ], [ 1779.122349916853864, -302.219834251286954 ], [ 1780.019508985519451, -305.409733162098178 ], [ 1780.717299372259276, -306.904998276540937 ], [ 1783.010039214404969, -308.300579050020872 ], [ 1787.994256262547424, -308.599632072909401 ], [ 1789.688890058916058, -312.188268347572034 ], [ 1793.97531672031846, -313.783217802977674 ], [ 1797.065531290166973, -315.278482917420433 ], [ 1800.853536246755311, -317.670907100528837 ], [ 1800.753851905792544, -320.960490352302884 ], [ 1807.233334068377872, -321.359227716154294 ], [ 1807.532387091266401, -323.651967558299873 ], [ 1811.420076388817506, -326.941550810073977 ], [ 1816.005556073108664, -330.231134061847911 ], [ 1819.992929711622537, -369.30739571928541 ], [ 1794.473738425132751, -360.335805032628855 ], [ 1785.302779056550662, -368.50992099158259 ], [ 1775.134976278339764, -376.085930904759266 ], [ 1758.786744360432294, -375.687193540907856 ], [ 1731.77228795950009, -377.880249042090554 ], [ 1737.952717099196889, -357.74401216759469 ], [ 1737.553979735345365, -345.682206911089793 ], [ 1728.034125173393249, -340.697989862947225 ], [ 1729.928127651687419, -333.919454677473368 ], [ 1737.304768882938333, -332.12513654014208 ], [ 1738.999402679306513, -327.739025537776627 ], [ 1736.606978496198053, -318.916961362564336 ], [ 1743.684566704560439, -314.680376871643148 ], [ 1743.933777556967925, -310.393950210240689 ] ] ] } },
{ "type": "Feature", "properties": { "code": "suebia", "name": "Suebia", "capital": null, "culture": null, "civs": "germ", "provinceType": "land", "terrain": null, "mapTypes": null, "resources": null, "religion": null, "population": "medium" }, "geometry": { "type": "Polygon", "coordinates": [ [ [ 1779.371560769261123, -301.72141254647255 ], [ 1796.816320437759941, -294.94287736099875 ], [ 1804.392330350936618, -294.743508679073045 ], [ 1805.189805078639438, -296.537826816404333 ], [ 1807.582229261747898, -294.643824338110164 ], [ 1807.781597943673432, -292.749821859815995 ], [ 1814.659817470110283, -292.351084495964585 ], [ 1819.743718859215505, -289.260869926116243 ], [ 1818.647191108624156, -287.765604811673484 ], [ 1820.939930950769849, -286.46970837915643 ], [ 1822.036458701361198, -288.862132562264833 ], [ 1830.110890319351938, -289.858975971893358 ], [ 1830.110890319351938, -291.952347132113232 ], [ 1832.503314502460398, -293.646980928481696 ], [ 1833.699526594014742, -294.444455656184516 ], [ 1836.989109845788789, -294.643824338110221 ], [ 1840.378377438525604, -294.54413999714734 ], [ 1840.378377438525604, -296.836879839292919 ], [ 1838.484374960231435, -297.036248521218624 ], [ 1839.680587051785778, -300.923937818769787 ], [ 1843.169538985485588, -302.817940297063956 ], [ 1846.35943789629664, -301.123306500695492 ], [ 1846.658490919185169, -297.036248521218624 ], [ 1848.353124715553804, -295.441299065812984 ], [ 1862.209248109389819, -292.450768836927466 ], [ 1868.190308567160855, -290.556766358633297 ], [ 1870.68241709123231, -287.366867447822074 ], [ 1877.95937398152023, -285.37318062856508 ], [ 1878.856533050186044, -283.080440786419501 ], [ 1881.847063279071563, -281.983913035828152 ], [ 1887.927808077805366, -281.385806990051037 ], [ 1893.111393807873583, -279.990226216571102 ], [ 1896.40097705964763, -280.289279239459688 ], [ 1897.397820469276212, -287.964973493599189 ], [ 1897.796557833127508, -291.653294109224646 ], [ 1900.38835069816173, -293.048874882704581 ], [ 1901.684247130678841, -294.14540263329593 ], [ 1902.182668835493132, -297.434985885069977 ], [ 1899.49119162949637, -301.621728205509669 ], [ 1899.391507288533603, -309.098053777723464 ], [ 1896.500661400610852, -312.786374393348922 ], [ 1893.609815512688101, -316.075957645123026 ], [ 1889.323388851285472, -320.063331283637012 ], [ 1884.638224826031546, -323.552283217336822 ], [ 1880.451482505591912, -324.54912662696529 ], [ 1880.551166846554679, -327.838709878739394 ], [ 1883.541697075440425, -331.626714835327789 ], [ 1879.354954755000563, -336.012825837693242 ], [ 1880.750535528480668, -340.398936840058695 ], [ 1881.049588551369197, -342.691676682204218 ], [ 1875.965687162263748, -350.965476982120833 ], [ 1872.97515693337823, -355.850009689300521 ], [ 1874.470422047820875, -359.638014645888859 ], [ 1874.171369024932346, -361.930754488034381 ], [ 1864.801040974424495, -361.731385806108733 ], [ 1857.125346720284824, -358.740855577223158 ], [ 1853.935447809473771, -359.239277282037449 ], [ 1849.549336807108148, -357.544643485668985 ], [ 1846.758175260148391, -354.255060233894881 ], [ 1844.266066736077164, -351.663267368860772 ], [ 1841.574589530080175, -348.872105821900959 ], [ 1840.079324415637529, -345.582522570126912 ], [ 1835.294476049420609, -341.096727226798635 ], [ 1829.512784273575335, -338.903671725615879 ], [ 1824.428882884469886, -337.607775293098825 ], [ 1821.3386683146216, -334.118823359399073 ], [ 1820.441509245955785, -334.019139018436192 ], [ 1816.155082584553156, -330.330818402810735 ], [ 1807.557308176506922, -323.527362132096073 ], [ 1807.258255153618393, -321.409069886635507 ], [ 1800.629246479588801, -320.835884926099141 ], [ 1800.853536246755311, -317.72074927101005 ], [ 1794.274369743206989, -313.95766539966246 ], [ 1789.639047888434561, -312.163347262331115 ], [ 1788.093940603510418, -308.624553158149922 ], [ 1783.084802470127443, -308.450105561464966 ], [ 1780.816983713222498, -306.979761532262955 ], [ 1779.770298133112647, -305.060837968728038 ], [ 1778.922981234928329, -301.945702313639003 ], [ 1779.371560769261123, -301.72141254647255 ] ] ] } },
{ "type": "Feature", "properties": { "code": "helvecia", "name": "Helvecia", "capital": null, "culture": null, "civs": "gaul", "provinceType": "land", "terrain": null, "mapTypes": null, "resources": null, "religion": null, "population": "medium" }, "geometry": { "type": "Polygon", "coordinates": [ [ [ 1679.687219806412031, -499.171170908639169 ], [ 1690.602655141844252, -498.323854010454852 ], [ 1706.502307525418928, -496.180640679753537 ], [ 1708.994416049490155, -495.333323781569334 ], [ 1708.047414810343071, -492.84121525749805 ], [ 1710.340154652488536, -481.62672689917747 ], [ 1720.981458050272522, -471.060186757115275 ], [ 1720.308588748773445, -466.848523351434835 ], [ 1756.419241262566629, -451.297766161230072 ], [ 1769.378205587737284, -452.892715616635655 ], [ 1772.767473180474099, -462.063674985217915 ], [ 1790.91002323571297, -464.256730486400613 ], [ 1790.311917189935912, -449.902185387750137 ], [ 1790.11254850801015, -437.940064472208064 ], [ 1782.935275958684997, -432.357741378288381 ], [ 1760.406614901080729, -429.167842467477158 ], [ 1740.469746708510456, -428.5697364217001 ], [ 1734.089948886888124, -433.354584787916906 ], [ 1717.741716968980654, -436.345115016802424 ], [ 1703.985277916107179, -441.329332064944992 ], [ 1688.434520725902757, -455.88324584552123 ], [ 1679.263561357320441, -465.4529425779549 ], [ 1675.475556400732103, -478.013169539274088 ], [ 1679.687219806412031, -499.171170908639169 ] ] ] } },
{ "type": "Feature", "properties": { "code": "central_gaul", "name": "Galia", "capital": null, "culture": null, "civs": "gaul", "provinceType": "land", "terrain": null, "mapTypes": null, "resources": null, "religion": null, "population": "high" }, "geometry": { "type": "Polygon", "coordinates": [ [ [ 1595.777925800932735, -457.528037471408481 ], [ 1600.114194632816861, -454.487665072041523 ], [ 1599.864983780409602, -450.55013360400892 ], [ 1602.207565793036565, -451.198081820267419 ], [ 1607.540678034549501, -446.562759965494877 ], [ 1616.462426550724558, -442.425859815536569 ], [ 1694.664792036081053, -426.725576113887598 ], [ 1704.334173109477661, -441.478858576389655 ], [ 1679.313403527802166, -465.552626918918008 ], [ 1675.525398571213373, -478.112853880237139 ], [ 1679.712140891653462, -498.897038970991673 ], [ 1668.049072998999918, -504.13046687154133 ], [ 1665.208069281558664, -512.454109341939329 ], [ 1655.38916169671802, -505.376521133577 ], [ 1647.813151783541343, -504.230151212504211 ], [ 1640.386668381808931, -500.192935403508727 ], [ 1633.558291025853805, -489.078131386150915 ], [ 1626.356097391287904, -483.421045036509213 ], [ 1617.633717557038381, -486.511259606357555 ], [ 1608.836574467066839, -477.564590004941692 ], [ 1599.914825950891554, -476.891720703442445 ], [ 1594.731240220823338, -465.477863663196047 ], [ 1594.531871538897576, -462.038753899977678 ], [ 1595.080135414193364, -458.026459176222943 ], [ 1595.777925800932735, -457.528037471408481 ] ] ] } },
{ "type": "Feature", "properties": { "code": "silesia", "name": "Silesia", "capital": null, "culture": null, "civs": "germ", "provinceType": "land", "terrain": null, "mapTypes": null, "resources": null, "religion": null, "population": "medium" }, "geometry": { "type": "Polygon", "coordinates": [ [ [ 1815.80618739118654, -329.782554527515344 ], [ 1820.042771882107672, -370.354081299395546 ], [ 1811.669287241227721, -380.123146713754863 ], [ 1812.068024605079245, -391.885898947371231 ], [ 1831.406786751872232, -405.243600636393239 ], [ 1832.802367525352111, -421.591832554300709 ], [ 1840.976483484305845, -425.579206192814752 ], [ 1842.970170303563009, -422.987413327780644 ], [ 1848.153756033631225, -424.981100147037637 ], [ 1855.331028582956378, -421.79120123622647 ], [ 1860.31524563109906, -419.79751441696942 ], [ 1867.891255544275509, -421.990569918152119 ], [ 1872.476735228566668, -419.199408371192305 ], [ 1876.663477549006529, -419.79751441696942 ], [ 1880.052745141743344, -418.202564961563837 ], [ 1883.442012734480386, -418.401933643489542 ], [ 1891.416760011508359, -421.79120123622647 ], [ 1898.793401242759273, -418.800671007340952 ], [ 1900.587719380090675, -413.018979231495564 ], [ 1900.587719380090675, -409.031605592981578 ], [ 1906.568779837861712, -393.281479720851166 ], [ 1900.587719380090675, -387.300419263080073 ], [ 1894.008552876542581, -386.90168189922872 ], [ 1894.008552876542581, -379.923778031829158 ], [ 1893.410446830765295, -375.338298347538 ], [ 1891.616128693434121, -371.550293390949662 ], [ 1887.828123736845782, -368.360394480138439 ], [ 1883.242644052554624, -364.771758205475862 ], [ 1882.943591029666095, -362.877755727181636 ], [ 1877.261583594783588, -362.678387045255931 ], [ 1876.264740185155233, -362.977440068144517 ], [ 1872.775788251455424, -362.179965340441697 ], [ 1864.850883144908721, -361.681543635627406 ], [ 1857.225031061250775, -358.740855577223329 ], [ 1853.935447809476727, -359.289119452519003 ], [ 1849.698863318555368, -357.694169997113363 ], [ 1841.773958212008665, -348.996711248104646 ], [ 1840.116706043501154, -345.55760148488622 ], [ 1834.708830546265972, -340.423857925299615 ], [ 1824.04260606324101, -336.286957775341364 ], [ 1815.80618739118654, -329.782554527515344 ] ] ] } },
{ "type": "Feature", "properties": { "code": "english_channel", "name": "English Channel", "capital": null, "culture": null, "civs": null, "provinceType": "sea", "terrain": null, "mapTypes": null, "resources": null, "religion": null, "population": null }, "geometry": { "type": "Polygon", "coordinates": [ [ [ 1656.473228904690586, -296.961485265496776 ], [ 1714.090777981218253, -295.765273173942546 ], [ 1706.11603070419028, -305.534338588301921 ], [ 1705.119187294561698, -312.711611137627187 ], [ 1690.365904832059869, -332.847848012123052 ], [ 1686.378531193545768, -334.442797467528635 ], [ 1682.59052623695743, -337.433327696414153 ], [ 1680.198102053849198, -338.629539787968383 ], [ 1671.425880049118177, -345.607443655367888 ], [ 1654.878279449284946, -348.398605202327758 ], [ 1649.096587673439672, -361.158200845572651 ], [ 1640.124996986783117, -368.534842076823622 ], [ 1625.770451888132584, -368.734210758749327 ], [ 1621.184972203841426, -374.515902534594659 ], [ 1624.175502432726944, -379.10138221888576 ], [ 1623.178659023098589, -380.496962992365695 ], [ 1600.849366647419856, -374.515902534594659 ], [ 1599.852523237791502, -366.142417893715219 ], [ 1590.232984334875709, -363.201729835311028 ], [ 1586.04624201443653, -365.095732313605367 ], [ 1585.348451627696477, -368.086262542490886 ], [ 1585.24876728673371, -370.777739748487818 ], [ 1587.441822787916408, -376.559431524333149 ], [ 1588.239297515619228, -379.450277412255844 ], [ 1585.348451627696477, -388.820605462763808 ], [ 1583.454449149402308, -386.2288125977297 ], [ 1566.906848549569077, -385.730390892915466 ], [ 1561.125156773723575, -378.453434002627375 ], [ 1541.287972922116296, -377.755643615887436 ], [ 1532.565593087867228, -380.148067798995783 ], [ 1529.026798983685921, -391.262871816353595 ], [ 1530.223011075240038, -398.041407001827622 ], [ 1530.821117121017323, -298.15769735705112 ], [ 1532.117013553534207, -296.861800924534066 ], [ 1532.515750917385503, -294.369692400462782 ], [ 1535.905018510122545, -292.774742945057199 ], [ 1537.599652306490952, -291.578530853502969 ], [ 1537.300599283602423, -287.989894578840335 ], [ 1572.588855984451584, -290.880740466763029 ], [ 1571.891065597711531, -293.273164649871433 ], [ 1571.292959551934473, -295.366535810091307 ], [ 1571.39264389289724, -296.861800924534066 ], [ 1570.894222188082949, -299.75264681245676 ], [ 1570.296116142305891, -300.649805881122404 ], [ 1567.504954595346135, -302.643492700379397 ], [ 1564.713793048386378, -303.440967428082217 ], [ 1562.122000183352156, -303.939389132896451 ], [ 1556.838730112321173, -306.132444634079206 ], [ 1554.246937247286951, -305.933075952153501 ], [ 1551.854513064178491, -307.627709748521966 ], [ 1550.658300972624374, -309.621396567778959 ], [ 1550.658300972624374, -311.914136409924538 ], [ 1552.15356608706702, -315.104035320735761 ], [ 1555.443149338841295, -316.898353458067049 ], [ 1558.433679567726813, -317.895196867695574 ], [ 1561.822947160463627, -316.001194389401405 ], [ 1563.118843592980511, -319.988568027915449 ], [ 1568.800851027862791, -320.586674073692564 ], [ 1572.688540325414124, -322.979098256800967 ], [ 1579.267706828962218, -325.37152243990937 ], [ 1583.853186513253377, -323.876257325466611 ], [ 1585.946557673473308, -322.380992211023852 ], [ 1589.535193948135884, -322.879413915838086 ], [ 1584.650661240956197, -325.869944144723604 ], [ 1581.560446671107684, -329.159527396497708 ], [ 1575.579386213336647, -329.059843055534827 ], [ 1569.698010096528606, -327.066156236277834 ], [ 1564.813477389348918, -326.866787554352129 ], [ 1556.739045771358178, -333.445954057900394 ], [ 1549.462088881070031, -340.623226607225604 ], [ 1546.272189970258751, -341.919123039742658 ], [ 1541.587025945004825, -345.208706291516762 ], [ 1534.708806418567974, -347.202393110773755 ], [ 1533.911331690865381, -347.501446133662341 ], [ 1535.605965487233789, -349.295764270993629 ], [ 1536.403440214936609, -350.791029385436389 ], [ 1542.982606718484703, -350.691345044473564 ], [ 1545.474715242555931, -349.893870316770744 ], [ 1548.365561130478682, -347.40176179269946 ], [ 1553.549146860546898, -347.302077451736636 ], [ 1561.224841114686342, -346.305234042108111 ], [ 1564.21537134357186, -347.900183497513694 ], [ 1565.610952117051738, -349.993554657733569 ], [ 1566.109373821866029, -350.791029385436389 ], [ 1566.906848549568849, -351.488819772176328 ], [ 1567.704323277271669, -351.987241476990619 ], [ 1573.785068076005473, -345.208706291516762 ], [ 1573.685383735042706, -343.215019472259769 ], [ 1576.974966986816753, -342.317860403594068 ], [ 1587.641191469841715, -342.915966449371183 ], [ 1588.239297515619, -346.903340087885226 ], [ 1596.61278215649827, -346.105865360182406 ], [ 1597.908678589015381, -347.102708769810931 ], [ 1602.593842614269306, -345.308390632479586 ], [ 1607.677744003374755, -348.697658225216514 ], [ 1608.325692219633083, -350.093238998696393 ], [ 1616.051228644254024, -345.856654507775261 ], [ 1624.025975921281997, -348.273999776124356 ], [ 1630.480536998626576, -348.398605202327929 ], [ 1633.670435909437856, -351.214687834528377 ], [ 1646.828768916534045, -346.42983946831157 ], [ 1650.168194338789817, -343.389467068944612 ], [ 1657.096256035707938, -340.797674203910503 ], [ 1657.794046422447764, -337.308722270210751 ], [ 1656.747360842337685, -335.315035450953701 ], [ 1646.529715893645289, -334.268349870843736 ], [ 1641.246445822614305, -333.121979949770946 ], [ 1643.190290471389972, -330.231134061848309 ], [ 1648.024981008088616, -329.932081038959836 ], [ 1659.438838048334901, -323.9510205811888 ], [ 1664.871634630810377, -319.863962601711933 ], [ 1667.912007030177165, -315.029272065013629 ], [ 1668.958692610287244, -308.300579050021156 ], [ 1667.662796177770133, -303.216677660915821 ], [ 1663.226843004922785, -299.12961968143901 ], [ 1658.541678979668859, -297.1857750326634 ], [ 1656.473228904690586, -296.961485265496776 ] ] ] } },
{ "type": "Feature", "properties": { "code": "kulin", "name": "Kulin", "capital": null, "culture": null, "civs": null, "provinceType": "land", "terrain": "temperate_forest", "mapTypes": null, "resources": null, "religion": null, "population": "medium" }, "geometry": { "type": "Polygon", "coordinates": [ [ [ 3676.339148073020624, -1712.765922920890716 ], [ 3682.47302231237154, -1723.261663286002431 ], [ 3685.47180527383216, -1725.578904665312621 ], [ 3686.153346855982363, -1733.893711967543823 ], [ 3682.609330628801672, -1735.529411764704037 ], [ 3682.064097363081146, -1745.343610547665776 ], [ 3686.153346855981908, -1749.432860040566538 ], [ 3695.422312373223122, -1761.97322515212818 ], [ 3702.237728194724241, -1761.1553752535483 ], [ 3711.234077079105646, -1769.33387423934937 ], [ 3716.141176470586288, -1769.606490872209406 ], [ 3718.867342799186645, -1764.972008113588799 ], [ 3725.682758620687764, -1767.698174442189156 ], [ 3742.857606490870239, -1774.786206896550084 ], [ 3756.488438133872478, -1766.880324543608822 ], [ 3764.39432048681374, -1769.879107505069214 ], [ 3773.390669371195145, -1771.787423935089464 ], [ 3779.38823529411593, -1772.0600405679495 ], [ 3784.295334685596572, -1777.784989858010476 ], [ 3790.292900608517357, -1771.242190669369393 ], [ 3799.834482758618833, -1770.424340770789286 ], [ 3804.196348884379404, -1762.518458417848251 ], [ 3818.099797160241451, -1755.975659229207167 ], [ 3832.821095334683832, -1753.249492900606811 ], [ 3838.818661257604617, -1748.88762677484624 ], [ 3874.940365111559004, -1704.723732251520005 ], [ 3881.483164300200315, -1678.552535496956125 ], [ 3896.613387423931727, -1658.515212981743161 ], [ 3902.883569979712775, -1636.160649087219781 ], [ 3907.518052738333608, -1630.435699797159032 ], [ 3908.335902636913488, -1615.987018255576913 ], [ 3914.060851926974465, -1603.446653144015045 ], [ 3915.696551724134679, -1591.724137931033283 ], [ 3913.515618661254393, -1586.817038539552641 ], [ 3909.426369168353631, -1586.817038539552641 ], [ 3866.216632860037407, -1574.549290060851035 ], [ 3707.008519269773842, -1557.783367139958727 ], [ 3704.554969574032839, -1559.078296146042931 ], [ 3695.149695740362404, -1571.482352941174895 ], [ 3684.10872210953039, -1588.589046653143214 ], [ 3681.51886409735971, -1608.762677484786082 ], [ 3676.202839756589128, -1617.350101419877319 ], [ 3683.972413793100259, -1636.569574036510176 ], [ 3678.247464503038827, -1652.108722109532437 ], [ 3684.108722109529936, -1691.910750507098101 ], [ 3676.339148073020624, -1712.765922920890716 ] ] ] } },
{ "type": "Feature", "properties": { "code": "libya", "name": "Libya", "capital": null, "culture": null, "civs": "cart", "provinceType": "land", "terrain": "desert", "mapTypes": null, "resources": null, "religion": null, "population": "low" }, "geometry": { "type": "Polygon", "coordinates": [ [ [ 1858.59959432049277, -912.295334685600665 ], [ 2039.88965517241968, -942.010547667344781 ], [ 2048.954158215015923, -911.95456389452545 ], [ 2055.360649087226648, -844.073022312375542 ], [ 1951.221095334691199, -836.439756592294316 ], [ 1904.058417849904345, -794.184178498988103 ], [ 1894.789452332663132, -798.818661257608824 ], [ 1871.344421906699608, -786.278296146046955 ], [ 1866.709939148079002, -891.508316430022205 ], [ 1858.59959432049277, -912.295334685600665 ] ] ] } },
{ "type": "Feature", "properties": { "code": "brittany", "name": "Brittany", "capital": null, "culture": null, "civs": "gaul", "provinceType": "land", "terrain": null, "mapTypes": null, "resources": null, "religion": null, "population": "medium" }, "geometry": { "type": "Polygon", "coordinates": [ [ [ 1577.300413987442198, -447.253720264418121 ], [ 1575.913274226705198, -440.714347106657669 ], [ 1570.166552360794412, -436.751090647408887 ], [ 1566.599621547470633, -436.552927824446442 ], [ 1566.401458724508075, -432.787834188160105 ], [ 1562.240039442297075, -426.050298207437208 ], [ 1561.447388150447296, -422.087041748188426 ], [ 1559.663922743785406, -415.943994236352808 ], [ 1552.331898294175062, -411.980737777104025 ], [ 1550.350270064550841, -411.188086485254246 ], [ 1542.423757146053276, -405.045038973418627 ], [ 1534.497244227555711, -403.063410743794236 ], [ 1529.939499299419595, -397.118526054921062 ], [ 1528.354196715720036, -390.579152897160611 ], [ 1532.515615997931263, -379.878360457188933 ], [ 1541.631105854203497, -377.302243758677207 ], [ 1561.447388150447296, -378.293057873489374 ], [ 1566.797784370433192, -384.436105385324993 ], [ 1567.194110016358081, -385.625082323099605 ], [ 1574.327971643005867, -386.417733614949384 ], [ 1580.471019154841542, -385.82324514606205 ], [ 1583.641624322240432, -385.82324514606205 ], [ 1585.425089728902321, -388.59752466753622 ], [ 1586.812229489639549, -384.634268208287438 ], [ 1587.803043604451659, -379.085709165339154 ], [ 1587.208555135564438, -376.311429643864983 ], [ 1585.028764082977432, -371.159196246841589 ], [ 1584.830601260015101, -367.988591079442585 ], [ 1585.821415374827211, -364.817985912043582 ], [ 1590.081916068519831, -362.737276270937969 ], [ 1600.782708508491623, -365.313392969449637 ], [ 1600.386382862566734, -373.834394356834594 ], [ 1611.780745182906912, -375.419696940534095 ], [ 1617.131141402892808, -377.500406581639709 ], [ 1621.887049153991484, -379.08570916533921 ], [ 1622.778781857322429, -379.4820348112641 ], [ 1623.240961736195004, -380.048383458032447 ], [ 1623.739383441009295, -380.447120821883857 ], [ 1624.935595532563411, -382.739860664029379 ], [ 1626.007202197914239, -384.235125778472081 ], [ 1626.929282351819666, -385.830075233877722 ], [ 1602.2075657930327, -404.570731334893651 ], [ 1598.494324092167062, -430.862476263845906 ], [ 1594.689201702396304, -462.16547269234178 ], [ 1577.300413987442198, -447.253720264418121 ] ] ] } },
{ "type": "Feature", "properties": { "code": "celtica", "name": "Celtica", "capital": null, "culture": null, "civs": "gaul", "provinceType": "land", "terrain": null, "mapTypes": null, "resources": null, "religion": null, "population": "medium" }, "geometry": { "type": "Polygon", "coordinates": [ [ [ 1622.867145457584684, -378.378670746905129 ], [ 1619.876615228699166, -374.590665790316848 ], [ 1624.661463594915858, -367.812130604842991 ], [ 1631.439998780389715, -366.615918513288761 ], [ 1640.411589467046269, -367.214024559065876 ], [ 1641.009695512823328, -365.419706421734531 ], [ 1649.18381147177729, -361.831070147071898 ], [ 1648.984442789851528, -361.23296410129484 ], [ 1648.984442789851528, -357.644327826632207 ], [ 1650.978129609108464, -356.049378371226567 ], [ 1651.775604336811284, -350.46705527730694 ], [ 1654.168028519919744, -347.077787684570012 ], [ 1663.538356570427595, -345.283469547238724 ], [ 1668.522573618570277, -345.084100865313019 ], [ 1699.624087998979576, -373.195085016836799 ], [ 1699.823456680905338, -402.701649941840628 ], [ 1700.820300090533465, -413.268190083902766 ], [ 1694.639870950836894, -426.825260454850479 ], [ 1616.287978954036134, -442.575386326980947 ], [ 1606.917650903528283, -446.961497329346344 ], [ 1601.933433855385601, -451.347608331711797 ], [ 1599.939747036128665, -450.749502285934682 ], [ 1599.939747036128665, -454.736875924448725 ], [ 1594.756161306060449, -458.325512199111358 ], [ 1601.933433855385601, -404.595652420134627 ], [ 1626.455781732247033, -385.755311978156044 ], [ 1622.867145457584684, -378.378670746905129 ] ] ] } },
{ "type": "Feature", "properties": { "code": "belgica", "name": "Belgica", "capital": null, "culture": null, "civs": "gaul", "provinceType": "land", "terrain": null, "mapTypes": null, "resources": null, "religion": null, "population": "medium" }, "geometry": { "type": "Polygon", "coordinates": [ [ [ 1668.821626641459034, -344.884732183387086 ], [ 1674.304265394416007, -341.794517613538687 ], [ 1677.892901669078583, -340.897358544873043 ], [ 1680.484694534112577, -338.903671725615993 ], [ 1680.783747557001334, -336.710616224433295 ], [ 1684.073330808775381, -335.71377281480477 ], [ 1685.96733328706955, -333.022295608807838 ], [ 1689.256916538843598, -331.527030494365079 ], [ 1700.122509703794321, -336.411563201544766 ], [ 1707.249940082637977, -334.218507700361954 ], [ 1714.626581313888892, -336.511247542507533 ], [ 1718.863165804810251, -340.797674203910105 ], [ 1728.233493855318102, -340.897358544872986 ], [ 1737.853032758233439, -345.233627376757056 ], [ 1737.653664076307678, -357.993223020002006 ], [ 1731.871972300462403, -377.930091212572052 ], [ 1699.773614510424522, -389.892212128114124 ], [ 1699.972983192350284, -373.344611528280893 ], [ 1668.821626641459034, -344.884732183387086 ] ] ] } },
{ "type": "Feature", "properties": { "code": "germania", "name": "Germania", "capital": null, "culture": null, "civs": "germ", "provinceType": "land", "terrain": null, "mapTypes": null, "resources": null, "religion": null, "population": "medium" }, "geometry": { "type": "Polygon", "coordinates": [ [ [ 1743.933777556967925, -310.393950210240689 ], [ 1745.728095694299327, -309.795844164463631 ], [ 1746.824623444890676, -303.814783706692538 ], [ 1745.329358330447803, -302.817940297064069 ], [ 1743.734408875042163, -301.222990841658429 ], [ 1744.930620966596507, -299.129619681438555 ], [ 1747.622098172593496, -296.537826816404447 ], [ 1748.91799460511038, -296.039405111590213 ], [ 1755.895898472509998, -295.840036429664508 ], [ 1759.085797383321278, -296.936564180255857 ], [ 1760.082640792949633, -299.628041386252846 ], [ 1763.571592726649442, -298.830566658550026 ], [ 1764.96717350012932, -296.338458134478742 ], [ 1764.96717350012932, -295.142246042924569 ], [ 1769.851706207309007, -294.843193020035983 ], [ 1774.138132868711637, -295.241930383887393 ], [ 1777.527400461448224, -299.428672704327141 ], [ 1779.122349916853864, -302.219834251286954 ], [ 1780.019508985519451, -305.409733162098178 ], [ 1780.717299372259276, -306.904998276540937 ], [ 1783.010039214404969, -308.300579050020872 ], [ 1787.994256262547424, -308.599632072909401 ], [ 1789.688890058916058, -312.188268347572034 ], [ 1793.97531672031846, -313.783217802977674 ], [ 1797.065531290166973, -315.278482917420433 ], [ 1800.853536246755311, -317.670907100528837 ], [ 1800.753851905792544, -320.960490352302884 ], [ 1807.233334068377872, -321.359227716154294 ], [ 1807.532387091266401, -323.651967558299873 ], [ 1811.420076388817506, -326.941550810073977 ], [ 1816.005556073108664, -330.231134061847911 ], [ 1819.992929711622537, -369.30739571928541 ], [ 1794.473738425132751, -360.335805032628855 ], [ 1785.302779056550662, -368.50992099158259 ], [ 1775.134976278339764, -376.085930904759266 ], [ 1758.786744360432294, -375.687193540907856 ], [ 1731.77228795950009, -377.880249042090554 ], [ 1737.952717099196889, -357.74401216759469 ], [ 1737.553979735345365, -345.682206911089793 ], [ 1728.034125173393249, -340.697989862947225 ], [ 1729.928127651687419, -333.919454677473368 ], [ 1737.304768882938333, -332.12513654014208 ], [ 1738.999402679306513, -327.739025537776627 ], [ 1736.606978496198053, -318.916961362564336 ], [ 1743.684566704560439, -314.680376871643148 ], [ 1743.933777556967925, -310.393950210240689 ] ] ] } },
{ "type": "Feature", "properties": { "code": "suebia", "name": "Suebia", "capital": null, "culture": null, "civs": "germ", "provinceType": "land", "terrain": null, "mapTypes": null, "resources": null, "religion": null, "population": "medium" }, "geometry": { "type": "Polygon", "coordinates": [ [ [ 1779.371560769261123, -301.72141254647255 ], [ 1796.816320437759941, -294.94287736099875 ], [ 1804.392330350936618, -294.743508679073045 ], [ 1805.189805078639438, -296.537826816404333 ], [ 1807.582229261747898, -294.643824338110164 ], [ 1807.781597943673432, -292.749821859815995 ], [ 1814.659817470110283, -292.351084495964585 ], [ 1819.743718859215505, -289.260869926116243 ], [ 1818.647191108624156, -287.765604811673484 ], [ 1820.939930950769849, -286.46970837915643 ], [ 1822.036458701361198, -288.862132562264833 ], [ 1830.110890319351938, -289.858975971893358 ], [ 1830.110890319351938, -291.952347132113232 ], [ 1832.503314502460398, -293.646980928481696 ], [ 1833.699526594014742, -294.444455656184516 ], [ 1836.989109845788789, -294.643824338110221 ], [ 1840.378377438525604, -294.54413999714734 ], [ 1840.378377438525604, -296.836879839292919 ], [ 1838.484374960231435, -297.036248521218624 ], [ 1839.680587051785778, -300.923937818769787 ], [ 1843.169538985485588, -302.817940297063956 ], [ 1846.35943789629664, -301.123306500695492 ], [ 1846.658490919185169, -297.036248521218624 ], [ 1848.353124715553804, -295.441299065812984 ], [ 1862.209248109389819, -292.450768836927466 ], [ 1868.190308567160855, -290.556766358633297 ], [ 1870.68241709123231, -287.366867447822074 ], [ 1877.95937398152023, -285.37318062856508 ], [ 1878.856533050186044, -283.080440786419501 ], [ 1881.847063279071563, -281.983913035828152 ], [ 1887.927808077805366, -281.385806990051037 ], [ 1893.111393807873583, -279.990226216571102 ], [ 1896.40097705964763, -280.289279239459688 ], [ 1897.397820469276212, -287.964973493599189 ], [ 1897.796557833127508, -291.653294109224646 ], [ 1900.38835069816173, -293.048874882704581 ], [ 1901.684247130678841, -294.14540263329593 ], [ 1902.182668835493132, -297.434985885069977 ], [ 1899.49119162949637, -301.621728205509669 ], [ 1899.391507288533603, -309.098053777723464 ], [ 1896.500661400610852, -312.786374393348922 ], [ 1893.609815512688101, -316.075957645123026 ], [ 1889.323388851285472, -320.063331283637012 ], [ 1884.638224826031546, -323.552283217336822 ], [ 1880.451482505591912, -324.54912662696529 ], [ 1880.551166846554679, -327.838709878739394 ], [ 1883.541697075440425, -331.626714835327789 ], [ 1879.354954755000563, -336.012825837693242 ], [ 1880.750535528480668, -340.398936840058695 ], [ 1881.049588551369197, -342.691676682204218 ], [ 1875.965687162263748, -350.965476982120833 ], [ 1872.97515693337823, -355.850009689300521 ], [ 1874.470422047820875, -359.638014645888859 ], [ 1874.171369024932346, -361.930754488034381 ], [ 1864.801040974424495, -361.731385806108733 ], [ 1857.125346720284824, -358.740855577223158 ], [ 1853.935447809473771, -359.239277282037449 ], [ 1849.549336807108148, -357.544643485668985 ], [ 1846.758175260148391, -354.255060233894881 ], [ 1844.266066736077164, -351.663267368860772 ], [ 1841.574589530080175, -348.872105821900959 ], [ 1840.079324415637529, -345.582522570126912 ], [ 1835.294476049420609, -341.096727226798635 ], [ 1829.512784273575335, -338.903671725615879 ], [ 1824.428882884469886, -337.607775293098825 ], [ 1821.3386683146216, -334.118823359399073 ], [ 1820.441509245955785, -334.019139018436192 ], [ 1816.155082584553156, -330.330818402810735 ], [ 1807.557308176506922, -323.527362132096073 ], [ 1807.258255153618393, -321.409069886635507 ], [ 1800.629246479588801, -320.835884926099141 ], [ 1800.853536246755311, -317.72074927101005 ], [ 1794.274369743206989, -313.95766539966246 ], [ 1789.639047888434561, -312.163347262331115 ], [ 1788.093940603510418, -308.624553158149922 ], [ 1783.084802470127443, -308.450105561464966 ], [ 1780.816983713222498, -306.979761532262955 ], [ 1779.770298133112647, -305.060837968728038 ], [ 1778.922981234928329, -301.945702313639003 ], [ 1779.371560769261123, -301.72141254647255 ] ] ] } },
{ "type": "Feature", "properties": { "code": "helvecia", "name": "Helvecia", "capital": null, "culture": null, "civs": "gaul", "provinceType": "land", "terrain": null, "mapTypes": null, "resources": null, "religion": null, "population": "medium" }, "geometry": { "type": "Polygon", "coordinates": [ [ [ 1679.687219806412031, -499.171170908639169 ], [ 1690.602655141844252, -498.323854010454852 ], [ 1706.502307525418928, -496.180640679753537 ], [ 1708.994416049490155, -495.333323781569334 ], [ 1708.047414810343071, -492.84121525749805 ], [ 1710.340154652488536, -481.62672689917747 ], [ 1720.981458050272522, -471.060186757115275 ], [ 1720.308588748773445, -466.848523351434835 ], [ 1756.419241262566629, -451.297766161230072 ], [ 1769.378205587737284, -452.892715616635655 ], [ 1772.767473180474099, -462.063674985217915 ], [ 1790.91002323571297, -464.256730486400613 ], [ 1790.311917189935912, -449.902185387750137 ], [ 1790.11254850801015, -437.940064472208064 ], [ 1782.935275958684997, -432.357741378288381 ], [ 1760.406614901080729, -429.167842467477158 ], [ 1740.469746708510456, -428.5697364217001 ], [ 1734.089948886888124, -433.354584787916906 ], [ 1717.741716968980654, -436.345115016802424 ], [ 1703.985277916107179, -441.329332064944992 ], [ 1688.434520725902757, -455.88324584552123 ], [ 1679.263561357320441, -465.4529425779549 ], [ 1675.475556400732103, -478.013169539274088 ], [ 1679.687219806412031, -499.171170908639169 ] ] ] } },
{ "type": "Feature", "properties": { "code": "central_gaul", "name": "Galia", "capital": null, "culture": null, "civs": "gaul", "provinceType": "land", "terrain": null, "mapTypes": null, "resources": null, "religion": null, "population": "high" }, "geometry": { "type": "Polygon", "coordinates": [ [ [ 1595.777925800932735, -457.528037471408481 ], [ 1600.114194632816861, -454.487665072041523 ], [ 1599.864983780409602, -450.55013360400892 ], [ 1602.207565793036565, -451.198081820267419 ], [ 1607.540678034549501, -446.562759965494877 ], [ 1616.462426550724558, -442.425859815536569 ], [ 1694.664792036081053, -426.725576113887598 ], [ 1704.334173109477661, -441.478858576389655 ], [ 1679.313403527802166, -465.552626918918008 ], [ 1675.525398571213373, -478.112853880237139 ], [ 1679.712140891653462, -498.897038970991673 ], [ 1668.049072998999918, -504.13046687154133 ], [ 1665.208069281558664, -512.454109341939329 ], [ 1655.38916169671802, -505.376521133577 ], [ 1647.813151783541343, -504.230151212504211 ], [ 1640.386668381808931, -500.192935403508727 ], [ 1633.558291025853805, -489.078131386150915 ], [ 1626.356097391287904, -483.421045036509213 ], [ 1617.633717557038381, -486.511259606357555 ], [ 1608.836574467066839, -477.564590004941692 ], [ 1599.914825950891554, -476.891720703442445 ], [ 1594.731240220823338, -465.477863663196047 ], [ 1594.531871538897576, -462.038753899977678 ], [ 1595.080135414193364, -458.026459176222943 ], [ 1595.777925800932735, -457.528037471408481 ] ] ] } },
{ "type": "Feature", "properties": { "code": "silesia", "name": "Silesia", "capital": null, "culture": null, "civs": "germ", "provinceType": "land", "terrain": null, "mapTypes": null, "resources": null, "religion": null, "population": "medium" }, "geometry": { "type": "Polygon", "coordinates": [ [ [ 1815.80618739118654, -329.782554527515344 ], [ 1820.042771882107672, -370.354081299395546 ], [ 1811.669287241227721, -380.123146713754863 ], [ 1812.068024605079245, -391.885898947371231 ], [ 1831.406786751872232, -405.243600636393239 ], [ 1832.802367525352111, -421.591832554300709 ], [ 1840.976483484305845, -425.579206192814752 ], [ 1842.970170303563009, -422.987413327780644 ], [ 1848.153756033631225, -424.981100147037637 ], [ 1855.331028582956378, -421.79120123622647 ], [ 1860.31524563109906, -419.79751441696942 ], [ 1867.891255544275509, -421.990569918152119 ], [ 1872.476735228566668, -419.199408371192305 ], [ 1876.663477549006529, -419.79751441696942 ], [ 1880.052745141743344, -418.202564961563837 ], [ 1883.442012734480386, -418.401933643489542 ], [ 1891.416760011508359, -421.79120123622647 ], [ 1898.793401242759273, -418.800671007340952 ], [ 1900.587719380090675, -413.018979231495564 ], [ 1900.587719380090675, -409.031605592981578 ], [ 1906.568779837861712, -393.281479720851166 ], [ 1900.587719380090675, -387.300419263080073 ], [ 1894.008552876542581, -386.90168189922872 ], [ 1894.008552876542581, -379.923778031829158 ], [ 1893.410446830765295, -375.338298347538 ], [ 1891.616128693434121, -371.550293390949662 ], [ 1887.828123736845782, -368.360394480138439 ], [ 1883.242644052554624, -364.771758205475862 ], [ 1882.943591029666095, -362.877755727181636 ], [ 1877.261583594783588, -362.678387045255931 ], [ 1876.264740185155233, -362.977440068144517 ], [ 1872.775788251455424, -362.179965340441697 ], [ 1864.850883144908721, -361.681543635627406 ], [ 1857.225031061250775, -358.740855577223329 ], [ 1853.935447809476727, -359.289119452519003 ], [ 1849.698863318555368, -357.694169997113363 ], [ 1841.773958212008665, -348.996711248104646 ], [ 1840.116706043501154, -345.55760148488622 ], [ 1834.708830546265972, -340.423857925299615 ], [ 1824.04260606324101, -336.286957775341364 ], [ 1815.80618739118654, -329.782554527515344 ] ] ] } },
{ "type": "Feature", "properties": { "code": "english_channel", "name": "English Channel", "capital": null, "culture": null, "civs": null, "provinceType": "sea", "terrain": null, "mapTypes": null, "resources": null, "religion": null, "population": null }, "geometry": { "type": "Polygon", "coordinates": [ [ [ 1656.473228904690586, -296.961485265496776 ], [ 1714.090777981218253, -295.765273173942546 ], [ 1706.11603070419028, -305.534338588301921 ], [ 1705.119187294561698, -312.711611137627187 ], [ 1690.365904832059869, -332.847848012123052 ], [ 1686.378531193545768, -334.442797467528635 ], [ 1682.59052623695743, -337.433327696414153 ], [ 1680.198102053849198, -338.629539787968383 ], [ 1671.425880049118177, -345.607443655367888 ], [ 1654.878279449284946, -348.398605202327758 ], [ 1649.096587673439672, -361.158200845572651 ], [ 1640.124996986783117, -368.534842076823622 ], [ 1625.770451888132584, -368.734210758749327 ], [ 1621.184972203841426, -374.515902534594659 ], [ 1624.175502432726944, -379.10138221888576 ], [ 1623.178659023098589, -380.496962992365695 ], [ 1600.849366647419856, -374.515902534594659 ], [ 1599.852523237791502, -366.142417893715219 ], [ 1590.232984334875709, -363.201729835311028 ], [ 1586.04624201443653, -365.095732313605367 ], [ 1585.348451627696477, -368.086262542490886 ], [ 1585.24876728673371, -370.777739748487818 ], [ 1587.441822787916408, -376.559431524333149 ], [ 1588.239297515619228, -379.450277412255844 ], [ 1585.348451627696477, -388.820605462763808 ], [ 1583.454449149402308, -386.2288125977297 ], [ 1566.906848549569077, -385.730390892915466 ], [ 1561.125156773723575, -378.453434002627375 ], [ 1541.287972922116296, -377.755643615887436 ], [ 1532.565593087867228, -380.148067798995783 ], [ 1529.026798983685921, -391.262871816353595 ], [ 1530.223011075240038, -398.041407001827622 ], [ 1530.821117121017323, -298.15769735705112 ], [ 1532.117013553534207, -296.861800924534066 ], [ 1532.515750917385503, -294.369692400462782 ], [ 1535.905018510122545, -292.774742945057199 ], [ 1537.599652306490952, -291.578530853502969 ], [ 1537.300599283602423, -287.989894578840335 ], [ 1572.588855984451584, -290.880740466763029 ], [ 1571.891065597711531, -293.273164649871433 ], [ 1571.292959551934473, -295.366535810091307 ], [ 1571.39264389289724, -296.861800924534066 ], [ 1570.894222188082949, -299.75264681245676 ], [ 1570.296116142305891, -300.649805881122404 ], [ 1567.504954595346135, -302.643492700379397 ], [ 1564.713793048386378, -303.440967428082217 ], [ 1562.122000183352156, -303.939389132896451 ], [ 1556.838730112321173, -306.132444634079206 ], [ 1554.246937247286951, -305.933075952153501 ], [ 1551.854513064178491, -307.627709748521966 ], [ 1550.658300972624374, -309.621396567778959 ], [ 1550.658300972624374, -311.914136409924538 ], [ 1552.15356608706702, -315.104035320735761 ], [ 1555.443149338841295, -316.898353458067049 ], [ 1558.433679567726813, -317.895196867695574 ], [ 1561.822947160463627, -316.001194389401405 ], [ 1563.118843592980511, -319.988568027915449 ], [ 1568.800851027862791, -320.586674073692564 ], [ 1572.688540325414124, -322.979098256800967 ], [ 1579.267706828962218, -325.37152243990937 ], [ 1583.853186513253377, -323.876257325466611 ], [ 1585.946557673473308, -322.380992211023852 ], [ 1589.535193948135884, -322.879413915838086 ], [ 1584.650661240956197, -325.869944144723604 ], [ 1581.560446671107684, -329.159527396497708 ], [ 1575.579386213336647, -329.059843055534827 ], [ 1569.698010096528606, -327.066156236277834 ], [ 1564.813477389348918, -326.866787554352129 ], [ 1556.739045771358178, -333.445954057900394 ], [ 1549.462088881070031, -340.623226607225604 ], [ 1546.272189970258751, -341.919123039742658 ], [ 1541.587025945004825, -345.208706291516762 ], [ 1534.708806418567974, -347.202393110773755 ], [ 1533.911331690865381, -347.501446133662341 ], [ 1535.605965487233789, -349.295764270993629 ], [ 1536.403440214936609, -350.791029385436389 ], [ 1542.982606718484703, -350.691345044473564 ], [ 1545.474715242555931, -349.893870316770744 ], [ 1548.365561130478682, -347.40176179269946 ], [ 1553.549146860546898, -347.302077451736636 ], [ 1561.224841114686342, -346.305234042108111 ], [ 1564.21537134357186, -347.900183497513694 ], [ 1565.610952117051738, -349.993554657733569 ], [ 1566.109373821866029, -350.791029385436389 ], [ 1566.906848549568849, -351.488819772176328 ], [ 1567.704323277271669, -351.987241476990619 ], [ 1573.785068076005473, -345.208706291516762 ], [ 1573.685383735042706, -343.215019472259769 ], [ 1576.974966986816753, -342.317860403594068 ], [ 1587.641191469841715, -342.915966449371183 ], [ 1588.239297515619, -346.903340087885226 ], [ 1596.61278215649827, -346.105865360182406 ], [ 1597.908678589015381, -347.102708769810931 ], [ 1602.593842614269306, -345.308390632479586 ], [ 1607.677744003374755, -348.697658225216514 ], [ 1608.325692219633083, -350.093238998696393 ], [ 1616.051228644254024, -345.856654507775261 ], [ 1624.025975921281997, -348.273999776124356 ], [ 1630.480536998626576, -348.398605202327929 ], [ 1633.670435909437856, -351.214687834528377 ], [ 1646.828768916534045, -346.42983946831157 ], [ 1650.168194338789817, -343.389467068944612 ], [ 1657.096256035707938, -340.797674203910503 ], [ 1657.794046422447764, -337.308722270210751 ], [ 1656.747360842337685, -335.315035450953701 ], [ 1646.529715893645289, -334.268349870843736 ], [ 1641.246445822614305, -333.121979949770946 ], [ 1643.190290471389972, -330.231134061848309 ], [ 1648.024981008088616, -329.932081038959836 ], [ 1659.438838048334901, -323.9510205811888 ], [ 1664.871634630810377, -319.863962601711933 ], [ 1667.912007030177165, -315.029272065013629 ], [ 1668.958692610287244, -308.300579050021156 ], [ 1667.662796177770133, -303.216677660915821 ], [ 1663.226843004922785, -299.12961968143901 ], [ 1658.541678979668859, -297.1857750326634 ], [ 1656.473228904690586, -296.961485265496776 ] ] ] } },
{ "type": "Feature", "properties": { "code": "kulin", "name": "Kulin", "capital": null, "culture": null, "civs": null, "provinceType": "land", "terrain": "temperate_forest", "mapTypes": null, "resources": null, "religion": null, "population": "medium" }, "geometry": { "type": "Polygon", "coordinates": [ [ [ 3676.339148073020624, -1712.765922920890716 ], [ 3682.47302231237154, -1723.261663286002431 ], [ 3685.47180527383216, -1725.578904665312621 ], [ 3686.153346855982363, -1733.893711967543823 ], [ 3682.609330628801672, -1735.529411764704037 ], [ 3682.064097363081146, -1745.343610547665776 ], [ 3686.153346855981908, -1749.432860040566538 ], [ 3695.422312373223122, -1761.97322515212818 ], [ 3702.237728194724241, -1761.1553752535483 ], [ 3711.234077079105646, -1769.33387423934937 ], [ 3716.141176470586288, -1769.606490872209406 ], [ 3718.867342799186645, -1764.972008113588799 ], [ 3725.682758620687764, -1767.698174442189156 ], [ 3742.857606490870239, -1774.786206896550084 ], [ 3756.488438133872478, -1766.880324543608822 ], [ 3764.39432048681374, -1769.879107505069214 ], [ 3773.390669371195145, -1771.787423935089464 ], [ 3779.38823529411593, -1772.0600405679495 ], [ 3784.295334685596572, -1777.784989858010476 ], [ 3790.292900608517357, -1771.242190669369393 ], [ 3799.834482758618833, -1770.424340770789286 ], [ 3804.196348884379404, -1762.518458417848251 ], [ 3818.099797160241451, -1755.975659229207167 ], [ 3832.821095334683832, -1753.249492900606811 ], [ 3838.818661257604617, -1748.88762677484624 ], [ 3874.940365111559004, -1704.723732251520005 ], [ 3881.483164300200315, -1678.552535496956125 ], [ 3896.613387423931727, -1658.515212981743161 ], [ 3902.883569979712775, -1636.160649087219781 ], [ 3907.518052738333608, -1630.435699797159032 ], [ 3908.335902636913488, -1615.987018255576913 ], [ 3914.060851926974465, -1603.446653144015045 ], [ 3915.696551724134679, -1591.724137931033283 ], [ 3913.515618661254393, -1586.817038539552641 ], [ 3909.426369168353631, -1586.817038539552641 ], [ 3866.216632860037407, -1574.549290060851035 ], [ 3707.008519269773842, -1557.783367139958727 ], [ 3704.554969574032839, -1559.078296146042931 ], [ 3695.149695740362404, -1571.482352941174895 ], [ 3684.10872210953039, -1588.589046653143214 ], [ 3681.51886409735971, -1608.762677484786082 ], [ 3676.202839756589128, -1617.350101419877319 ], [ 3683.972413793100259, -1636.569574036510176 ], [ 3678.247464503038827, -1652.108722109532437 ], [ 3684.108722109529936, -1691.910750507098101 ], [ 3676.339148073020624, -1712.765922920890716 ] ] ] } },
{ "type": "Feature", "properties": { "code": "libya", "name": "Libya", "capital": null, "culture": null, "civs": "cart", "provinceType": "land", "terrain": "desert", "mapTypes": null, "resources": null, "religion": null, "population": "low" }, "geometry": { "type": "Polygon", "coordinates": [ [ [ 1858.59959432049277, -912.295334685600665 ], [ 2039.88965517241968, -942.010547667344781 ], [ 2048.954158215015923, -911.95456389452545 ], [ 2055.360649087226648, -844.073022312375542 ], [ 1951.221095334691199, -836.439756592294316 ], [ 1904.058417849904345, -794.184178498988103 ], [ 1894.789452332663132, -798.818661257608824 ], [ 1871.344421906699608, -786.278296146046955 ], [ 1866.709939148079002, -891.508316430022205 ], [ 1858.59959432049277, -912.295334685600665 ] ] ] } },
{ "type": "Feature", "properties": { "code": "lowlands", "name": "Lowlands", "capital": null, "culture": null, "civs": "gaul", "provinceType": "land", "terrain": null, "mapTypes": null, "resources": null, "religion": null, "population": "medium" }, "geometry": { "type": "Polygon", "coordinates": [ [ [ 1689.284516375547355, -331.835733501936147 ], [ 1700.050425199535084, -336.221844504301544 ], [ 1707.227697748860237, -334.427526366970255 ], [ 1714.40497029818539, -336.421213186227249 ], [ 1718.791081300550786, -341.00669287051835 ], [ 1728.161409351058637, -341.00669287051835 ], [ 1729.955727488389812, -333.829420321193197 ], [ 1737.133000037714964, -332.433839547713262 ], [ 1738.927318175046366, -328.047728545347923 ], [ 1736.734262673863668, -319.076137858691425 ], [ 1743.712166541263059, -315.088764220177438 ], [ 1744.232830579856454, -305.409733162098235 ], [ 1742.687723294932312, -295.192088213406009 ], [ 1741.718479722006123, -293.158209208350513 ], [ 1713.507811229519575, -295.450949050496092 ], [ 1705.931801316343126, -303.824433691375475 ], [ 1705.034642247677311, -311.998549650329153 ], [ 1701.446005973014735, -318.378347471951543 ], [ 1689.284516375547355, -331.835733501936147 ] ] ] } },
{ "type": "Feature", "properties": { "code": "brittany", "name": "Brittany", "capital": null, "culture": null, "civs": "gaul", "provinceType": "land", "terrain": null, "mapTypes": null, "resources": null, "religion": null, "population": "medium" }, "geometry": { "type": "Polygon", "coordinates": [ [ [ 1577.300413987442198, -447.253720264418121 ], [ 1575.913274226705198, -440.714347106657669 ], [ 1570.166552360794412, -436.751090647408887 ], [ 1566.599621547470633, -436.552927824446442 ], [ 1566.401458724508075, -432.787834188160105 ], [ 1562.240039442297075, -426.050298207437208 ], [ 1561.447388150447296, -422.087041748188426 ], [ 1559.663922743785406, -415.943994236352808 ], [ 1552.331898294175062, -411.980737777104025 ], [ 1550.350270064550841, -411.188086485254246 ], [ 1542.423757146053276, -405.045038973418627 ], [ 1534.497244227555711, -403.063410743794236 ], [ 1529.939499299419595, -397.118526054921062 ], [ 1528.354196715720036, -390.579152897160611 ], [ 1532.515615997931263, -379.878360457188933 ], [ 1541.631105854203497, -377.302243758677207 ], [ 1561.447388150447296, -378.293057873489374 ], [ 1566.797784370433192, -384.436105385324993 ], [ 1567.194110016358081, -385.625082323099605 ], [ 1574.327971643005867, -386.417733614949384 ], [ 1580.471019154841542, -385.82324514606205 ], [ 1583.641624322240432, -385.82324514606205 ], [ 1585.425089728902321, -388.59752466753622 ], [ 1586.812229489639549, -384.634268208287438 ], [ 1587.803043604451659, -379.085709165339154 ], [ 1587.208555135564438, -376.311429643864983 ], [ 1585.028764082977432, -371.159196246841589 ], [ 1584.830601260015101, -367.988591079442585 ], [ 1585.821415374827211, -364.817985912043582 ], [ 1590.081916068519831, -362.737276270937969 ], [ 1600.782708508491623, -365.313392969449637 ], [ 1600.386382862566734, -373.834394356834594 ], [ 1611.780745182906912, -375.419696940534095 ], [ 1617.131141402892808, -377.500406581639709 ], [ 1621.887049153991484, -379.08570916533921 ], [ 1622.778781857322429, -379.4820348112641 ], [ 1623.240961736195004, -380.048383458032447 ], [ 1623.739383441009295, -380.447120821883857 ], [ 1624.935595532563411, -382.739860664029379 ], [ 1626.007202197914239, -384.235125778472081 ], [ 1626.929282351819666, -385.830075233877722 ], [ 1602.2075657930327, -404.570731334893651 ], [ 1598.494324092167062, -430.862476263845906 ], [ 1594.689201702396304, -462.16547269234178 ], [ 1577.300413987442198, -447.253720264418121 ] ] ] } },
{ "type": "Feature", "properties": { "code": "celtica", "name": "Celtica", "capital": null, "culture": null, "civs": "gaul", "provinceType": "land", "terrain": null, "mapTypes": null, "resources": null, "religion": null, "population": "medium" }, "geometry": { "type": "Polygon", "coordinates": [ [ [ 1622.867145457584684, -378.378670746905129 ], [ 1619.876615228699166, -374.590665790316848 ], [ 1624.661463594915858, -367.812130604842991 ], [ 1631.439998780389715, -366.615918513288761 ], [ 1640.411589467046269, -367.214024559065876 ], [ 1641.009695512823328, -365.419706421734531 ], [ 1649.18381147177729, -361.831070147071898 ], [ 1648.984442789851528, -361.23296410129484 ], [ 1648.984442789851528, -357.644327826632207 ], [ 1650.978129609108464, -356.049378371226567 ], [ 1651.775604336811284, -350.46705527730694 ], [ 1654.168028519919744, -347.077787684570012 ], [ 1663.538356570427595, -345.283469547238724 ], [ 1668.522573618570277, -345.084100865313019 ], [ 1699.624087998979576, -373.195085016836799 ], [ 1699.823456680905338, -402.701649941840628 ], [ 1700.820300090533465, -413.268190083902766 ], [ 1694.639870950836894, -426.825260454850479 ], [ 1616.287978954036134, -442.575386326980947 ], [ 1606.917650903528283, -446.961497329346344 ], [ 1601.933433855385601, -451.347608331711797 ], [ 1599.939747036128665, -450.749502285934682 ], [ 1599.939747036128665, -454.736875924448725 ], [ 1594.756161306060449, -458.325512199111358 ], [ 1601.933433855385601, -404.595652420134627 ], [ 1626.455781732247033, -385.755311978156044 ], [ 1622.867145457584684, -378.378670746905129 ] ] ] } },
{ "type": "Feature", "properties": { "code": "belgica", "name": "Belgica", "capital": null, "culture": null, "civs": "gaul", "provinceType": "land", "terrain": null, "mapTypes": null, "resources": null, "religion": null, "population": "medium" }, "geometry": { "type": "Polygon", "coordinates": [ [ [ 1668.821626641459034, -344.884732183387086 ], [ 1674.304265394416007, -341.794517613538687 ], [ 1677.892901669078583, -340.897358544873043 ], [ 1680.484694534112577, -338.903671725615993 ], [ 1680.783747557001334, -336.710616224433295 ], [ 1684.073330808775381, -335.71377281480477 ], [ 1685.96733328706955, -333.022295608807838 ], [ 1689.256916538843598, -331.527030494365079 ], [ 1700.122509703794321, -336.411563201544766 ], [ 1707.249940082637977, -334.218507700361954 ], [ 1714.626581313888892, -336.511247542507533 ], [ 1718.863165804810251, -340.797674203910105 ], [ 1728.233493855318102, -340.897358544872986 ], [ 1737.853032758233439, -345.233627376757056 ], [ 1737.653664076307678, -357.993223020002006 ], [ 1731.871972300462403, -377.930091212572052 ], [ 1699.773614510424522, -389.892212128114124 ], [ 1699.972983192350284, -373.344611528280893 ], [ 1668.821626641459034, -344.884732183387086 ] ] ] } },
{ "type": "Feature", "properties": { "code": "germania", "name": "Germania", "capital": null, "culture": null, "civs": "germ", "provinceType": "land", "terrain": null, "mapTypes": null, "resources": null, "religion": null, "population": "medium" }, "geometry": { "type": "Polygon", "coordinates": [ [ [ 1743.933777556967925, -310.393950210240689 ], [ 1745.728095694299327, -309.795844164463631 ], [ 1746.824623444890676, -303.814783706692538 ], [ 1745.329358330447803, -302.817940297064069 ], [ 1743.734408875042163, -301.222990841658429 ], [ 1744.930620966596507, -299.129619681438555 ], [ 1747.622098172593496, -296.537826816404447 ], [ 1748.91799460511038, -296.039405111590213 ], [ 1755.895898472509998, -295.840036429664508 ], [ 1759.085797383321278, -296.936564180255857 ], [ 1760.082640792949633, -299.628041386252846 ], [ 1763.571592726649442, -298.830566658550026 ], [ 1764.96717350012932, -296.338458134478742 ], [ 1764.96717350012932, -295.142246042924569 ], [ 1769.851706207309007, -294.843193020035983 ], [ 1774.138132868711637, -295.241930383887393 ], [ 1777.527400461448224, -299.428672704327141 ], [ 1779.122349916853864, -302.219834251286954 ], [ 1780.019508985519451, -305.409733162098178 ], [ 1780.717299372259276, -306.904998276540937 ], [ 1783.010039214404969, -308.300579050020872 ], [ 1787.994256262547424, -308.599632072909401 ], [ 1789.688890058916058, -312.188268347572034 ], [ 1793.97531672031846, -313.783217802977674 ], [ 1797.065531290166973, -315.278482917420433 ], [ 1800.853536246755311, -317.670907100528837 ], [ 1800.753851905792544, -320.960490352302884 ], [ 1807.233334068377872, -321.359227716154294 ], [ 1807.532387091266401, -323.651967558299873 ], [ 1811.420076388817506, -326.941550810073977 ], [ 1816.005556073108664, -330.231134061847911 ], [ 1819.992929711622537, -369.30739571928541 ], [ 1794.473738425132751, -360.335805032628855 ], [ 1785.302779056550662, -368.50992099158259 ], [ 1775.134976278339764, -376.085930904759266 ], [ 1758.786744360432294, -375.687193540907856 ], [ 1731.77228795950009, -377.880249042090554 ], [ 1737.952717099196889, -357.74401216759469 ], [ 1737.553979735345365, -345.682206911089793 ], [ 1728.034125173393249, -340.697989862947225 ], [ 1729.928127651687419, -333.919454677473368 ], [ 1737.304768882938333, -332.12513654014208 ], [ 1738.999402679306513, -327.739025537776627 ], [ 1736.606978496198053, -318.916961362564336 ], [ 1743.684566704560439, -314.680376871643148 ], [ 1743.933777556967925, -310.393950210240689 ] ] ] } },
{ "type": "Feature", "properties": { "code": "suebia", "name": "Suebia", "capital": null, "culture": null, "civs": "germ", "provinceType": "land", "terrain": null, "mapTypes": null, "resources": null, "religion": null, "population": "medium" }, "geometry": { "type": "Polygon", "coordinates": [ [ [ 1779.371560769261123, -301.72141254647255 ], [ 1796.816320437759941, -294.94287736099875 ], [ 1804.392330350936618, -294.743508679073045 ], [ 1805.189805078639438, -296.537826816404333 ], [ 1807.582229261747898, -294.643824338110164 ], [ 1807.781597943673432, -292.749821859815995 ], [ 1814.659817470110283, -292.351084495964585 ], [ 1819.743718859215505, -289.260869926116243 ], [ 1818.647191108624156, -287.765604811673484 ], [ 1820.939930950769849, -286.46970837915643 ], [ 1822.036458701361198, -288.862132562264833 ], [ 1830.110890319351938, -289.858975971893358 ], [ 1830.110890319351938, -291.952347132113232 ], [ 1832.503314502460398, -293.646980928481696 ], [ 1833.699526594014742, -294.444455656184516 ], [ 1836.989109845788789, -294.643824338110221 ], [ 1840.378377438525604, -294.54413999714734 ], [ 1840.378377438525604, -296.836879839292919 ], [ 1838.484374960231435, -297.036248521218624 ], [ 1839.680587051785778, -300.923937818769787 ], [ 1843.169538985485588, -302.817940297063956 ], [ 1846.35943789629664, -301.123306500695492 ], [ 1846.658490919185169, -297.036248521218624 ], [ 1848.353124715553804, -295.441299065812984 ], [ 1862.209248109389819, -292.450768836927466 ], [ 1868.190308567160855, -290.556766358633297 ], [ 1870.68241709123231, -287.366867447822074 ], [ 1877.95937398152023, -285.37318062856508 ], [ 1878.856533050186044, -283.080440786419501 ], [ 1881.847063279071563, -281.983913035828152 ], [ 1887.927808077805366, -281.385806990051037 ], [ 1893.111393807873583, -279.990226216571102 ], [ 1896.40097705964763, -280.289279239459688 ], [ 1897.397820469276212, -287.964973493599189 ], [ 1897.796557833127508, -291.653294109224646 ], [ 1900.38835069816173, -293.048874882704581 ], [ 1901.684247130678841, -294.14540263329593 ], [ 1902.182668835493132, -297.434985885069977 ], [ 1899.49119162949637, -301.621728205509669 ], [ 1899.391507288533603, -309.098053777723464 ], [ 1896.500661400610852, -312.786374393348922 ], [ 1893.609815512688101, -316.075957645123026 ], [ 1889.323388851285472, -320.063331283637012 ], [ 1884.638224826031546, -323.552283217336822 ], [ 1880.451482505591912, -324.54912662696529 ], [ 1880.551166846554679, -327.838709878739394 ], [ 1883.541697075440425, -331.626714835327789 ], [ 1879.354954755000563, -336.012825837693242 ], [ 1880.750535528480668, -340.398936840058695 ], [ 1881.049588551369197, -342.691676682204218 ], [ 1875.965687162263748, -350.965476982120833 ], [ 1872.97515693337823, -355.850009689300521 ], [ 1874.470422047820875, -359.638014645888859 ], [ 1874.171369024932346, -361.930754488034381 ], [ 1864.801040974424495, -361.731385806108733 ], [ 1857.125346720284824, -358.740855577223158 ], [ 1853.935447809473771, -359.239277282037449 ], [ 1849.549336807108148, -357.544643485668985 ], [ 1846.758175260148391, -354.255060233894881 ], [ 1844.266066736077164, -351.663267368860772 ], [ 1841.574589530080175, -348.872105821900959 ], [ 1840.079324415637529, -345.582522570126912 ], [ 1835.294476049420609, -341.096727226798635 ], [ 1829.512784273575335, -338.903671725615879 ], [ 1824.428882884469886, -337.607775293098825 ], [ 1821.3386683146216, -334.118823359399073 ], [ 1820.441509245955785, -334.019139018436192 ], [ 1816.155082584553156, -330.330818402810735 ], [ 1807.557308176506922, -323.527362132096073 ], [ 1807.258255153618393, -321.409069886635507 ], [ 1800.629246479588801, -320.835884926099141 ], [ 1800.853536246755311, -317.72074927101005 ], [ 1794.274369743206989, -313.95766539966246 ], [ 1789.639047888434561, -312.163347262331115 ], [ 1788.093940603510418, -308.624553158149922 ], [ 1783.084802470127443, -308.450105561464966 ], [ 1780.816983713222498, -306.979761532262955 ], [ 1779.770298133112647, -305.060837968728038 ], [ 1778.922981234928329, -301.945702313639003 ], [ 1779.371560769261123, -301.72141254647255 ] ] ] } },
{ "type": "Feature", "properties": { "code": "helvecia", "name": "Helvecia", "capital": null, "culture": null, "civs": "gaul", "provinceType": "land", "terrain": null, "mapTypes": null, "resources": null, "religion": null, "population": "medium" }, "geometry": { "type": "Polygon", "coordinates": [ [ [ 1679.687219806412031, -499.171170908639169 ], [ 1690.602655141844252, -498.323854010454852 ], [ 1706.502307525418928, -496.180640679753537 ], [ 1708.994416049490155, -495.333323781569334 ], [ 1708.047414810343071, -492.84121525749805 ], [ 1710.340154652488536, -481.62672689917747 ], [ 1720.981458050272522, -471.060186757115275 ], [ 1720.308588748773445, -466.848523351434835 ], [ 1756.419241262566629, -451.297766161230072 ], [ 1769.378205587737284, -452.892715616635655 ], [ 1772.767473180474099, -462.063674985217915 ], [ 1790.91002323571297, -464.256730486400613 ], [ 1790.311917189935912, -449.902185387750137 ], [ 1790.11254850801015, -437.940064472208064 ], [ 1782.935275958684997, -432.357741378288381 ], [ 1760.406614901080729, -429.167842467477158 ], [ 1740.469746708510456, -428.5697364217001 ], [ 1734.089948886888124, -433.354584787916906 ], [ 1717.741716968980654, -436.345115016802424 ], [ 1703.985277916107179, -441.329332064944992 ], [ 1688.434520725902757, -455.88324584552123 ], [ 1679.263561357320441, -465.4529425779549 ], [ 1675.475556400732103, -478.013169539274088 ], [ 1679.687219806412031, -499.171170908639169 ] ] ] } },
{ "type": "Feature", "properties": { "code": "central_gaul", "name": "Galia", "capital": null, "culture": null, "civs": "gaul", "provinceType": "land", "terrain": null, "mapTypes": null, "resources": null, "religion": null, "population": "high" }, "geometry": { "type": "Polygon", "coordinates": [ [ [ 1595.777925800932735, -457.528037471408481 ], [ 1600.114194632816861, -454.487665072041523 ], [ 1599.864983780409602, -450.55013360400892 ], [ 1602.207565793036565, -451.198081820267419 ], [ 1607.540678034549501, -446.562759965494877 ], [ 1616.462426550724558, -442.425859815536569 ], [ 1694.664792036081053, -426.725576113887598 ], [ 1704.334173109477661, -441.478858576389655 ], [ 1679.313403527802166, -465.552626918918008 ], [ 1675.525398571213373, -478.112853880237139 ], [ 1679.712140891653462, -498.897038970991673 ], [ 1668.049072998999918, -504.13046687154133 ], [ 1665.208069281558664, -512.454109341939329 ], [ 1655.38916169671802, -505.376521133577 ], [ 1647.813151783541343, -504.230151212504211 ], [ 1640.386668381808931, -500.192935403508727 ], [ 1633.558291025853805, -489.078131386150915 ], [ 1626.356097391287904, -483.421045036509213 ], [ 1617.633717557038381, -486.511259606357555 ], [ 1608.836574467066839, -477.564590004941692 ], [ 1599.914825950891554, -476.891720703442445 ], [ 1594.731240220823338, -465.477863663196047 ], [ 1594.531871538897576, -462.038753899977678 ], [ 1595.080135414193364, -458.026459176222943 ], [ 1595.777925800932735, -457.528037471408481 ] ] ] } },
{ "type": "Feature", "properties": { "code": "silesia", "name": "Silesia", "capital": null, "culture": null, "civs": "germ", "provinceType": "land", "terrain": null, "mapTypes": null, "resources": null, "religion": null, "population": "medium" }, "geometry": { "type": "Polygon", "coordinates": [ [ [ 1815.80618739118654, -329.782554527515344 ], [ 1820.042771882107672, -370.354081299395546 ], [ 1811.669287241227721, -380.123146713754863 ], [ 1812.068024605079245, -391.885898947371231 ], [ 1831.406786751872232, -405.243600636393239 ], [ 1832.802367525352111, -421.591832554300709 ], [ 1840.976483484305845, -425.579206192814752 ], [ 1842.970170303563009, -422.987413327780644 ], [ 1848.153756033631225, -424.981100147037637 ], [ 1855.331028582956378, -421.79120123622647 ], [ 1860.31524563109906, -419.79751441696942 ], [ 1867.891255544275509, -421.990569918152119 ], [ 1872.476735228566668, -419.199408371192305 ], [ 1876.663477549006529, -419.79751441696942 ], [ 1880.052745141743344, -418.202564961563837 ], [ 1883.442012734480386, -418.401933643489542 ], [ 1891.416760011508359, -421.79120123622647 ], [ 1898.793401242759273, -418.800671007340952 ], [ 1900.587719380090675, -413.018979231495564 ], [ 1900.587719380090675, -409.031605592981578 ], [ 1906.568779837861712, -393.281479720851166 ], [ 1900.587719380090675, -387.300419263080073 ], [ 1894.008552876542581, -386.90168189922872 ], [ 1894.008552876542581, -379.923778031829158 ], [ 1893.410446830765295, -375.338298347538 ], [ 1891.616128693434121, -371.550293390949662 ], [ 1887.828123736845782, -368.360394480138439 ], [ 1883.242644052554624, -364.771758205475862 ], [ 1882.943591029666095, -362.877755727181636 ], [ 1877.261583594783588, -362.678387045255931 ], [ 1876.264740185155233, -362.977440068144517 ], [ 1872.775788251455424, -362.179965340441697 ], [ 1864.850883144908721, -361.681543635627406 ], [ 1857.225031061250775, -358.740855577223329 ], [ 1853.935447809476727, -359.289119452519003 ], [ 1849.698863318555368, -357.694169997113363 ], [ 1841.773958212008665, -348.996711248104646 ], [ 1840.116706043501154, -345.55760148488622 ], [ 1834.708830546265972, -340.423857925299615 ], [ 1824.04260606324101, -336.286957775341364 ], [ 1815.80618739118654, -329.782554527515344 ] ] ] } },
{ "type": "Feature", "properties": { "code": "english_channel", "name": "English Channel", "capital": null, "culture": null, "civs": null, "provinceType": "sea", "terrain": null, "mapTypes": null, "resources": null, "religion": null, "population": null }, "geometry": { "type": "Polygon", "coordinates": [ [ [ 1656.473228904690586, -296.961485265496776 ], [ 1714.090777981218253, -295.765273173942546 ], [ 1706.11603070419028, -305.534338588301921 ], [ 1705.119187294561698, -312.711611137627187 ], [ 1690.365904832059869, -332.847848012123052 ], [ 1686.378531193545768, -334.442797467528635 ], [ 1682.59052623695743, -337.433327696414153 ], [ 1680.198102053849198, -338.629539787968383 ], [ 1671.425880049118177, -345.607443655367888 ], [ 1654.878279449284946, -348.398605202327758 ], [ 1649.096587673439672, -361.158200845572651 ], [ 1640.124996986783117, -368.534842076823622 ], [ 1625.770451888132584, -368.734210758749327 ], [ 1621.184972203841426, -374.515902534594659 ], [ 1624.175502432726944, -379.10138221888576 ], [ 1623.178659023098589, -380.496962992365695 ], [ 1600.849366647419856, -374.515902534594659 ], [ 1599.852523237791502, -366.142417893715219 ], [ 1590.232984334875709, -363.201729835311028 ], [ 1586.04624201443653, -365.095732313605367 ], [ 1585.348451627696477, -368.086262542490886 ], [ 1585.24876728673371, -370.777739748487818 ], [ 1587.441822787916408, -376.559431524333149 ], [ 1588.239297515619228, -379.450277412255844 ], [ 1585.348451627696477, -388.820605462763808 ], [ 1583.454449149402308, -386.2288125977297 ], [ 1566.906848549569077, -385.730390892915466 ], [ 1561.125156773723575, -378.453434002627375 ], [ 1541.287972922116296, -377.755643615887436 ], [ 1532.565593087867228, -380.148067798995783 ], [ 1529.026798983685921, -391.262871816353595 ], [ 1530.223011075240038, -398.041407001827622 ], [ 1530.821117121017323, -298.15769735705112 ], [ 1532.117013553534207, -296.861800924534066 ], [ 1532.515750917385503, -294.369692400462782 ], [ 1535.905018510122545, -292.774742945057199 ], [ 1537.599652306490952, -291.578530853502969 ], [ 1537.300599283602423, -287.989894578840335 ], [ 1572.588855984451584, -290.880740466763029 ], [ 1571.891065597711531, -293.273164649871433 ], [ 1571.292959551934473, -295.366535810091307 ], [ 1571.39264389289724, -296.861800924534066 ], [ 1570.894222188082949, -299.75264681245676 ], [ 1570.296116142305891, -300.649805881122404 ], [ 1567.504954595346135, -302.643492700379397 ], [ 1564.713793048386378, -303.440967428082217 ], [ 1562.122000183352156, -303.939389132896451 ], [ 1556.838730112321173, -306.132444634079206 ], [ 1554.246937247286951, -305.933075952153501 ], [ 1551.854513064178491, -307.627709748521966 ], [ 1550.658300972624374, -309.621396567778959 ], [ 1550.658300972624374, -311.914136409924538 ], [ 1552.15356608706702, -315.104035320735761 ], [ 1555.443149338841295, -316.898353458067049 ], [ 1558.433679567726813, -317.895196867695574 ], [ 1561.822947160463627, -316.001194389401405 ], [ 1563.118843592980511, -319.988568027915449 ], [ 1568.800851027862791, -320.586674073692564 ], [ 1572.688540325414124, -322.979098256800967 ], [ 1579.267706828962218, -325.37152243990937 ], [ 1583.853186513253377, -323.876257325466611 ], [ 1585.946557673473308, -322.380992211023852 ], [ 1589.535193948135884, -322.879413915838086 ], [ 1584.650661240956197, -325.869944144723604 ], [ 1581.560446671107684, -329.159527396497708 ], [ 1575.579386213336647, -329.059843055534827 ], [ 1569.698010096528606, -327.066156236277834 ], [ 1564.813477389348918, -326.866787554352129 ], [ 1556.739045771358178, -333.445954057900394 ], [ 1549.462088881070031, -340.623226607225604 ], [ 1546.272189970258751, -341.919123039742658 ], [ 1541.587025945004825, -345.208706291516762 ], [ 1534.708806418567974, -347.202393110773755 ], [ 1533.911331690865381, -347.501446133662341 ], [ 1535.605965487233789, -349.295764270993629 ], [ 1536.403440214936609, -350.791029385436389 ], [ 1542.982606718484703, -350.691345044473564 ], [ 1545.474715242555931, -349.893870316770744 ], [ 1548.365561130478682, -347.40176179269946 ], [ 1553.549146860546898, -347.302077451736636 ], [ 1561.224841114686342, -346.305234042108111 ], [ 1564.21537134357186, -347.900183497513694 ], [ 1565.610952117051738, -349.993554657733569 ], [ 1566.109373821866029, -350.791029385436389 ], [ 1566.906848549568849, -351.488819772176328 ], [ 1567.704323277271669, -351.987241476990619 ], [ 1573.785068076005473, -345.208706291516762 ], [ 1573.685383735042706, -343.215019472259769 ], [ 1576.974966986816753, -342.317860403594068 ], [ 1587.641191469841715, -342.915966449371183 ], [ 1588.239297515619, -346.903340087885226 ], [ 1596.61278215649827, -346.105865360182406 ], [ 1597.908678589015381, -347.102708769810931 ], [ 1602.593842614269306, -345.308390632479586 ], [ 1607.677744003374755, -348.697658225216514 ], [ 1608.325692219633083, -350.093238998696393 ], [ 1616.051228644254024, -345.856654507775261 ], [ 1624.025975921281997, -348.273999776124356 ], [ 1630.480536998626576, -348.398605202327929 ], [ 1633.670435909437856, -351.214687834528377 ], [ 1646.828768916534045, -346.42983946831157 ], [ 1650.168194338789817, -343.389467068944612 ], [ 1657.096256035707938, -340.797674203910503 ], [ 1657.794046422447764, -337.308722270210751 ], [ 1656.747360842337685, -335.315035450953701 ], [ 1646.529715893645289, -334.268349870843736 ], [ 1641.246445822614305, -333.121979949770946 ], [ 1643.190290471389972, -330.231134061848309 ], [ 1648.024981008088616, -329.932081038959836 ], [ 1659.438838048334901, -323.9510205811888 ], [ 1664.871634630810377, -319.863962601711933 ], [ 1667.912007030177165, -315.029272065013629 ], [ 1668.958692610287244, -308.300579050021156 ], [ 1667.662796177770133, -303.216677660915821 ], [ 1663.226843004922785, -299.12961968143901 ], [ 1658.541678979668859, -297.1857750326634 ], [ 1656.473228904690586, -296.961485265496776 ] ] ] } },
{ "type": "Feature", "properties": { "code": "kulin", "name": "Kulin", "capital": null, "culture": null, "civs": null, "provinceType": "land", "terrain": "temperate_forest", "mapTypes": null, "resources": null, "religion": null, "population": "medium" }, "geometry": { "type": "Polygon", "coordinates": [ [ [ 3676.339148073020624, -1712.765922920890716 ], [ 3682.47302231237154, -1723.261663286002431 ], [ 3685.47180527383216, -1725.578904665312621 ], [ 3686.153346855982363, -1733.893711967543823 ], [ 3682.609330628801672, -1735.529411764704037 ], [ 3682.064097363081146, -1745.343610547665776 ], [ 3686.153346855981908, -1749.432860040566538 ], [ 3695.422312373223122, -1761.97322515212818 ], [ 3702.237728194724241, -1761.1553752535483 ], [ 3711.234077079105646, -1769.33387423934937 ], [ 3716.141176470586288, -1769.606490872209406 ], [ 3718.867342799186645, -1764.972008113588799 ], [ 3725.682758620687764, -1767.698174442189156 ], [ 3742.857606490870239, -1774.786206896550084 ], [ 3756.488438133872478, -1766.880324543608822 ], [ 3764.39432048681374, -1769.879107505069214 ], [ 3773.390669371195145, -1771.787423935089464 ], [ 3779.38823529411593, -1772.0600405679495 ], [ 3784.295334685596572, -1777.784989858010476 ], [ 3790.292900608517357, -1771.242190669369393 ], [ 3799.834482758618833, -1770.424340770789286 ], [ 3804.196348884379404, -1762.518458417848251 ], [ 3818.099797160241451, -1755.975659229207167 ], [ 3832.821095334683832, -1753.249492900606811 ], [ 3838.818661257604617, -1748.88762677484624 ], [ 3874.940365111559004, -1704.723732251520005 ], [ 3881.483164300200315, -1678.552535496956125 ], [ 3896.613387423931727, -1658.515212981743161 ], [ 3902.883569979712775, -1636.160649087219781 ], [ 3907.518052738333608, -1630.435699797159032 ], [ 3908.335902636913488, -1615.987018255576913 ], [ 3914.060851926974465, -1603.446653144015045 ], [ 3915.696551724134679, -1591.724137931033283 ], [ 3913.515618661254393, -1586.817038539552641 ], [ 3909.426369168353631, -1586.817038539552641 ], [ 3866.216632860037407, -1574.549290060851035 ], [ 3707.008519269773842, -1557.783367139958727 ], [ 3704.554969574032839, -1559.078296146042931 ], [ 3695.149695740362404, -1571.482352941174895 ], [ 3684.10872210953039, -1588.589046653143214 ], [ 3681.51886409735971, -1608.762677484786082 ], [ 3676.202839756589128, -1617.350101419877319 ], [ 3683.972413793100259, -1636.569574036510176 ], [ 3678.247464503038827, -1652.108722109532437 ], [ 3684.108722109529936, -1691.910750507098101 ], [ 3676.339148073020624, -1712.765922920890716 ] ] ] } },
{ "type": "Feature", "properties": { "code": "libya", "name": "Libya", "capital": null, "culture": null, "civs": "cart", "provinceType": "land", "terrain": "desert", "mapTypes": null, "resources": null, "religion": null, "population": "low" }, "geometry": { "type": "Polygon", "coordinates": [ [ [ 1858.59959432049277, -912.295334685600665 ], [ 2039.88965517241968, -942.010547667344781 ], [ 2048.954158215015923, -911.95456389452545 ], [ 2055.360649087226648, -844.073022312375542 ], [ 1951.221095334691199, -836.439756592294316 ], [ 1904.058417849904345, -794.184178498988103 ], [ 1894.789452332663132, -798.818661257608824 ], [ 1871.344421906699608, -786.278296146046955 ], [ 1866.709939148079002, -891.508316430022205 ], [ 1858.59959432049277, -912.295334685600665 ] ] ] } },
{ "type": "Feature", "properties": { "code": "liang", "name": "Liang", "capital": null, "culture": null, "civs": "han", "provinceType": "land", "terrain": null, "mapTypes": null, "resources": null, "religion": null, "population": "high" }, "geometry": { "type": "Polygon", "coordinates": [ [ [ 3508.202839756589128, -554.826774847869274 ], [ 3530.830020283972317, -548.761054766733423 ], [ 3527.967545638942283, -535.879918864096567 ], [ 3538.326977687623639, -534.516835699796388 ], [ 3538.735902636913579, -538.606085192696924 ], [ 3572.438133874236428, -543.445030425962727 ], [ 3576.356997971599412, -542.831643002027704 ], [ 3569.507505070989737, -558.950101419877569 ], [ 3577.072616632855897, -566.787829614603538 ], [ 3561.056389452328858, -572.240162271804252 ], [ 3545.653549695736729, -569.854766734278996 ], [ 3542.109533468556037, -565.356592292088408 ], [ 3537.81582150101076, -569.309533468558925 ], [ 3547.493711967541913, -588.529006085191554 ], [ 3547.425557809326619, -598.275050709937773 ], [ 3512.530628803242507, -593.367951318457017 ], [ 3511.23569979715694, -583.281135902635697 ], [ 3512.462474645027214, -583.349290060850763 ], [ 3508.202839756589128, -554.826774847869274 ] ] ] } },
{ "type": "Feature", "properties": { "code": "nanyue", "name": "Nan Yue", "capital": null, "culture": null, "civs": "han", "provinceType": "land", "terrain": "tropical_forest", "mapTypes": null, "resources": null, "religion": null, "population": "high" }, "geometry": { "type": "Polygon", "coordinates": [ [ [ 3385.695740365110396, -793.877484787013827 ], [ 3463.936713995940863, -793.332251521293756 ], [ 3471.842596348882125, -771.795537525350937 ], [ 3526.638539553749069, -767.433671399590366 ], [ 3529.364705882349426, -775.066937119671366 ], [ 3535.362271805270211, -784.063286004052543 ], [ 3543.813387423931545, -786.7894523326529 ], [ 3545.176470588231496, -804.236916835695183 ], [ 3512.735091277887477, -811.870182555776182 ], [ 3502.920892494926193, -818.95821501013711 ], [ 3497.195943204865216, -820.593914807297324 ], [ 3493.379310344824717, -827.409330628798216 ], [ 3487.381744421903932, -822.229614604457538 ], [ 3479.475862068963124, -826.591480730218109 ], [ 3473.205679513182076, -827.681947261658252 ], [ 3463.118864097360984, -830.95334685597868 ], [ 3445.126166328598629, -831.7711967545589 ], [ 3438.310750507097509, -841.312778904660263 ], [ 3435.243813387422051, -840.01784989857515 ], [ 3436.743204868152134, -841.9261663285954 ], [ 3450.101419878294109, -858.146855983767296 ], [ 3437.6973630831626, -874.640162271799454 ], [ 3419.568356997970113, -881.455578093300346 ], [ 3413.161866125759389, -881.319269776870328 ], [ 3400.894117647057556, -874.503853955369436 ], [ 3401.439350912777627, -865.916430020278312 ], [ 3423.793914807300553, -849.559432048676172 ], [ 3418.88681541581991, -840.563083164294881 ], [ 3420.386206896550448, -834.974442190664149 ], [ 3425.29330628803109, -829.385801217033418 ], [ 3414.252332657199531, -831.566734279913703 ], [ 3409.345233265718889, -831.294117647053667 ], [ 3402.257200811357961, -828.431643002023293 ], [ 3395.237322515212327, -827.545638945228006 ], [ 3378.607707910749923, -829.86288032453831 ], [ 3365.658417849898342, -834.701825557804341 ], [ 3329.809330628803309, -804.713995943200302 ], [ 3327.492089249493347, -803.759837728190178 ], [ 3337.442596348884308, -793.809330628798875 ], [ 3367.566734279918364, -794.218255578088929 ], [ 3385.695740365110396, -793.877484787013827 ] ] ] } },
{ "type": "Feature", "properties": { "code": "xivi", "name": "Xivi (Hanoi)", "capital": "Xivi", "culture": "", "civs": "han", "provinceType": "land", "terrain": null, "mapTypes": null, "resources": null, "religion": null, "population": "medium" }, "geometry": { "type": "Polygon", "coordinates": [ [ [ 3328.037322515211599, -804.168762677480231 ], [ 3313.861257606489744, -811.529411764701194 ], [ 3292.869776876267224, -833.066125760644127 ], [ 3272.696146044624584, -854.33022312372691 ], [ 3294.778093306287246, -879.138336713990157 ], [ 3319.040973630830649, -899.311967545632797 ], [ 3327.287626774847013, -906.127383367133802 ], [ 3327.492089249491983, -906.331845841778886 ], [ 3357.207302231236554, -911.034482758614445 ], [ 3359.729006085191941, -907.831237322509082 ], [ 3351.891277890465972, -902.038133874233267 ], [ 3338.533062880323541, -888.134685598371448 ], [ 3338.873833671398643, -886.976064908716353 ], [ 3325.78823529411693, -876.071399594314926 ], [ 3323.743610547666776, -871.232454361049236 ], [ 3335.977281947260963, -855.522920892489878 ], [ 3344.223935091276871, -850.343204868149201 ], [ 3347.222718052737491, -847.003651115613707 ], [ 3350.834888438132566, -848.025963488838897 ], [ 3359.763083164299132, -837.121298174437356 ], [ 3365.760649087219917, -834.735902636912101 ], [ 3330.116024340770309, -804.543610547663206 ], [ 3327.458012170384791, -803.657606490868034 ], [ 3326.912778904664719, -804.407302231233189 ], [ 3328.037322515211599, -804.168762677480231 ] ] ] } },
{ "type": "Feature", "properties": { "code": "Indraprastha", "name": "Indraprastha", "capital": "Indraprastha", "culture": "", "civs": "maur", "provinceType": "land", "terrain": null, "mapTypes": null, "resources": null, "religion": null, "population": "high" }, "geometry": { "type": "Polygon", "coordinates": [ [ [ 2802.995305267313597, -765.352369070011378 ], [ 2795.086916927292805, -746.535858881686408 ], [ 2796.177729112123416, -726.901239554738481 ], [ 2808.176663145257862, -720.0836633995483 ], [ 2820.721003270808069, -709.99365068986674 ], [ 2827.265876379790825, -707.266620227790668 ], [ 2841.310083259482781, -724.174209092662409 ], [ 2901.986511040675396, -745.581398219959738 ], [ 2901.304753425156377, -746.194980073926786 ], [ 2900.418468524981563, -746.194980073926786 ], [ 2895.646165216348436, -753.28525927532462 ], [ 2885.62432826821896, -759.489253576547753 ], [ 2874.238976089050993, -755.398707883433644 ], [ 2868.784915164898848, -767.670344962775857 ], [ 2869.773463707401334, -777.760357672457303 ], [ 2847.207286633722106, -773.209625588867993 ], [ 2804.324732617575592, -768.573673803338806 ], [ 2802.995305267313597, -765.352369070011378 ] ] ] } },
{ "type": "Feature", "properties": { "code": "baekje", "name": "Baekje", "capital": null, "culture": null, "civs": "han", "provinceType": "land", "terrain": null, "mapTypes": null, "resources": null, "religion": null, "population": "high" }, "geometry": { "type": "Polygon", "coordinates": [ [ [ 3684.064759683320972, -507.392331298001523 ], [ 3683.042123260042445, -508.41496772128005 ], [ 3676.565425912611772, -508.551319244383819 ], [ 3671.111364988459627, -517.209640961475429 ], [ 3674.042922735191041, -521.981944270108556 ], [ 3681.269553459692816, -523.14093221649091 ], [ 3683.459699799549981, -530.623222046811975 ], [ 3691.359566169374375, -524.981677778392282 ], [ 3702.404039540782378, -525.390732347703647 ], [ 3700.358766694225324, -530.026684133233061 ], [ 3700.316156843256977, -534.730811680313877 ], [ 3701.99498497147124, -535.617096580489147 ], [ 3705.778739737601882, -537.151051215406937 ], [ 3706.392321591568816, -539.059972538860166 ], [ 3703.085797156301851, -542.775551543438837 ], [ 3694.529739081538082, -541.002981743089322 ], [ 3690.848247957736021, -549.695391340956917 ], [ 3698.279405966893137, -549.763567102508773 ], [ 3698.620284774652646, -555.83120988062808 ], [ 3704.756103314323809, -560.058107096846015 ], [ 3704.756103314324264, -562.614698155042447 ], [ 3699.267954509396077, -568.341462125402131 ], [ 3698.824812059308897, -571.886601726101048 ], [ 3693.234399612053039, -577.715629338788858 ], [ 3693.711629942916261, -584.601381255530782 ], [ 3695.347848220162177, -588.419223902437352 ], [ 3690.575544911528596, -591.350781649169107 ], [ 3692.757169281189817, -599.054642704534103 ], [ 3700.051975767243221, -599.395521512293612 ], [ 3704.96063059898006, -601.304442835746841 ], [ 3721.459164894540663, -589.850914895027245 ], [ 3728.072213765075048, -591.964363503136269 ], [ 3733.253571643019768, -584.260502447771273 ], [ 3722.294317973552097, -516.306312120912821 ], [ 3718.851442015180965, -516.630146988284309 ], [ 3710.303905910610865, -514.273822229646726 ], [ 3684.064759683320972, -507.392331298001523 ] ] ] } },
{ "type": "Feature", "properties": { "code": "himalaia", "name": "Himalaia", "capital": null, "culture": null, "civs": "han maur", "provinceType": "land", "terrain": null, "mapTypes": null, "resources": null, "religion": null, "population": "medium" }, "geometry": { "type": "Polygon", "coordinates": [ [ [ 2828.003229705655031, -708.356620796411448 ], [ 2849.592220863756211, -673.3921945147938 ], [ 2873.908242483923914, -672.742901547630822 ], [ 2936.88966029853691, -715.596237380254024 ], [ 2978.704127383702144, -720.530863930677242 ], [ 3033.244736625222686, -724.166904546778596 ], [ 3043.373706912933812, -717.673974875169051 ], [ 3109.082155189622426, -709.622742082373179 ], [ 3111.419609871401917, -739.749935758641527 ], [ 3022.856049150647323, -776.110341919655184 ], [ 3012.46736167607196, -777.928362227705748 ], [ 3009.870189807428233, -773.772887237875693 ], [ 2978.444410196837907, -768.318826313723662 ], [ 2951.174105576077636, -760.787027894656603 ], [ 2936.370225924807983, -760.787027894656603 ], [ 2840.924159752148171, -723.777328766482128 ], [ 2828.003229705655031, -708.356620796411448 ] ] ] } },
{ "type": "Feature", "properties": { "code": "tibet", "name": "Tibet", "capital": null, "culture": null, "civs": "han", "provinceType": "land", "terrain": "cordilheira", "mapTypes": null, "resources": null, "religion": null, "population": "low" }, "geometry": { "type": "Polygon", "coordinates": [ [ [ 2873.453737406915479, -672.67797225091465 ], [ 2849.494826918682065, -673.424659163151887 ], [ 2836.314179685309227, -631.253080946045657 ], [ 2850.598624962853137, -596.191260719356137 ], [ 2886.439596750137753, -583.205401376137047 ], [ 2938.383034123014568, -558.272551437156267 ], [ 3012.662149566227527, -558.272551437156267 ], [ 3097.329952484016303, -584.244270123594561 ], [ 3098.88825560520263, -657.484516819350347 ], [ 3075.124133007109776, -673.846699591804509 ], [ 3052.009303376180014, -692.026902672311394 ], [ 3039.802595593554088, -713.973004962351638 ], [ 3042.919201835926742, -718.518055732478388 ], [ 3035.387403416859343, -726.699147118706946 ], [ 2936.43515522152984, -717.609045578453561 ], [ 2873.453737406915479, -672.67797225091465 ] ] ] } },
{ "type": "Feature", "properties": { "code": "suvarnabhumi", "name": "Suvarnabhumi", "capital": null, "culture": null, "civs": "maur", "provinceType": "land", "terrain": "tropical_forest", "mapTypes": null, "resources": null, "religion": null, "population": "medium" }, "geometry": { "type": "Polygon", "coordinates": [ [ [ 3035.906837790590544, -866.686710838609656 ], [ 3055.385626805419179, -846.948204636916557 ], [ 3056.164778366012342, -827.729132808952272 ], [ 3069.150637709231432, -806.95175785980166 ], [ 3085.512820481687413, -800.199111001327651 ], [ 3128.885590688039429, -814.483556278868718 ], [ 3154.078157813884445, -838.896971844120685 ], [ 3134.079934425327338, -857.85632648522062 ], [ 3127.327287566853101, -881.750307676743773 ], [ 3138.754843788885864, -922.006471640723134 ], [ 3121.094075082108247, -930.577138807247707 ], [ 3122.652378203294575, -923.564774761909348 ], [ 3119.795489147786157, -916.552410716571103 ], [ 3115.640014157956102, -916.812127903435453 ], [ 3113.042842289312375, -910.319198231825908 ], [ 3113.042842289312375, -904.345702933945063 ], [ 3109.147084486346557, -903.306834186487549 ], [ 3102.913872001601248, -903.566551373351899 ], [ 3103.693023562194412, -907.981743550046417 ], [ 3102.134720441008085, -914.994107595384776 ], [ 3095.64179076939854, -918.37043102462178 ], [ 3093.304336087619049, -913.176087287334099 ], [ 3090.966881405839558, -914.994107595384776 ], [ 3092.26546734016074, -918.63014821148613 ], [ 3081.617062678721595, -928.629259905764911 ], [ 3059.930677575545815, -923.954350542206043 ], [ 3069.280496302663778, -910.44905682525814 ], [ 3069.540213489528014, -903.176975593055431 ], [ 3064.216011158808215, -889.931399062971877 ], [ 3057.723081487198669, -885.646065479709591 ], [ 3055.125909618554942, -886.684934227167105 ], [ 3056.034919772579997, -890.970267810429391 ], [ 3051.100293222156779, -891.359843590725973 ], [ 3049.671848694402797, -888.1133787549212 ], [ 3054.087040871097088, -881.880166270176005 ], [ 3055.775202585715761, -877.854549873778069 ], [ 3048.95762643052467, -876.620893236172151 ], [ 3046.944818232325815, -876.296246752591742 ], [ 3043.308777616224688, -877.529903390197546 ], [ 3042.269908868766834, -878.114267060642419 ], [ 3039.477949109974816, -874.802872928121474 ], [ 3038.244292472369125, -872.854994026638678 ], [ 3036.16655497745387, -870.322751454710897 ], [ 3035.906837790590544, -866.686710838609656 ] ] ] } },
{ "type": "Feature", "properties": { "code": "wushu", "name": "wushu", "capital": null, "culture": null, "civs": "han", "provinceType": "land", "terrain": null, "mapTypes": null, "resources": null, "religion": null, "population": "low" }, "geometry": { "type": "Polygon", "coordinates": [ [ [ 2875.012040528106354, -346.603044142684439 ], [ 2703.598697197613546, -309.723203607942196 ], [ 2686.457362864564402, -293.101303648621695 ], [ 2751.90609395438878, -188.694994529139905 ], [ 2784.630459499300287, -124.804566560501854 ], [ 2921.241699789965878, -98.313413500334846 ], [ 3037.594999505209216, -93.638504136775964 ], [ 3144.598480493334591, -108.702100974910138 ], [ 3232.90232402722495, -142.984769641008654 ], [ 3197.580786613669261, -242.716169396931548 ], [ 3049.02255572724107, -243.495320957524768 ], [ 2883.582707694630699, -331.279730117686086 ], [ 2882.803556134037535, -347.38219570327783 ], [ 2875.012040528106354, -346.603044142684439 ] ] ] } },
{ "type": "Feature", "properties": { "code": "arachosia", "name": "Arachosia", "capital": null, "culture": null, "civs": "pers", "provinceType": "land", "terrain": null, "mapTypes": null, "resources": null, "religion": null, "population": "medium" }, "geometry": { "type": "Polygon", "coordinates": [ [ [ 2701.520959702698292, -721.374944787988738 ], [ 2718.662294035747436, -669.950941788841078 ], [ 2743.075709600999744, -643.979223102402784 ], [ 2792.421975105232377, -629.954495011726181 ], [ 2838.132199993363429, -634.109970001556235 ], [ 2849.527291567040265, -673.327265218077741 ], [ 2827.743512518788521, -708.908519818498462 ], [ 2821.997269759415758, -709.81752997252363 ], [ 2796.577450095061977, -727.08872289900512 ], [ 2795.408722754172686, -747.2168048809948 ], [ 2804.498824294425958, -767.994179830145413 ], [ 2782.552722004385487, -785.914665723787834 ], [ 2766.320397825361852, -775.13640246891589 ], [ 2701.13138392240171, -723.712399469768229 ], [ 2701.520959702698292, -721.374944787988738 ] ] ] } },
{ "type": "Feature", "properties": { "code": "funan", "name": "Funan", "capital": null, "culture": null, "civs": "han", "provinceType": "land", "terrain": null, "mapTypes": null, "resources": null, "religion": null, "population": "medium" }, "geometry": { "type": "Polygon", "coordinates": [ [ [ 3327.27705680407189, -906.228652538712709 ], [ 3357.274391886907779, -910.643844715407226 ], [ 3359.871563755551506, -907.13766269273799 ], [ 3361.170149689873597, -907.13766269273799 ], [ 3362.85831140449227, -910.773703308839345 ], [ 3369.221382482669469, -914.409743924940699 ], [ 3371.299119977584269, -918.045784541042167 ], [ 3375.324736373981978, -920.253380629389426 ], [ 3381.168373078430704, -928.434472015617416 ], [ 3383.246110573345504, -931.680936851422302 ], [ 3386.362716815718159, -933.75867434633733 ], [ 3388.700171497497649, -939.082876677057129 ], [ 3392.595929300464377, -948.432695404174865 ], [ 3391.557060553006977, -951.029867272818592 ], [ 3392.595929300464377, -953.627039141462433 ], [ 3392.595929300464377, -958.301948505021301 ], [ 3391.557060553006977, -972.846110969426718 ], [ 3391.557060553006977, -977.001585959256886 ], [ 3391.816777739871213, -980.63762657535824 ], [ 3381.42809026529585, -994.922071852899307 ], [ 3374.675443406822069, -996.740092160949985 ], [ 3356.49524032631507, -1007.128779635525234 ], [ 3353.248775490510525, -1006.739203855228652 ], [ 3340.522633334155671, -1010.115527284465657 ], [ 3327.406915397504235, -1010.245385877897775 ], [ 3320.394551352165308, -1019.984780385312433 ], [ 3318.576531044114745, -1020.763931945905597 ], [ 3301.435196711065146, -1006.99892104209323 ], [ 3321.693137286486945, -982.325788289976913 ], [ 3341.171926301316034, -975.573141431502904 ], [ 3348.184290346654507, -963.106716462012287 ], [ 3342.989946609367053, -940.771038391675347 ], [ 3335.717865377164344, -924.668572806083603 ], [ 3328.965218518690563, -912.721582210322026 ], [ 3327.27705680407189, -906.228652538712709 ] ] ] } },
{ "type": "Feature", "properties": { "code": "milano", "name": "milano", "capital": "Medhelanon", "culture": null, "civs": "gaul", "provinceType": "land", "terrain": null, "mapTypes": null, "resources": null, "religion": null, "population": "medium" }, "geometry": { "type": "Polygon", "coordinates": [ [ [ 1664.178050717996939, -514.575134747222819 ], [ 1668.073808520962757, -503.926730085783163 ], [ 1679.241647556131284, -498.732386348495538 ], [ 1690.409486591299583, -498.212951974766725 ], [ 1706.252234990027091, -496.135214479851697 ], [ 1709.076659397177309, -495.323598270900334 ], [ 1711.608901969104863, -503.407295712054236 ], [ 1722.127448037112345, -511.815639636788603 ], [ 1716.608457816244254, -513.601195296481251 ], [ 1708.427366430016264, -512.854508384246174 ], [ 1703.168093396012637, -517.724205637953446 ], [ 1693.72088072382121, -521.068064418832364 ], [ 1692.487224086215292, -525.450791947168796 ], [ 1686.870839920273056, -527.009095068355123 ], [ 1680.929809270749956, -527.463600145367764 ], [ 1676.092576665400884, -528.210287057602955 ], [ 1675.378354401523666, -525.483256595526882 ], [ 1669.534717697075166, -523.502913045686 ], [ 1668.398455004543166, -519.931801726300705 ], [ 1664.632555795009694, -520.256448209881228 ], [ 1666.775222586640666, -517.821599583027592 ], [ 1667.03493977350513, -514.932245879161428 ], [ 1665.638959894109121, -515.516609549606301 ], [ 1664.242980014713112, -515.808791384828737 ], [ 1664.178050717996939, -514.575134747222819 ] ] ] } },
{ "type": "Feature", "properties": { "code": "corsica_sardinia", "name": "Corsica Sardinia", "capital": null, "culture": null, "civs": "rome", "provinceType": "land", "terrain": "island", "mapTypes": null, "resources": null, "religion": null, "population": "medium" }, "geometry": { "type": "Polygon", "coordinates": [ [ [ 1723.880539048447872, -545.871055764381026 ], [ 1725.63363005978249, -540.546853433661113 ], [ 1727.841226148129635, -538.339257345313854 ], [ 1731.866842544527572, -537.689964378152922 ], [ 1734.593873006603644, -535.677156179953954 ], [ 1737.515691358828008, -536.391378443831059 ], [ 1738.035125732556708, -536.131661256966709 ], [ 1738.489630809569462, -534.89800461936079 ], [ 1738.879206589866044, -532.0411155638526 ], [ 1740.502439007768317, -531.586610486839959 ], [ 1740.567368304484489, -534.378570245632091 ], [ 1738.10005502927288, -536.910812817559759 ], [ 1739.528499557026862, -537.949681565017386 ], [ 1741.28159056836148, -542.62459092857614 ], [ 1740.956944084781071, -546.455419434825785 ], [ 1738.554560106285408, -552.42891473270663 ], [ 1737.840337842408417, -555.155945194782589 ], [ 1736.152176127789971, -559.311420184612757 ], [ 1734.334155819739408, -562.038450646688716 ], [ 1733.61993355586219, -564.051258844887684 ], [ 1734.074438632874944, -566.453642823383234 ], [ 1738.684418699717753, -569.894895549336297 ], [ 1738.424701512853517, -572.751784604844488 ], [ 1739.593428853743035, -573.66079475886977 ], [ 1741.476378458509998, -575.80346155050097 ], [ 1742.515247205967398, -578.66035060600916 ], [ 1743.099610876412271, -580.673158804208128 ], [ 1740.502439007768544, -587.620593552830428 ], [ 1738.61948940300158, -588.26988651999136 ], [ 1739.398640963594744, -592.035785729524832 ], [ 1739.268782370162626, -598.398856807702145 ], [ 1738.61948940300158, -600.801240786197695 ], [ 1737.320903468679717, -603.787988435138118 ], [ 1735.502883160628926, -608.982332172425686 ], [ 1734.009509336158771, -611.124998964056886 ], [ 1730.503327313489763, -608.527827095413045 ], [ 1726.088135136795245, -609.501766546154499 ], [ 1725.308983576202081, -610.345847403463722 ], [ 1724.140256235312336, -616.708918481641149 ], [ 1717.777185157134909, -616.708918481641149 ], [ 1714.206073837749727, -613.202736458971913 ], [ 1713.6866394640208, -609.631625139586731 ], [ 1715.829306255652, -603.593200544989827 ], [ 1717.062962893257918, -599.762372038740182 ], [ 1717.517467970270445, -597.944351730689505 ], [ 1719.335488278321236, -595.866614235774364 ], [ 1716.868175003109627, -595.282250565329605 ], [ 1715.439730475355418, -596.321119312787118 ], [ 1716.024094145800291, -592.035785729524832 ], [ 1718.166760937431491, -591.97085643280866 ], [ 1717.062962893257236, -589.243825970732701 ], [ 1717.4525386735545, -581.647098254949583 ], [ 1714.076215244317609, -579.374572869886265 ], [ 1713.751568760736973, -575.933320143933088 ], [ 1715.504659772071591, -573.14136038514107 ], [ 1718.880983201308709, -573.985441242450293 ], [ 1723.231246081287054, -572.621926011412256 ], [ 1725.244054279485908, -571.323340077090393 ], [ 1726.672498807240117, -570.284471329632879 ], [ 1727.516579664549226, -569.700107659188006 ], [ 1729.39952926931619, -568.920956098594843 ], [ 1733.360216368998181, -566.128996339802711 ], [ 1733.425145665714126, -564.895339702196793 ], [ 1732.321347621540554, -564.116188141603743 ], [ 1730.827973797070399, -563.661683064590989 ], [ 1729.204741379167899, -562.103379943404775 ], [ 1726.21799373022759, -560.545076822218448 ], [ 1724.627225960683518, -555.091015898066416 ], [ 1724.854478499189781, -553.305460238373826 ], [ 1723.913003696806527, -552.493844029422576 ], [ 1723.036458191139218, -551.87701571061973 ], [ 1723.848074400090354, -550.286247941075317 ], [ 1724.351276449640181, -549.847975188241662 ], [ 1723.896771372627427, -546.877459863480226 ], [ 1723.880539048447872, -545.871055764381026 ] ] ] } },
{ "type": "Feature", "properties": { "code": "numantia", "name": "Numantia", "capital": null, "culture": null, "civs": "iber", "provinceType": "land", "terrain": null, "mapTypes": null, "resources": null, "religion": null, "population": "medium" }, "geometry": { "type": "Polygon", "coordinates": [ [ [ 1462.036917716609878, -539.167105878443977 ], [ 1468.594776684936278, -528.7459537555103 ], [ 1474.016372960729313, -523.973650446878082 ], [ 1500.767243207761112, -499.300517694761538 ], [ 1511.886385270392566, -509.965154680380067 ], [ 1520.797931244677784, -518.227407687502819 ], [ 1532.030699576562483, -529.265388129239113 ], [ 1523.979466783766384, -544.199126373941567 ], [ 1545.341205403362437, -569.45662279650287 ], [ 1530.147749971793928, -594.016129279364691 ], [ 1510.019667989806067, -611.076301991520609 ], [ 1503.851384801776703, -601.791412561118818 ], [ 1488.333282886628695, -591.873462487733605 ], [ 1466.135579571813196, -574.318203888119911 ], [ 1466.078766437186459, -571.826542126639652 ], [ 1466.330367461961941, -549.929136809136708 ], [ 1462.036917716609878, -539.167105878443977 ] ] ] } },
{ "type": "Feature", "properties": { "code": "galicia", "name": "Galicia", "capital": null, "culture": null, "civs": "iber", "provinceType": "land", "terrain": "hills", "mapTypes": null, "resources": null, "religion": null, "population": "medium" }, "geometry": { "type": "Polygon", "coordinates": [ [ [ 1493.17051549197754, -480.990456020822876 ], [ 1491.417424480643149, -479.886657976649246 ], [ 1488.755323315283249, -479.237365009488315 ], [ 1485.573787776194649, -476.705122437560647 ], [ 1480.574231929055259, -477.159627514573287 ], [ 1476.743403422805613, -477.224556811289403 ], [ 1474.990312411470995, -475.601324393387017 ], [ 1471.029625311789232, -476.315546657264065 ], [ 1468.107806959565096, -475.471465799954842 ], [ 1466.354715948230478, -475.016960722942144 ], [ 1463.238109705857823, -475.666253690103133 ], [ 1461.387624749449287, -474.562455645929731 ], [ 1460.186432760201569, -474.237809162349265 ], [ 1459.991644870053278, -471.543243348631336 ], [ 1455.511523396642588, -469.660293743864599 ], [ 1451.875482780541461, -468.556495699690913 ], [ 1450.219785714280988, -469.984940227444952 ], [ 1448.46669470294637, -469.56289979879034 ], [ 1447.005785526834188, -468.166919919394331 ], [ 1444.863118735203216, -468.816212886555263 ], [ 1444.311219713116316, -469.822616985654747 ], [ 1440.934896283879425, -472.095142370718008 ], [ 1439.24673456926098, -473.718374788620395 ], [ 1439.506451756125443, -474.757243536077908 ], [ 1440.740108393731134, -475.536395096671015 ], [ 1440.805037690447307, -476.380475953980238 ], [ 1439.116875975828862, -475.925970876967597 ], [ 1436.844350590765544, -475.666253690103247 ], [ 1434.571825205702226, -476.899910327708994 ], [ 1433.013522084515898, -476.96483962442511 ], [ 1432.104511930490617, -475.601324393387131 ], [ 1430.416350215872171, -474.952031426226199 ], [ 1428.208754127525026, -476.70512243756076 ], [ 1425.157077181868772, -478.263425558747031 ], [ 1422.235258829644408, -481.380031801119571 ], [ 1421.780753752631881, -483.717486482898948 ], [ 1422.300188126360581, -485.795223977814032 ], [ 1423.533844763966499, -485.795223977814032 ], [ 1424.702572104856017, -486.379587648258848 ], [ 1424.897359995004308, -488.717042330038282 ], [ 1423.728632654114563, -488.587183736606107 ], [ 1423.209198280385863, -490.9895677151016 ], [ 1424.572713511423899, -493.456880990313209 ], [ 1425.28693577530089, -494.300961847622432 ], [ 1424.637642808139617, -496.118982155673336 ], [ 1424.312996324559208, -497.15785090313085 ], [ 1425.416794368732781, -497.482497386711316 ], [ 1425.676511555597244, -498.359042892378568 ], [ 1425.416794368732781, -500.793891519232147 ], [ 1424.280531676201235, -502.839164365789088 ], [ 1422.917016445163199, -505.371406937716813 ], [ 1423.241662928743608, -507.18942724576749 ], [ 1424.410390269633353, -507.643932322780131 ], [ 1425.189541830226517, -509.072376850534226 ], [ 1424.540248863065472, -508.81265966366982 ], [ 1423.241662928743608, -510.565750675004381 ], [ 1424.410390269633353, -512.18898309290671 ], [ 1424.020814489336772, -513.357710433796456 ], [ 1423.696168005756363, -516.279528786020705 ], [ 1423.306592225459781, -518.681912764516255 ], [ 1423.826026599188481, -521.473872523308273 ], [ 1423.826026599188708, -524.687872710755073 ], [ 1427.786713698870471, -523.356822128075123 ], [ 1461.97198841989416, -539.232035175160263 ], [ 1468.594776684936051, -528.745953755511096 ], [ 1482.035141105167213, -516.977518725719051 ], [ 1500.775359369850548, -499.332982343120136 ], [ 1487.757035378273031, -496.037820534778291 ], [ 1492.732242739143885, -481.177127748882242 ], [ 1493.17051549197754, -480.990456020822876 ] ] ] } },
{ "type": "Feature", "properties": { "code": "aquitania", "name": "Aquitania", "capital": null, "culture": null, "civs": "gaul", "provinceType": "land", "terrain": "plains", "mapTypes": null, "resources": null, "religion": null, "population": "medium" }, "geometry": { "type": "Polygon", "coordinates": [ [ [ 1556.509044438528235, -493.229628451807798 ], [ 1556.314256548379944, -491.151890956892714 ], [ 1557.645307131060008, -489.561123187348414 ], [ 1560.307408296419908, -486.184799758111467 ], [ 1565.63161062713948, -475.341607206523747 ], [ 1566.345832891016471, -469.887546282371773 ], [ 1568.748216869511907, -463.914050984491041 ], [ 1570.761025067710762, -459.563788104512696 ], [ 1571.215530144723516, -455.862818191695283 ], [ 1572.773833265909843, -454.759020147521653 ], [ 1575.37100513455357, -457.096474829301087 ], [ 1576.929308255739898, -460.667586148686269 ], [ 1578.942116453938752, -463.71926309434275 ], [ 1579.201833640803216, -465.212636918812905 ], [ 1579.591409421099797, -466.706010743283116 ], [ 1580.045914498112325, -460.537727555254094 ], [ 1579.007045750654925, -458.20027287347466 ], [ 1574.981429354256989, -455.53817170811476 ], [ 1573.098479749490252, -452.746211949322685 ], [ 1575.695651618133979, -448.720595552924806 ], [ 1577.124096145888188, -447.09736313502242 ], [ 1594.525147665801342, -461.966172083008473 ], [ 1594.914723446097923, -465.472354105677596 ], [ 1599.979208589953259, -476.77005173427807 ], [ 1608.939451536774413, -477.419344701439059 ], [ 1612.96506793317235, -481.834536878133463 ], [ 1617.639977296731104, -486.379587648260099 ], [ 1626.340503056687794, -483.262981405887558 ], [ 1633.482725695458157, -488.846900923471708 ], [ 1640.365231147364057, -499.884881365207832 ], [ 1648.02688815986312, -503.910497761605711 ], [ 1655.298969392065828, -504.949366509063225 ], [ 1664.648788119183564, -511.312437587240538 ], [ 1665.103293196195864, -511.896801257685468 ], [ 1664.194283042170582, -516.052276247515465 ], [ 1661.337393986662391, -516.441852027812047 ], [ 1660.623171722785401, -520.012963347197342 ], [ 1658.090929150857619, -519.428599676752469 ], [ 1656.597555326387464, -517.740437962134024 ], [ 1651.597999479248301, -517.935225852282315 ], [ 1650.429272138358556, -514.883548906625833 ], [ 1644.455776840477711, -517.870296555566142 ], [ 1643.936342466749011, -517.935225852282315 ], [ 1640.430160444080002, -519.948034050481169 ], [ 1638.41735224588092, -520.857044204506565 ], [ 1635.430604596940611, -520.272680534061692 ], [ 1633.352867102025584, -518.259872335862724 ], [ 1595.693875006690632, -517.415791478553501 ], [ 1555.89221611972448, -493.651668880462864 ], [ 1556.509044438528235, -493.229628451807798 ] ] ] } },
{ "type": "Feature", "properties": { "code": "illyria", "name": "Illyria", "capital": null, "culture": null, "civs": "gaul", "provinceType": "terran", "terrain": null, "mapTypes": null, "resources": null, "religion": null, "population": "medium" }, "geometry": { "type": "Polygon", "coordinates": [ [ [ 1840.607182219798688, -482.483829845294281 ], [ 1855.281203277636678, -479.36722360292174 ], [ 1865.929607939076277, -493.391951693598173 ], [ 1871.123951676363731, -501.962618860122689 ], [ 1880.214053216617003, -510.793003213511554 ], [ 1888.005568822548412, -516.247064137663529 ], [ 1902.549731286953602, -527.414903172831828 ], [ 1907.744075024241283, -539.361893768593291 ], [ 1904.627468781868629, -547.672843748253399 ], [ 1888.525003196277112, -534.946701591898773 ], [ 1880.993204777210167, -526.116317238509964 ], [ 1871.383668863228195, -521.181690688086746 ], [ 1864.631022004754414, -519.363670380036069 ], [ 1858.397809520009105, -515.208195390206015 ], [ 1852.164597035264023, -512.351306334697824 ], [ 1850.086859540348996, -510.533286026647147 ], [ 1847.489687671705269, -499.625164178343255 ], [ 1845.411950176790242, -490.275345451225633 ], [ 1840.996758000095724, -484.561567340209308 ], [ 1840.607182219798688, -482.483829845294281 ] ] ] } },
{ "type": "Feature", "properties": { "code": "delminium", "name": "Delminium", "capital": null, "culture": null, "civs": "gaul", "provinceType": "terran", "terrain": null, "mapTypes": null, "resources": null, "religion": null, "population": "medium" }, "geometry": { "type": "Polygon", "coordinates": [ [ [ 2603.729006085191941, -835.485598377282031 ], [ 2592.415415821500119, -808.08762677484799 ], [ 2599.36713995943137, -769.921298174442313 ], [ 2669.277070953462953, -749.974473854962184 ], [ 2678.821677570728752, -734.975806313544012 ], [ 2701.183327359752184, -723.249575326617219 ], [ 2736.634723366740673, -749.974473854962184 ], [ 2750.269875677120581, -761.428001795681439 ], [ 2774.813149835804779, -781.335324168836451 ], [ 2784.903162545486339, -786.789385092988482 ], [ 2770.72260414269067, -797.424803895085006 ], [ 2758.996373155764104, -815.695907990994328 ], [ 2751.360687861951192, -835.875933410356879 ], [ 2737.452832505363403, -834.23971513311119 ], [ 2730.635256350173222, -842.966212611754486 ], [ 2714.273073577717241, -847.874867443491326 ], [ 2696.820078620431104, -859.873801476625886 ], [ 2696.138321004912086, -852.919873798332105 ], [ 2687.002768956957425, -855.237849691096699 ], [ 2681.003301940389974, -848.420273535906631 ], [ 2678.821677570729207, -843.920673273481157 ], [ 2678.139919955210189, -838.602963872432952 ], [ 2671.185992276916295, -832.194442286554249 ], [ 2669.822477045878259, -829.194708778270638 ], [ 2658.50530062826283, -832.603496855865728 ], [ 2648.278936395478013, -834.921472748630322 ], [ 2633.580527383366189, -833.713590263691799 ], [ 2623.630020283974773, -834.122515212981853 ], [ 2603.729006085191941, -835.485598377282031 ] ] ] } },
{ "type": "Feature", "properties": { "code": "thracia", "name": "Thracia", "capital": null, "culture": null, "civs": "gaul", "provinceType": "land", "terrain": null, "mapTypes": null, "resources": null, "religion": null, "population": "medium" }, "geometry": { "type": "Polygon", "coordinates": [ [ [ 2068.070740940458109, -466.592384474029814 ], [ 2061.318094081984327, -463.735495418521623 ], [ 2057.682053465882746, -465.683374320004475 ], [ 2053.526578476052691, -469.579132122970179 ], [ 2050.02039645338391, -471.786728211317381 ], [ 2045.73506287012151, -470.747859463859868 ], [ 2041.060153506562756, -472.43602117847837 ], [ 2040.41086053940171, -476.331778981444018 ], [ 2044.566335529231765, -478.799092256655626 ], [ 2046.903790211011255, -481.785839905595992 ], [ 2044.436476935799647, -487.889193796908899 ], [ 2038.073405857622447, -490.356507072120507 ], [ 2035.216516802114256, -492.30438597360336 ], [ 2026.645849635589684, -494.511982061950619 ], [ 2020.282778557412257, -496.589719556865646 ], [ 2015.218293413556921, -495.550850809408132 ], [ 2005.219181719278822, -502.952790635042902 ], [ 1990.934736441737869, -500.875053140127875 ], [ 1981.58491771462036, -502.303497667881913 ], [ 1976.26071538390056, -500.225760172966886 ], [ 1972.754533361231324, -500.225760172966886 ], [ 1970.157361492588052, -496.654648853581591 ], [ 1970.027502899155934, -492.109598083454955 ], [ 1967.560189623944552, -490.161719181972046 ], [ 1961.846411512928171, -490.681153555700803 ], [ 1941.0690365637779, -512.757114439173051 ], [ 1924.966570978186382, -525.742973782392028 ], [ 1916.915338185390738, -539.248267499339704 ], [ 1925.615863945347428, -548.208510446160858 ], [ 1929.641480341745364, -561.583945569676416 ], [ 1943.40649124555739, -565.73942055950647 ], [ 1946.912673268226399, -556.389601832388735 ], [ 1952.626451379242781, -550.286247941075885 ], [ 1960.937401358902889, -554.571581524338171 ], [ 1969.637927118859579, -557.428470579846248 ], [ 1988.337564573095051, -566.51857212009952 ], [ 1995.609645805297532, -567.167865087260566 ], [ 1997.167948926483859, -563.921400251455793 ], [ 1999.635262201695468, -565.349844779209889 ], [ 1998.336676267373605, -568.726168208446779 ], [ 2004.050454378389986, -569.635178362472061 ], [ 2004.569888752118686, -566.25885493323517 ], [ 2005.219181719279732, -563.791541658023561 ], [ 2007.946212181355577, -561.843662756540766 ], [ 2010.413525456567186, -562.492955723701698 ], [ 2014.698859039829586, -563.661683064591443 ], [ 2020.282778557413621, -563.921400251455793 ], [ 2021.321647304871249, -566.51857212009952 ], [ 2029.502738691099012, -567.557440867557034 ], [ 2030.931183218853221, -566.51857212009952 ], [ 2026.515991042158703, -572.621926011412484 ], [ 2027.425001196183985, -577.16697678153912 ], [ 2037.164395703598302, -566.128996339802939 ], [ 2044.566335529233129, -560.934652602515371 ], [ 2055.864033157833546, -548.85780341332179 ], [ 2052.747426915461347, -540.546853433661568 ], [ 2051.189123794275019, -534.962933916077418 ], [ 2047.812800365037901, -527.820711277306941 ], [ 2043.917042562072311, -526.132549562688496 ], [ 2043.527466781775729, -521.457640199129628 ], [ 2048.332234738766601, -522.886084726883723 ], [ 2049.630820673088692, -518.341033956757087 ], [ 2049.111386299359765, -513.536265999766101 ], [ 2050.409972233681856, -509.640508196800397 ], [ 2053.916154256350637, -507.952346482181952 ], [ 2056.902901905290946, -507.56277070188537 ], [ 2058.331346433044928, -496.784507447013652 ], [ 2057.162619092155182, -490.031860588539814 ], [ 2061.058376895121, -483.149355136633744 ], [ 2067.291589379866309, -484.058365290659083 ], [ 2072.615791710586109, -482.759779356337162 ], [ 2070.6679128091032, -470.942647354007931 ], [ 2071.317205776264018, -467.176748144474402 ], [ 2068.070740940458109, -466.592384474029814 ] ] ] } },
{ "type": "Feature", "properties": { "code": "dacia", "name": "Dacia", "capital": null, "culture": null, "civs": "gaul", "provinceType": null, "terrain": null, "mapTypes": null, "resources": null, "religion": null, "population": "medium" }, "geometry": { "type": "Polygon", "coordinates": [ [ [ 1961.846411512926807, -489.902001995107526 ], [ 1961.456835732631134, -490.681153555700803 ], [ 1970.18982614094466, -492.077133435096584 ], [ 1971.32608883347757, -497.693517601039048 ], [ 1972.624674767799434, -501.069841030275995 ], [ 1978.598170065680051, -501.329558217140345 ], [ 1984.311948176696433, -502.368426964597859 ], [ 1990.545160661441514, -500.810123843411588 ], [ 1998.336676267372923, -502.108709777733509 ], [ 2002.232434070338741, -502.368426964597859 ], [ 2008.205929368219358, -500.810123843411588 ], [ 2013.497667050580048, -496.037820534778348 ], [ 2019.373768403387658, -495.875497292988371 ], [ 2026.645849635590366, -495.615780106124021 ], [ 2033.398496494064148, -492.75889105061583 ], [ 2038.592840231351829, -491.20058792942956 ], [ 2044.53387088087311, -487.337294774821714 ], [ 2046.124638650418774, -484.188223884091315 ], [ 2045.34548708982561, -478.47444577307499 ], [ 2041.190012099995556, -477.17585983875307 ], [ 2040.670577726266856, -473.280102035787365 ], [ 2043.00803240804612, -470.423212980279231 ], [ 2045.085769902961147, -470.163495793414825 ], [ 2044.176759748935638, -468.475334078796436 ], [ 2044.436476935800101, -464.709434869262907 ], [ 2047.682941771604874, -462.63169737434788 ], [ 2046.773931617579365, -456.658202076467148 ], [ 2047.163507397875946, -453.152020053798026 ], [ 2050.280113640248601, -448.477110690239215 ], [ 2051.968275354866819, -444.841070074137861 ], [ 2052.098133948299164, -440.815453677740038 ], [ 2048.851669112494619, -437.828706028799672 ], [ 2045.994780056986428, -434.192665412698375 ], [ 2046.124638650418547, -430.296907609732671 ], [ 2040.670577726266629, -424.972705279012871 ], [ 2036.385244143004456, -420.427654508886235 ], [ 2033.39849649406392, -418.99920998113214 ], [ 2028.204152756776466, -417.051331079649344 ], [ 2024.69797073410723, -414.064583430708979 ], [ 2017.425889501904294, -408.35080531969254 ], [ 2011.192677017158985, -405.49391626418435 ], [ 2008.076070774786558, -402.637027208676159 ], [ 2004.959464532413904, -401.598158461218645 ], [ 2001.842858290041477, -399.000986592574861 ], [ 1996.129080179025095, -396.923249097659834 ], [ 1994.051342684110068, -393.806642855287294 ], [ 1987.298695825636287, -392.248339734101023 ], [ 1981.584917714619905, -386.015127249355942 ], [ 1969.118492745129743, -383.158238193847751 ], [ 1961.58669432606257, -379.522197577746454 ], [ 1948.341117795979244, -382.119369446390237 ], [ 1941.588470937505463, -377.444460082831426 ], [ 1935.614975639624845, -382.898521006983401 ], [ 1923.148550670134455, -385.755410062491535 ], [ 1916.915338185389373, -386.274844436220292 ], [ 1914.318166316745646, -388.352581931135319 ], [ 1906.266933523950001, -392.76777410782978 ], [ 1899.774003852340456, -411.986845935793838 ], [ 1902.11145853411972, -420.038078728589596 ], [ 1907.305802271407401, -424.193553718419651 ], [ 1909.643256953186892, -426.790725587063434 ], [ 1905.228064776492374, -432.504503698079816 ], [ 1899.254569478611756, -439.776584930282411 ], [ 1898.994852291747293, -441.075170864604274 ], [ 1902.371175720984183, -447.827817723078169 ], [ 1901.07258978666232, -452.762444273501387 ], [ 1900.033721039204693, -461.333111440025846 ], [ 1906.007216337085538, -464.449717682398386 ], [ 1912.500146008695083, -465.4885864298559 ], [ 1916.655620998525137, -466.78717236417782 ], [ 1923.408267856998918, -471.721798914600981 ], [ 1924.706853791320782, -471.981516101465388 ], [ 1926.265156912507109, -481.07161764171866 ], [ 1929.381763154879536, -485.486809818413121 ], [ 1936.653844387082245, -484.967375444684365 ], [ 1943.406491245556026, -483.928506697226794 ], [ 1946.003663114199981, -488.083981687056905 ], [ 1948.600834982843708, -491.979739490022553 ], [ 1959.768674018012007, -489.902001995107526 ], [ 1961.846411512926807, -489.902001995107526 ] ] ] } },
{ "type": "Feature", "properties": { "code": "Indraprastha", "name": "Indraprastha", "capital": "Indraprastha", "culture": "", "civs": "maur", "provinceType": "land", "terrain": null, "mapTypes": null, "resources": null, "religion": null, "population": "high" }, "geometry": { "type": "Polygon", "coordinates": [ [ [ 2802.995305267313597, -765.352369070011378 ], [ 2795.086916927292805, -746.535858881686408 ], [ 2796.177729112123416, -726.901239554738481 ], [ 2808.176663145257862, -720.0836633995483 ], [ 2820.721003270808069, -709.99365068986674 ], [ 2827.265876379790825, -707.266620227790668 ], [ 2841.310083259482781, -724.174209092662409 ], [ 2901.986511040675396, -745.581398219959738 ], [ 2901.304753425156377, -746.194980073926786 ], [ 2900.418468524981563, -746.194980073926786 ], [ 2895.646165216348436, -753.28525927532462 ], [ 2885.62432826821896, -759.489253576547753 ], [ 2874.238976089050993, -755.398707883433644 ], [ 2868.784915164898848, -767.670344962775857 ], [ 2869.773463707401334, -777.760357672457303 ], [ 2847.207286633722106, -773.209625588867993 ], [ 2804.324732617575592, -768.573673803338806 ], [ 2802.995305267313597, -765.352369070011378 ] ] ] } },
{ "type": "Feature", "properties": { "code": "tibet", "name": "Tibet", "capital": null, "culture": null, "civs": "han", "provinceType": "land", "terrain": "cordilheira", "mapTypes": null, "resources": null, "religion": null, "population": "low" }, "geometry": { "type": "Polygon", "coordinates": [ [ [ 2873.453737406915479, -672.67797225091465 ], [ 2849.494826918682065, -673.424659163151887 ], [ 2836.314179685309227, -631.253080946045657 ], [ 2850.598624962853137, -596.191260719356137 ], [ 2886.439596750137753, -583.205401376137047 ], [ 2938.383034123014568, -558.272551437156267 ], [ 3012.662149566227527, -558.272551437156267 ], [ 3097.329952484016303, -584.244270123594561 ], [ 3098.88825560520263, -657.484516819350347 ], [ 3075.124133007109776, -673.846699591804509 ], [ 3052.009303376180014, -692.026902672311394 ], [ 3039.802595593554088, -713.973004962351638 ], [ 3042.919201835926742, -718.518055732478388 ], [ 3035.387403416859343, -726.699147118706946 ], [ 2936.43515522152984, -717.609045578453561 ], [ 2873.453737406915479, -672.67797225091465 ] ] ] } },
{ "type": "Feature", "properties": { "code": "suvarnabhumi", "name": "Suvarnabhumi", "capital": null, "culture": null, "civs": "maur", "provinceType": "land", "terrain": "tropical_forest", "mapTypes": null, "resources": null, "religion": null, "population": "medium" }, "geometry": { "type": "Polygon", "coordinates": [ [ [ 3035.906837790590544, -866.686710838609656 ], [ 3055.385626805419179, -846.948204636916557 ], [ 3056.164778366012342, -827.729132808952272 ], [ 3069.150637709231432, -806.95175785980166 ], [ 3085.512820481687413, -800.199111001327651 ], [ 3128.885590688039429, -814.483556278868718 ], [ 3154.078157813884445, -838.896971844120685 ], [ 3134.079934425327338, -857.85632648522062 ], [ 3127.327287566853101, -881.750307676743773 ], [ 3138.754843788885864, -922.006471640723134 ], [ 3121.094075082108247, -930.577138807247707 ], [ 3122.652378203294575, -923.564774761909348 ], [ 3119.795489147786157, -916.552410716571103 ], [ 3115.640014157956102, -916.812127903435453 ], [ 3113.042842289312375, -910.319198231825908 ], [ 3113.042842289312375, -904.345702933945063 ], [ 3109.147084486346557, -903.306834186487549 ], [ 3102.913872001601248, -903.566551373351899 ], [ 3103.693023562194412, -907.981743550046417 ], [ 3102.134720441008085, -914.994107595384776 ], [ 3095.64179076939854, -918.37043102462178 ], [ 3093.304336087619049, -913.176087287334099 ], [ 3090.966881405839558, -914.994107595384776 ], [ 3092.26546734016074, -918.63014821148613 ], [ 3081.617062678721595, -928.629259905764911 ], [ 3059.930677575545815, -923.954350542206043 ], [ 3069.280496302663778, -910.44905682525814 ], [ 3069.540213489528014, -903.176975593055431 ], [ 3064.216011158808215, -889.931399062971877 ], [ 3057.723081487198669, -885.646065479709591 ], [ 3055.125909618554942, -886.684934227167105 ], [ 3056.034919772579997, -890.970267810429391 ], [ 3051.100293222156779, -891.359843590725973 ], [ 3049.671848694402797, -888.1133787549212 ], [ 3054.087040871097088, -881.880166270176005 ], [ 3055.775202585715761, -877.854549873778069 ], [ 3048.95762643052467, -876.620893236172151 ], [ 3046.944818232325815, -876.296246752591742 ], [ 3043.308777616224688, -877.529903390197546 ], [ 3042.269908868766834, -878.114267060642419 ], [ 3039.477949109974816, -874.802872928121474 ], [ 3038.244292472369125, -872.854994026638678 ], [ 3036.16655497745387, -870.322751454710897 ], [ 3035.906837790590544, -866.686710838609656 ] ] ] } },
{ "type": "Feature", "properties": { "code": "wushu", "name": "wushu", "capital": null, "culture": null, "civs": "han", "provinceType": "land", "terrain": null, "mapTypes": null, "resources": null, "religion": null, "population": "low" }, "geometry": { "type": "Polygon", "coordinates": [ [ [ 2875.012040528106354, -346.603044142684439 ], [ 2703.598697197613546, -309.723203607942196 ], [ 2686.457362864564402, -293.101303648621695 ], [ 2751.90609395438878, -188.694994529139905 ], [ 2784.630459499300287, -124.804566560501854 ], [ 2921.241699789965878, -98.313413500334846 ], [ 3037.594999505209216, -93.638504136775964 ], [ 3144.598480493334591, -108.702100974910138 ], [ 3232.90232402722495, -142.984769641008654 ], [ 3197.580786613669261, -242.716169396931548 ], [ 3049.02255572724107, -243.495320957524768 ], [ 2883.582707694630699, -331.279730117686086 ], [ 2882.803556134037535, -347.38219570327783 ], [ 2875.012040528106354, -346.603044142684439 ] ] ] } },
{ "type": "Feature", "properties": { "code": "arachosia", "name": "Arachosia", "capital": null, "culture": null, "civs": "pers", "provinceType": "land", "terrain": null, "mapTypes": null, "resources": null, "religion": null, "population": "medium" }, "geometry": { "type": "Polygon", "coordinates": [ [ [ 2701.520959702698292, -721.374944787988738 ], [ 2718.662294035747436, -669.950941788841078 ], [ 2743.075709600999744, -643.979223102402784 ], [ 2792.421975105232377, -629.954495011726181 ], [ 2838.132199993363429, -634.109970001556235 ], [ 2849.527291567040265, -673.327265218077741 ], [ 2827.743512518788521, -708.908519818498462 ], [ 2821.997269759415758, -709.81752997252363 ], [ 2796.577450095061977, -727.08872289900512 ], [ 2795.408722754172686, -747.2168048809948 ], [ 2804.498824294425958, -767.994179830145413 ], [ 2782.552722004385487, -785.914665723787834 ], [ 2766.320397825361852, -775.13640246891589 ], [ 2701.13138392240171, -723.712399469768229 ], [ 2701.520959702698292, -721.374944787988738 ] ] ] } },
{ "type": "Feature", "properties": { "code": "funan", "name": "Funan", "capital": null, "culture": null, "civs": "han", "provinceType": "land", "terrain": null, "mapTypes": null, "resources": null, "religion": null, "population": "medium" }, "geometry": { "type": "Polygon", "coordinates": [ [ [ 3327.27705680407189, -906.228652538712709 ], [ 3357.274391886907779, -910.643844715407226 ], [ 3359.871563755551506, -907.13766269273799 ], [ 3361.170149689873597, -907.13766269273799 ], [ 3362.85831140449227, -910.773703308839345 ], [ 3369.221382482669469, -914.409743924940699 ], [ 3371.299119977584269, -918.045784541042167 ], [ 3375.324736373981978, -920.253380629389426 ], [ 3381.168373078430704, -928.434472015617416 ], [ 3383.246110573345504, -931.680936851422302 ], [ 3386.362716815718159, -933.75867434633733 ], [ 3388.700171497497649, -939.082876677057129 ], [ 3392.595929300464377, -948.432695404174865 ], [ 3391.557060553006977, -951.029867272818592 ], [ 3392.595929300464377, -953.627039141462433 ], [ 3392.595929300464377, -958.301948505021301 ], [ 3391.557060553006977, -972.846110969426718 ], [ 3391.557060553006977, -977.001585959256886 ], [ 3391.816777739871213, -980.63762657535824 ], [ 3381.42809026529585, -994.922071852899307 ], [ 3374.675443406822069, -996.740092160949985 ], [ 3356.49524032631507, -1007.128779635525234 ], [ 3353.248775490510525, -1006.739203855228652 ], [ 3340.522633334155671, -1010.115527284465657 ], [ 3327.406915397504235, -1010.245385877897775 ], [ 3320.394551352165308, -1019.984780385312433 ], [ 3318.576531044114745, -1020.763931945905597 ], [ 3301.435196711065146, -1006.99892104209323 ], [ 3321.693137286486945, -982.325788289976913 ], [ 3341.171926301316034, -975.573141431502904 ], [ 3348.184290346654507, -963.106716462012287 ], [ 3342.989946609367053, -940.771038391675347 ], [ 3335.717865377164344, -924.668572806083603 ], [ 3328.965218518690563, -912.721582210322026 ], [ 3327.27705680407189, -906.228652538712709 ] ] ] } },
{ "type": "Feature", "properties": { "code": "milano", "name": "milano", "capital": "Medhelanon", "culture": null, "civs": "gaul", "provinceType": "land", "terrain": null, "mapTypes": null, "resources": null, "religion": null, "population": "medium" }, "geometry": { "type": "Polygon", "coordinates": [ [ [ 1664.178050717996939, -514.575134747222819 ], [ 1668.073808520962757, -503.926730085783163 ], [ 1679.241647556131284, -498.732386348495538 ], [ 1690.409486591299583, -498.212951974766725 ], [ 1706.252234990027091, -496.135214479851697 ], [ 1709.076659397177309, -495.323598270900334 ], [ 1711.608901969104863, -503.407295712054236 ], [ 1722.127448037112345, -511.815639636788603 ], [ 1716.608457816244254, -513.601195296481251 ], [ 1708.427366430016264, -512.854508384246174 ], [ 1703.168093396012637, -517.724205637953446 ], [ 1693.72088072382121, -521.068064418832364 ], [ 1692.487224086215292, -525.450791947168796 ], [ 1686.870839920273056, -527.009095068355123 ], [ 1680.929809270749956, -527.463600145367764 ], [ 1676.092576665400884, -528.210287057602955 ], [ 1675.378354401523666, -525.483256595526882 ], [ 1669.534717697075166, -523.502913045686 ], [ 1668.398455004543166, -519.931801726300705 ], [ 1664.632555795009694, -520.256448209881228 ], [ 1666.775222586640666, -517.821599583027592 ], [ 1667.03493977350513, -514.932245879161428 ], [ 1665.638959894109121, -515.516609549606301 ], [ 1664.242980014713112, -515.808791384828737 ], [ 1664.178050717996939, -514.575134747222819 ] ] ] } },
{ "type": "Feature", "properties": { "code": "corsica_sardinia", "name": "Corsica Sardinia", "capital": null, "culture": null, "civs": "rome", "provinceType": "land", "terrain": "island", "mapTypes": null, "resources": null, "religion": null, "population": "medium" }, "geometry": { "type": "Polygon", "coordinates": [ [ [ 1723.880539048447872, -545.871055764381026 ], [ 1725.63363005978249, -540.546853433661113 ], [ 1727.841226148129635, -538.339257345313854 ], [ 1731.866842544527572, -537.689964378152922 ], [ 1734.593873006603644, -535.677156179953954 ], [ 1737.515691358828008, -536.391378443831059 ], [ 1738.035125732556708, -536.131661256966709 ], [ 1738.489630809569462, -534.89800461936079 ], [ 1738.879206589866044, -532.0411155638526 ], [ 1740.502439007768317, -531.586610486839959 ], [ 1740.567368304484489, -534.378570245632091 ], [ 1738.10005502927288, -536.910812817559759 ], [ 1739.528499557026862, -537.949681565017386 ], [ 1741.28159056836148, -542.62459092857614 ], [ 1740.956944084781071, -546.455419434825785 ], [ 1738.554560106285408, -552.42891473270663 ], [ 1737.840337842408417, -555.155945194782589 ], [ 1736.152176127789971, -559.311420184612757 ], [ 1734.334155819739408, -562.038450646688716 ], [ 1733.61993355586219, -564.051258844887684 ], [ 1734.074438632874944, -566.453642823383234 ], [ 1738.684418699717753, -569.894895549336297 ], [ 1738.424701512853517, -572.751784604844488 ], [ 1739.593428853743035, -573.66079475886977 ], [ 1741.476378458509998, -575.80346155050097 ], [ 1742.515247205967398, -578.66035060600916 ], [ 1743.099610876412271, -580.673158804208128 ], [ 1740.502439007768544, -587.620593552830428 ], [ 1738.61948940300158, -588.26988651999136 ], [ 1739.398640963594744, -592.035785729524832 ], [ 1739.268782370162626, -598.398856807702145 ], [ 1738.61948940300158, -600.801240786197695 ], [ 1737.320903468679717, -603.787988435138118 ], [ 1735.502883160628926, -608.982332172425686 ], [ 1734.009509336158771, -611.124998964056886 ], [ 1730.503327313489763, -608.527827095413045 ], [ 1726.088135136795245, -609.501766546154499 ], [ 1725.308983576202081, -610.345847403463722 ], [ 1724.140256235312336, -616.708918481641149 ], [ 1717.777185157134909, -616.708918481641149 ], [ 1714.206073837749727, -613.202736458971913 ], [ 1713.6866394640208, -609.631625139586731 ], [ 1715.829306255652, -603.593200544989827 ], [ 1717.062962893257918, -599.762372038740182 ], [ 1717.517467970270445, -597.944351730689505 ], [ 1719.335488278321236, -595.866614235774364 ], [ 1716.868175003109627, -595.282250565329605 ], [ 1715.439730475355418, -596.321119312787118 ], [ 1716.024094145800291, -592.035785729524832 ], [ 1718.166760937431491, -591.97085643280866 ], [ 1717.062962893257236, -589.243825970732701 ], [ 1717.4525386735545, -581.647098254949583 ], [ 1714.076215244317609, -579.374572869886265 ], [ 1713.751568760736973, -575.933320143933088 ], [ 1715.504659772071591, -573.14136038514107 ], [ 1718.880983201308709, -573.985441242450293 ], [ 1723.231246081287054, -572.621926011412256 ], [ 1725.244054279485908, -571.323340077090393 ], [ 1726.672498807240117, -570.284471329632879 ], [ 1727.516579664549226, -569.700107659188006 ], [ 1729.39952926931619, -568.920956098594843 ], [ 1733.360216368998181, -566.128996339802711 ], [ 1733.425145665714126, -564.895339702196793 ], [ 1732.321347621540554, -564.116188141603743 ], [ 1730.827973797070399, -563.661683064590989 ], [ 1729.204741379167899, -562.103379943404775 ], [ 1726.21799373022759, -560.545076822218448 ], [ 1724.627225960683518, -555.091015898066416 ], [ 1724.854478499189781, -553.305460238373826 ], [ 1723.913003696806527, -552.493844029422576 ], [ 1723.036458191139218, -551.87701571061973 ], [ 1723.848074400090354, -550.286247941075317 ], [ 1724.351276449640181, -549.847975188241662 ], [ 1723.896771372627427, -546.877459863480226 ], [ 1723.880539048447872, -545.871055764381026 ] ] ] } },
{ "type": "Feature", "properties": { "code": "numantia", "name": "Numantia", "capital": null, "culture": null, "civs": "iber", "provinceType": "land", "terrain": null, "mapTypes": null, "resources": null, "religion": null, "population": "medium" }, "geometry": { "type": "Polygon", "coordinates": [ [ [ 1462.036917716609878, -539.167105878443977 ], [ 1468.594776684936278, -528.7459537555103 ], [ 1474.016372960729313, -523.973650446878082 ], [ 1500.767243207761112, -499.300517694761538 ], [ 1511.886385270392566, -509.965154680380067 ], [ 1520.797931244677784, -518.227407687502819 ], [ 1532.030699576562483, -529.265388129239113 ], [ 1523.979466783766384, -544.199126373941567 ], [ 1545.341205403362437, -569.45662279650287 ], [ 1530.147749971793928, -594.016129279364691 ], [ 1510.019667989806067, -611.076301991520609 ], [ 1503.851384801776703, -601.791412561118818 ], [ 1488.333282886628695, -591.873462487733605 ], [ 1466.135579571813196, -574.318203888119911 ], [ 1466.078766437186459, -571.826542126639652 ], [ 1466.330367461961941, -549.929136809136708 ], [ 1462.036917716609878, -539.167105878443977 ] ] ] } },
{ "type": "Feature", "properties": { "code": "lanka", "name": "Lanka", "capital": null, "culture": null, "civs": "maur", "provinceType": "land", "terrain": "island", "mapTypes": null, "resources": null, "religion": null, "population": "high" }, "geometry": { "type": "Polygon", "coordinates": [ [ [ 2623.630020283974773, -833.849898580121817 ], [ 2604.546855983772275, -834.804056795131942 ], [ 2592.279107505070442, -808.08762677484799 ], [ 2599.094523326571107, -770.057606490872445 ], [ 2669.277070953462953, -749.974473854962184 ], [ 2678.821677570728752, -734.975806313544012 ], [ 2701.183327359752184, -723.249575326617219 ], [ 2736.634723366740673, -749.974473854962184 ], [ 2750.269875677120581, -761.428001795681439 ], [ 2774.813149835804779, -781.335324168836451 ], [ 2784.903162545486339, -786.789385092988482 ], [ 2770.72260414269067, -797.424803895085006 ], [ 2758.996373155764104, -815.695907990994328 ], [ 2751.360687861951192, -835.875933410356879 ], [ 2737.452832505363403, -834.23971513311119 ], [ 2730.635256350173222, -842.966212611754486 ], [ 2714.273073577717241, -847.874867443491326 ], [ 2696.820078620431104, -859.873801476625886 ], [ 2696.138321004912086, -852.919873798332105 ], [ 2687.002768956957425, -855.237849691096699 ], [ 2681.003301940389974, -848.420273535906631 ], [ 2678.821677570729207, -843.920673273481157 ], [ 2678.139919955210189, -838.602963872432952 ], [ 2671.185992276916295, -832.194442286554249 ], [ 2669.822477045878259, -829.194708778270638 ], [ 2658.50530062826283, -832.603496855865728 ], [ 2648.278936395478013, -834.921472748630322 ], [ 2634.807302231236463, -833.849898580121817 ], [ 2623.630020283974773, -833.849898580121817 ] ] ] } },
{ "type": "Feature", "properties": { "code": "satyaputras", "name": "Satyaputras", "capital": null, "culture": null, "civs": "maur", "provinceType": "land", "terrain": "plains", "mapTypes": null, "resources": null, "religion": null, "population": "high" }, "geometry": { "type": "Polygon", "coordinates": [ [ [ 2773.543376276892559, -978.878854250569816 ], [ 2810.630990561127419, -978.606151204362277 ], [ 2834.628858627397221, -984.060212128514422 ], [ 2858.081320601251264, -982.423993851268733 ], [ 2859.990241924704605, -990.332382191289412 ], [ 2861.081054109535216, -994.695630930611173 ], [ 2857.535914508836413, -1005.331049732707925 ], [ 2852.081853584684268, -1016.78457767342752 ], [ 2851.536447492268962, -1041.600554878319826 ], [ 2851.536447492268962, -1043.782179247980821 ], [ 2841.173731736379523, -1046.509209710056894 ], [ 2837.355889089473294, -1052.508676726624344 ], [ 2837.901295181888599, -1060.144362020437256 ], [ 2833.53804644256661, -1062.871392482513329 ], [ 2825.356955056338393, -1063.962204667343713 ], [ 2822.357221548054895, -1072.415999099779583 ], [ 2815.812348439072139, -1078.960872208762339 ], [ 2809.540178376297263, -1080.597090486008028 ], [ 2799.722868712823129, -1073.234108238402541 ], [ 2794.268807788670983, -1063.689501621136287 ], [ 2794.814213881086289, -1049.236240172132966 ], [ 2789.087449910726264, -1040.509742693489443 ], [ 2785.81501335623534, -1029.874323891392578 ], [ 2783.360685940366693, -1021.965935551372013 ], [ 2777.633921970006668, -1014.60295330376664 ], [ 2773.270673230685134, -1006.694564963745961 ], [ 2769.998236676193756, -984.878321267137267 ], [ 2773.543376276892559, -978.878854250569816 ] ] ] } },
{ "type": "Feature", "properties": { "code": "vanga", "name": "Vanga", "capital": null, "culture": null, "civs": "maur", "provinceType": "land", "terrain": "rivers", "mapTypes": null, "resources": null, "religion": null, "population": "high" }, "geometry": { "type": "Polygon", "coordinates": [ [ [ 2963.421394169139603, -824.388317588862151 ], [ 2970.025921069473497, -820.574735927052984 ], [ 2972.752951531551844, -820.165681357741505 ], [ 2977.93430940949429, -819.892978311533966 ], [ 2982.433909671919992, -824.119875527751901 ], [ 2993.887437612639587, -820.574735927052984 ], [ 3002.068528998867805, -819.892978311533966 ], [ 3035.939302438950563, -866.55685224517822 ], [ 3030.09566573450229, -866.55685224517822 ], [ 3025.420756370943309, -862.141660068483816 ], [ 3024.381887623485909, -854.869578836281107 ], [ 3015.976384355456958, -847.572337501606285 ], [ 3014.612869124418921, -851.390180148512854 ], [ 3012.294893231654441, -851.390180148512854 ], [ 3009.840565815785794, -849.890313394370992 ], [ 3000.841365290934846, -856.980592595768826 ], [ 2999.750553106104235, -873.479126891329201 ], [ 2991.70581324297973, -874.16088450684822 ], [ 2988.842431257799944, -876.206157353405274 ], [ 2982.024855102609763, -878.387781723066155 ], [ 2971.662139346720323, -881.251163708246054 ], [ 2963.617399483595818, -877.024266492028119 ], [ 2961.026720544623913, -854.798968226107945 ], [ 2961.844829683246189, -835.982458037782749 ], [ 2964.426986652029882, -825.121207025545004 ], [ 2963.421394169139603, -824.388317588862151 ] ] ] } },
{ "type": "Feature", "properties": { "code": "champa", "name": "Champa", "capital": "Champa", "culture": null, "civs": "maur", "provinceType": "land", "terrain": null, "mapTypes": null, "resources": null, "religion": null, "population": "high" }, "geometry": { "type": "Polygon", "coordinates": [ [ [ 3002.068528998870534, -819.961154073085936 ], [ 3011.954014423895387, -820.711087450156924 ], [ 3029.952415473597739, -813.075402156343898 ], [ 3019.044293625293449, -780.623739657638453 ], [ 3008.954280915611889, -772.715351317617888 ], [ 2986.592631126588003, -769.715617809334162 ], [ 2976.229915370699018, -767.533993439673282 ], [ 2970.230448354131568, -780.351036611430459 ], [ 2965.16839805890686, -793.700702920313006 ], [ 2961.214203888896009, -810.804297099646192 ], [ 2960.455748541631692, -825.594176371311619 ], [ 2963.387306288363561, -824.37127364847413 ], [ 2971.184909015858466, -820.574735927053098 ], [ 2978.002485171048647, -820.029329834637792 ], [ 2982.365733910370182, -824.392578573959554 ], [ 2993.682910327986065, -820.983790496364463 ], [ 3002.068528998870534, -819.961154073085936 ] ] ] } },
{ "type": "Feature", "properties": { "code": "kalinga", "name": "Kalinga", "capital": "Tosali", "culture": null, "civs": "maur", "provinceType": "land", "terrain": "plain", "mapTypes": null, "resources": null, "religion": null, "population": "high" }, "geometry": { "type": "Polygon", "coordinates": [ [ [ 2603.729006085191941, -835.485598377282031 ], [ 2592.415415821500119, -808.08762677484799 ], [ 2599.36713995943137, -769.921298174442313 ], [ 2669.277070953462953, -749.974473854962184 ], [ 2678.821677570728752, -734.975806313544012 ], [ 2701.183327359752184, -723.249575326617219 ], [ 2736.634723366740673, -749.974473854962184 ], [ 2750.269875677120581, -761.428001795681439 ], [ 2774.813149835804779, -781.335324168836451 ], [ 2784.903162545486339, -786.789385092988482 ], [ 2770.72260414269067, -797.424803895085006 ], [ 2758.996373155764104, -815.695907990994328 ], [ 2751.360687861951192, -835.875933410356879 ], [ 2737.452832505363403, -834.23971513311119 ], [ 2730.635256350173222, -842.966212611754486 ], [ 2714.273073577717241, -847.874867443491326 ], [ 2696.820078620431104, -859.873801476625886 ], [ 2696.138321004912086, -852.919873798332105 ], [ 2687.002768956957425, -855.237849691096699 ], [ 2681.003301940389974, -848.420273535906631 ], [ 2678.821677570729207, -843.920673273481157 ], [ 2678.139919955210189, -838.602963872432952 ], [ 2671.185992276916295, -832.194442286554249 ], [ 2669.822477045878259, -829.194708778270638 ], [ 2658.50530062826283, -832.603496855865728 ], [ 2648.278936395478013, -834.921472748630322 ], [ 2633.580527383366189, -833.713590263691799 ], [ 2623.630020283974773, -834.122515212981853 ], [ 2603.729006085191941, -835.485598377282031 ] ] ] } },
{ "type": "Feature", "properties": { "code": "vidarbha", "name": "Vidarbha", "capital": "", "culture": null, "civs": "maur", "provinceType": "land", "terrain": null, "mapTypes": null, "resources": null, "religion": null, "population": "high" }, "geometry": { "type": "Polygon", "coordinates": [ [ [ 2754.701300177990561, -882.218407325261751 ], [ 2766.461619045696807, -867.339047366559157 ], [ 2791.516211416016631, -859.038648397615589 ], [ 2795.061351016715889, -862.856491044522045 ], [ 2807.878394188473067, -859.038648397615589 ], [ 2833.239777485779996, -860.129460582445972 ], [ 2841.420868872008214, -860.402163628653625 ], [ 2860.782785152747692, -853.85729051967121 ], [ 2870.600094816221372, -853.039181381048365 ], [ 2877.690374017618979, -855.766211843124438 ], [ 2891.325526327999341, -857.947836212785205 ], [ 2884.06480772272198, -865.072203294958854 ], [ 2885.394235072984884, -890.194971426834286 ], [ 2867.813410562788249, -921.23198687333695 ], [ 2807.639779023042138, -923.703358229593164 ], [ 2801.026730152507753, -933.07752544297955 ], [ 2788.141511219198037, -926.362212930117266 ], [ 2756.03072752825301, -929.123331272969267 ], [ 2754.462685012559632, -923.055688494850074 ], [ 2752.962818258417883, -912.215742408097867 ], [ 2752.417412166002123, -910.647699892404262 ], [ 2752.485587927554207, -906.557154199290267 ], [ 2754.462685012559177, -901.716675129105283 ], [ 2754.189981966351752, -892.785650365806305 ], [ 2753.763883456651911, -885.968074210616351 ], [ 2754.701300177990561, -882.218407325261751 ] ] ] } },
{ "type": "Feature", "properties": { "code": "avanti", "name": "Avanti", "capital": "Ujjain", "culture": null, "civs": "maur", "provinceType": "land", "terrain": null, "mapTypes": null, "resources": null, "religion": null, "population": "high" }, "geometry": { "type": "Polygon", "coordinates": [ [ [ 2766.171872059098405, -867.424267068499603 ], [ 2751.718610610095766, -835.245307616002606 ], [ 2758.536186765285493, -815.610688289055247 ], [ 2769.717011659797208, -799.521208562806692 ], [ 2782.26135178534696, -786.158759298634209 ], [ 2788.806224894329716, -778.250370958613757 ], [ 2803.804892435747661, -768.433061295140078 ], [ 2846.891973736548607, -773.069013080669265 ], [ 2867.071999155911271, -777.15955877378326 ], [ 2869.799029617987344, -777.704964866198566 ], [ 2870.480787233506817, -785.681528967770987 ], [ 2881.661612128018533, -791.544644461234384 ], [ 2873.105554053255673, -817.758224777939972 ], [ 2901.534846620398184, -847.823735622328059 ], [ 2901.330319335742388, -849.119075091814238 ], [ 2891.581185433820337, -858.2546271397689 ], [ 2877.673330077233004, -856.004827008556163 ], [ 2870.378523591179601, -853.414148069583916 ], [ 2860.561213927705921, -854.095905685102935 ], [ 2841.199297646966443, -860.777130317189176 ], [ 2807.99770177119035, -859.209087801495571 ], [ 2795.044307076329005, -863.026930448402027 ], [ 2791.703694760285998, -859.277263563047427 ], [ 2769.393176792429131, -866.3845867048326 ], [ 2766.171872059098405, -867.424267068499603 ] ] ] } },
{ "type": "Feature", "properties": { "code": "saurashtra", "name": "Saurashtra", "capital": null, "culture": null, "civs": "maur", "provinceType": "land", "terrain": null, "mapTypes": null, "resources": null, "religion": null, "population": "high" }, "geometry": { "type": "Polygon", "coordinates": [ [ [ 2699.069878751642591, -857.266078597265619 ], [ 2714.613952385476296, -846.903362841376747 ], [ 2730.703432111724396, -841.176598871017063 ], [ 2737.793711313122458, -834.086319669619456 ], [ 2750.610754484879635, -834.359022715826995 ], [ 2751.701566669710701, -835.126000033285777 ], [ 2766.42753116492031, -867.356091306946837 ], [ 2754.428597131785864, -881.809352755949817 ], [ 2751.701566669709791, -877.446104016628169 ], [ 2748.701833161426293, -880.718540571119433 ], [ 2750.338051438671755, -886.718007587686657 ], [ 2748.156427069010988, -893.808286789084264 ], [ 2737.793711313122458, -899.8077538056516 ], [ 2730.703432111724396, -901.443972082897176 ], [ 2721.704231586873902, -898.716941620821103 ], [ 2711.886921923400223, -890.535850234593113 ], [ 2702.615018352341394, -880.991243617326973 ], [ 2701.251503121303358, -871.719340046268485 ], [ 2707.796376230286114, -870.355824815230562 ], [ 2717.340982847551913, -869.810418722815257 ], [ 2724.431262048949975, -865.719873029701262 ], [ 2708.614485368908845, -867.356091306946837 ], [ 2702.887721398549274, -866.810685214531645 ], [ 2696.070145243359093, -859.447702966926386 ], [ 2699.069878751642591, -857.266078597265619 ] ] ] } },
{ "type": "Feature", "properties": { "code": "gedrosia", "name": "Gedrosia", "capital": null, "culture": null, "civs": "maur", "provinceType": "land", "terrain": null, "mapTypes": null, "resources": null, "religion": null, "population": "high" }, "geometry": { "type": "Polygon", "coordinates": [ [ [ 2603.729006085191941, -835.485598377282031 ], [ 2592.415415821500119, -808.08762677484799 ], [ 2599.36713995943137, -769.921298174442313 ], [ 2669.277070953462953, -749.974473854962184 ], [ 2678.821677570728752, -734.975806313544012 ], [ 2701.183327359752184, -723.249575326617219 ], [ 2736.634723366740673, -749.974473854962184 ], [ 2750.269875677120581, -761.428001795681439 ], [ 2774.813149835804779, -781.335324168836451 ], [ 2784.903162545486339, -786.789385092988482 ], [ 2770.72260414269067, -797.424803895085006 ], [ 2758.996373155764104, -815.695907990994328 ], [ 2751.360687861951192, -835.875933410356879 ], [ 2737.452832505363403, -834.23971513311119 ], [ 2730.635256350173222, -842.966212611754486 ], [ 2714.273073577717241, -847.874867443491326 ], [ 2696.820078620431104, -859.873801476625886 ], [ 2696.138321004912086, -852.919873798332105 ], [ 2687.002768956957425, -855.237849691096699 ], [ 2681.003301940389974, -848.420273535906631 ], [ 2678.821677570729207, -843.920673273481157 ], [ 2678.139919955210189, -838.602963872432952 ], [ 2671.185992276916295, -832.194442286554249 ], [ 2669.822477045878259, -829.194708778270638 ], [ 2658.50530062826283, -832.603496855865728 ], [ 2648.278936395478013, -834.921472748630322 ], [ 2633.580527383366189, -833.713590263691799 ], [ 2623.630020283974773, -834.122515212981853 ], [ 2603.729006085191941, -835.485598377282031 ] ] ] } },
{ "type": "Feature", "properties": { "code": "burmese", "name": "Burmese", "capital": null, "culture": null, "civs": "han", "provinceType": "land", "terrain": "hills", "mapTypes": null, "resources": null, "religion": null, "population": "medium" }, "geometry": { "type": "Polygon", "coordinates": [ [ [ 3039.542878406684849, -715.011873709807787 ], [ 3051.265862928760271, -691.820549251190187 ], [ 3097.625380784052595, -658.550777613862692 ], [ 3149.438959563497065, -642.73400093382179 ], [ 3212.16066019124537, -637.279940009669758 ], [ 3243.248807458912324, -648.188061857973821 ], [ 3231.11352190267371, -686.298312565486185 ], [ 3239.976370904420492, -709.818950300891856 ], [ 3214.751339130217275, -723.045048041960513 ], [ 3220.069048531265253, -760.814419941713481 ], [ 3220.887157669887984, -773.631463113470772 ], [ 3183.254137293239182, -783.176069730736799 ], [ 3169.8916880290667, -788.902833701096483 ], [ 3125.986497589642568, -743.36142498442689 ], [ 3122.441357988943764, -744.724940215464926 ], [ 3108.533502632355976, -710.091653347099509 ], [ 3075.468258279684505, -715.613890032803397 ], [ 3047.951222331419558, -719.427065886502191 ], [ 3039.542878406684849, -715.011873709807787 ] ] ] } },
{ "type": "Feature", "properties": { "code": "indian_ocean", "name": "Indian Ocean", "capital": null, "culture": null, "civs": null, "provinceType": "sea", "terrain": null, "mapTypes": null, "resources": null, "religion": null, "population": null }, "geometry": { "type": "Polygon", "coordinates": [ [ [ 2752.025401537082871, -875.707622097054127 ], [ 2748.480261936384068, -880.47992540568714 ], [ 2749.162019551903086, -888.661016791915245 ], [ 2742.344443396712904, -897.251162747454714 ], [ 2734.708758102899992, -900.387247778842152 ], [ 2711.801702221461255, -891.388047253991203 ], [ 2678.804633630341868, -918.658351874751247 ], [ 2648.722078845565193, -950.274861294444122 ], [ 2654.176139769717338, -1078.990699104432224 ], [ 2683.236058131215032, -1236.493752229710253 ], [ 2736.65176730712983, -1285.495080845138773 ], [ 2743.486387402707805, -1233.681502065694758 ], [ 2735.850702108894893, -1232.727041403968087 ], [ 2744.798770812581552, -1141.25221334170601 ], [ 2742.003564588953395, -1114.050084482497368 ], [ 2735.11781267221113, -1041.442898429723527 ], [ 2726.169743968524017, -1015.723592384268613 ], [ 2726.169743968524017, -1006.997094905625318 ], [ 2741.441114556149842, -1013.541968014607846 ], [ 2757.803297328605822, -1095.352881876888432 ], [ 2756.712485143775666, -1134.62212053078315 ], [ 2736.668811247517624, -1285.495080845139228 ], [ 2869.747897796827147, -1306.765918449332275 ], [ 2860.06693965645718, -1119.0780468969499 ], [ 2859.180654756282365, -1117.850883189015804 ], [ 2856.453624294206293, -1118.941695373846187 ], [ 2848.204357146425991, -1112.464998026415742 ], [ 2845.068272115037871, -1088.671657244802418 ], [ 2846.56813886917962, -1078.03623844270578 ], [ 2848.8861147619441, -1066.310007455778987 ], [ 2853.931121116784652, -1056.901752361616673 ], [ 2850.658684562293729, -1054.038370376436887 ], [ 2851.885848270227598, -1050.356879252634144 ], [ 2855.703690917134281, -1049.4024185909077 ], [ 2864.70289144198523, -1053.492964284021582 ], [ 2875.474661767185353, -1070.673256195100521 ], [ 2974.05681297123374, -1071.082310764411886 ], [ 2990.964401836105026, -947.27512778616051 ], [ 2910.244300158654823, -928.731320644043535 ], [ 2909.426191020032547, -928.458617597835996 ], [ 2903.631251288120893, -931.253823821463925 ], [ 2900.836045064493192, -936.162478653200765 ], [ 2888.29170493894344, -942.230121431319958 ], [ 2888.359880700495523, -950.343037055996092 ], [ 2885.701025999971534, -953.138243279624021 ], [ 2875.542837528738346, -952.661012948760686 ], [ 2874.588376867010538, -957.978722349808891 ], [ 2869.543370512169986, -960.705752811884736 ], [ 2864.225661111121553, -960.501225527229053 ], [ 2861.294103364390139, -962.546498373786108 ], [ 2858.158018333002474, -969.159547244320493 ], [ 2857.885315286795503, -983.749160216427526 ], [ 2860.885048795079001, -995.339039680250607 ], [ 2851.613145224020627, -1016.746228807547368 ], [ 2851.340442177813202, -1044.289236474515064 ], [ 2841.250429468132097, -1046.061806274864466 ], [ 2837.432586821225414, -1051.788570245224264 ], [ 2837.432586821224959, -1060.651419246971273 ], [ 2825.160949741883087, -1064.469261893877501 ], [ 2822.297567756703302, -1071.559541095275335 ], [ 2814.798233985994102, -1078.649820296672942 ], [ 2808.389712400115513, -1080.149687050814691 ], [ 2800.754027106302601, -1074.286571557351181 ], [ 2794.618208566631893, -1063.65115275525477 ], [ 2795.572669228358336, -1048.652485213836599 ], [ 2789.845905257998766, -1040.880448396919974 ], [ 2783.505559433672261, -1021.382180593076441 ], [ 2777.574268178656894, -1013.951022583919325 ], [ 2773.688249770198581, -1006.588040336314066 ], [ 2770.279461692603945, -984.976323924361509 ], [ 2765.234455337762483, -975.840771876406961 ], [ 2764.484521960691836, -971.000292806221978 ], [ 2758.416879182572757, -961.182983142748299 ], [ 2755.689848720497594, -936.70788474561607 ], [ 2756.167079051360815, -932.685514814053931 ], [ 2754.207025906743638, -909.5227998267967 ], [ 2756.252298753300693, -883.070604344659273 ], [ 2752.025401537082871, -875.707622097054127 ] ] ] } },
{ "type": "Feature", "properties": { "code": "satyaputras", "name": "Satyaputras", "capital": null, "culture": null, "civs": "maur", "provinceType": "land", "terrain": "plains", "mapTypes": null, "resources": null, "religion": null, "population": "high" }, "geometry": { "type": "Polygon", "coordinates": [ [ [ 2773.543376276892559, -978.878854250569816 ], [ 2810.630990561127419, -978.606151204362277 ], [ 2834.628858627397221, -984.060212128514422 ], [ 2858.081320601251264, -982.423993851268733 ], [ 2859.990241924704605, -990.332382191289412 ], [ 2861.081054109535216, -994.695630930611173 ], [ 2857.535914508836413, -1005.331049732707925 ], [ 2852.081853584684268, -1016.78457767342752 ], [ 2851.536447492268962, -1041.600554878319826 ], [ 2851.536447492268962, -1043.782179247980821 ], [ 2841.173731736379523, -1046.509209710056894 ], [ 2837.355889089473294, -1052.508676726624344 ], [ 2837.901295181888599, -1060.144362020437256 ], [ 2833.53804644256661, -1062.871392482513329 ], [ 2825.356955056338393, -1063.962204667343713 ], [ 2822.357221548054895, -1072.415999099779583 ], [ 2815.812348439072139, -1078.960872208762339 ], [ 2809.540178376297263, -1080.597090486008028 ], [ 2799.722868712823129, -1073.234108238402541 ], [ 2794.268807788670983, -1063.689501621136287 ], [ 2794.814213881086289, -1049.236240172132966 ], [ 2789.087449910726264, -1040.509742693489443 ], [ 2785.81501335623534, -1029.874323891392578 ], [ 2783.360685940366693, -1021.965935551372013 ], [ 2777.633921970006668, -1014.60295330376664 ], [ 2773.270673230685134, -1006.694564963745961 ], [ 2769.998236676193756, -984.878321267137267 ], [ 2773.543376276892559, -978.878854250569816 ] ] ] } },
{ "type": "Feature", "properties": { "code": "vanga", "name": "Vanga", "capital": null, "culture": null, "civs": "maur", "provinceType": "land", "terrain": "rivers", "mapTypes": null, "resources": null, "religion": null, "population": "high" }, "geometry": { "type": "Polygon", "coordinates": [ [ [ 2963.421394169139603, -824.388317588862151 ], [ 2970.025921069473497, -820.574735927052984 ], [ 2972.752951531551844, -820.165681357741505 ], [ 2977.93430940949429, -819.892978311533966 ], [ 2982.433909671919992, -824.119875527751901 ], [ 2993.887437612639587, -820.574735927052984 ], [ 3002.068528998867805, -819.892978311533966 ], [ 3029.835948547637599, -813.055111751115419 ], [ 3059.183990663313125, -824.093092192851714 ], [ 3055.418091453779198, -846.818346043485235 ], [ 3035.939302438950563, -866.55685224517822 ], [ 3024.641604810350145, -855.129296023145457 ], [ 3015.976384355456958, -847.572337501606285 ], [ 3014.612869124418921, -851.390180148512854 ], [ 3012.294893231654441, -851.390180148512854 ], [ 3009.840565815785794, -849.890313394370992 ], [ 3000.841365290934846, -856.980592595768826 ], [ 2999.750553106104235, -873.479126891329201 ], [ 2991.70581324297973, -874.16088450684822 ], [ 2988.842431257799944, -876.206157353405274 ], [ 2982.024855102609763, -878.387781723066155 ], [ 2971.662139346720323, -881.251163708246054 ], [ 2963.617399483595818, -877.024266492028119 ], [ 2961.026720544623913, -854.798968226107945 ], [ 2961.844829683246189, -835.982458037782749 ], [ 2964.426986652029882, -825.121207025545004 ], [ 2963.421394169139603, -824.388317588862151 ] ] ] } },
{ "type": "Feature", "properties": { "code": "champa", "name": "Champa", "capital": "Champa", "culture": null, "civs": "maur", "provinceType": "land", "terrain": null, "mapTypes": null, "resources": null, "religion": null, "population": "high" }, "geometry": { "type": "Polygon", "coordinates": [ [ [ 3002.068528998870534, -819.961154073085936 ], [ 3011.954014423895387, -820.711087450156924 ], [ 3029.952415473597739, -813.075402156343898 ], [ 3019.044293625293449, -780.623739657638453 ], [ 3008.954280915611889, -772.715351317617888 ], [ 2986.592631126588003, -769.715617809334162 ], [ 2976.229915370699018, -767.533993439673282 ], [ 2970.230448354131568, -780.351036611430459 ], [ 2965.16839805890686, -793.700702920313006 ], [ 2961.214203888896009, -810.804297099646192 ], [ 2960.455748541631692, -825.594176371311619 ], [ 2963.387306288363561, -824.37127364847413 ], [ 2971.184909015858466, -820.574735927053098 ], [ 2978.002485171048647, -820.029329834637792 ], [ 2982.365733910370182, -824.392578573959554 ], [ 2993.682910327986065, -820.983790496364463 ], [ 3002.068528998870534, -819.961154073085936 ] ] ] } },
{ "type": "Feature", "properties": { "code": "magadha", "name": "Magadha", "capital": "Pataliputra", "culture": null, "civs": "maur", "provinceType": "land", "terrain": "plain", "mapTypes": null, "resources": null, "religion": null, "population": "high" }, "geometry": { "type": "Polygon", "coordinates": [ [ [ 2900.691171571191717, -745.717749743064132 ], [ 2918.962275667101494, -752.262622852046775 ], [ 2934.779052347142624, -759.352902053444609 ], [ 2952.777453396844976, -760.443714238274993 ], [ 2970.503151400339448, -765.897775162427251 ], [ 2976.911672986218036, -767.670344962776653 ], [ 2965.185441999291015, -793.713485875603283 ], [ 2961.231247829280619, -810.893777786682563 ], [ 2960.4813144522127, -825.739049864609228 ], [ 2934.923925840444099, -837.184055835134927 ], [ 2930.74816044538602, -845.88072641809913 ], [ 2917.931117273628843, -843.835453571542189 ], [ 2901.296231454964982, -847.653296218448531 ], [ 2885.888509344235445, -832.518277153926647 ], [ 2873.344169218686147, -817.383258089404762 ], [ 2881.329255290450874, -791.259158459734749 ], [ 2870.421133442146584, -785.532394489374951 ], [ 2868.784915164900667, -767.533993439672827 ], [ 2873.966273042845387, -755.262356360330386 ], [ 2885.419800983564983, -759.352902053444495 ], [ 2895.782516739453968, -753.080731990669506 ], [ 2900.691171571191717, -745.717749743064132 ] ] ] } },
{ "type": "Feature", "properties": { "code": "kalinga", "name": "Kalinga", "capital": "Tosali", "culture": null, "civs": "maur", "provinceType": "land", "terrain": "plain", "mapTypes": null, "resources": null, "religion": null, "population": "high" }, "geometry": { "type": "Polygon", "coordinates": [ [ [ 2963.412872198941386, -876.751563445819897 ], [ 2954.209144389434641, -881.319339469797342 ], [ 2954.82272624340203, -898.635982903980675 ], [ 2945.959877241654794, -902.317474027783305 ], [ 2937.506082809218697, -905.180856012963204 ], [ 2933.756415923864552, -905.385383297618887 ], [ 2913.917269312260942, -923.179257062665442 ], [ 2911.974260108034287, -927.303890636555593 ], [ 2903.520465675598189, -931.121733283462049 ], [ 2900.793435213522116, -936.303091161406655 ], [ 2893.132184009126831, -939.758750075066246 ], [ 2888.90528679290901, -937.713477228509305 ], [ 2877.076792163654318, -923.106820316014591 ], [ 2871.026193325923032, -921.180855052173342 ], [ 2867.856020413759779, -921.146767171397414 ], [ 2885.385713102792579, -890.079924829216793 ], [ 2884.022197871754543, -864.991244578116834 ], [ 2901.475192829041589, -848.083655713245093 ], [ 2918.110078647705905, -843.720406973923332 ], [ 2930.654418773255657, -845.62932829737656 ], [ 2934.744964466369765, -837.175533864940803 ], [ 2963.378784318168528, -824.358490693183171 ], [ 2964.444030592417676, -825.116946040448283 ], [ 2961.878917564026779, -835.130261018383749 ], [ 2960.788105379196622, -853.674068160501065 ], [ 2963.566267662436985, -876.444772518836317 ], [ 2963.412872198941386, -876.751563445819897 ] ] ] } },
{ "type": "Feature", "properties": { "code": "kuntala", "name": "Kuntala", "capital": "Suvarnagiri", "culture": null, "civs": "maur", "provinceType": "land", "terrain": null, "mapTypes": null, "resources": null, "religion": null, "population": "high" }, "geometry": { "type": "Polygon", "coordinates": [ [ [ 2623.630020283974773, -833.849898580121817 ], [ 2604.546855983772275, -834.804056795131942 ], [ 2592.279107505070442, -808.08762677484799 ], [ 2599.094523326571107, -770.057606490872445 ], [ 2669.277070953462953, -749.974473854962184 ], [ 2678.821677570728752, -734.975806313544012 ], [ 2701.183327359752184, -723.249575326617219 ], [ 2736.634723366740673, -749.974473854962184 ], [ 2750.269875677120581, -761.428001795681439 ], [ 2774.813149835804779, -781.335324168836451 ], [ 2784.903162545486339, -786.789385092988482 ], [ 2770.72260414269067, -797.424803895085006 ], [ 2758.996373155764104, -815.695907990994328 ], [ 2751.360687861951192, -835.875933410356879 ], [ 2737.452832505363403, -834.23971513311119 ], [ 2730.635256350173222, -842.966212611754486 ], [ 2714.273073577717241, -847.874867443491326 ], [ 2696.820078620431104, -859.873801476625886 ], [ 2696.138321004912086, -852.919873798332105 ], [ 2687.002768956957425, -855.237849691096699 ], [ 2681.003301940389974, -848.420273535906631 ], [ 2678.821677570729207, -843.920673273481157 ], [ 2678.139919955210189, -838.602963872432952 ], [ 2671.185992276916295, -832.194442286554249 ], [ 2669.822477045878259, -829.194708778270638 ], [ 2658.50530062826283, -832.603496855865728 ], [ 2648.278936395478013, -834.921472748630322 ], [ 2634.807302231236463, -833.849898580121817 ], [ 2623.630020283974773, -833.849898580121817 ] ] ] } },
{ "type": "Feature", "properties": { "code": "vidarbha", "name": "Vidarbha", "capital": "", "culture": null, "civs": "maur", "provinceType": "land", "terrain": null, "mapTypes": null, "resources": null, "religion": null, "population": "high" }, "geometry": { "type": "Polygon", "coordinates": [ [ [ 2754.701300177990561, -882.218407325261751 ], [ 2766.461619045696807, -867.339047366559157 ], [ 2791.516211416016631, -859.038648397615589 ], [ 2795.061351016715889, -862.856491044522045 ], [ 2807.878394188473067, -859.038648397615589 ], [ 2833.239777485779996, -860.129460582445972 ], [ 2841.420868872008214, -860.402163628653625 ], [ 2860.782785152747692, -853.85729051967121 ], [ 2870.600094816221372, -853.039181381048365 ], [ 2877.690374017618979, -855.766211843124438 ], [ 2891.325526327999341, -857.947836212785205 ], [ 2884.06480772272198, -865.072203294958854 ], [ 2885.394235072984884, -890.194971426834286 ], [ 2867.813410562788249, -921.23198687333695 ], [ 2807.639779023042138, -923.703358229593164 ], [ 2801.026730152507753, -933.07752544297955 ], [ 2788.141511219198037, -926.362212930117266 ], [ 2756.03072752825301, -929.123331272969267 ], [ 2754.462685012559632, -923.055688494850074 ], [ 2752.962818258417883, -912.215742408097867 ], [ 2752.417412166002123, -910.647699892404262 ], [ 2752.485587927554207, -906.557154199290267 ], [ 2754.462685012559177, -901.716675129105283 ], [ 2754.189981966351752, -892.785650365806305 ], [ 2753.763883456651911, -885.968074210616351 ], [ 2754.701300177990561, -882.218407325261751 ] ] ] } },
{ "type": "Feature", "properties": { "code": "avanti", "name": "Avanti", "capital": "Ujjain", "culture": null, "civs": "maur", "provinceType": "land", "terrain": null, "mapTypes": null, "resources": null, "religion": null, "population": "high" }, "geometry": { "type": "Polygon", "coordinates": [ [ [ 2766.171872059098405, -867.424267068499603 ], [ 2751.718610610095766, -835.245307616002606 ], [ 2758.536186765285493, -815.610688289055247 ], [ 2769.717011659797208, -799.521208562806692 ], [ 2782.26135178534696, -786.158759298634209 ], [ 2788.806224894329716, -778.250370958613757 ], [ 2803.804892435747661, -768.433061295140078 ], [ 2846.891973736548607, -773.069013080669265 ], [ 2867.071999155911271, -777.15955877378326 ], [ 2869.799029617987344, -777.704964866198566 ], [ 2870.480787233506817, -785.681528967770987 ], [ 2881.661612128018533, -791.544644461234384 ], [ 2873.105554053255673, -817.758224777939972 ], [ 2901.534846620398184, -847.823735622328059 ], [ 2901.330319335742388, -849.119075091814238 ], [ 2891.581185433820337, -858.2546271397689 ], [ 2877.673330077233004, -856.004827008556163 ], [ 2870.378523591179601, -853.414148069583916 ], [ 2860.561213927705921, -854.095905685102935 ], [ 2841.199297646966443, -860.777130317189176 ], [ 2807.99770177119035, -859.209087801495571 ], [ 2795.044307076329005, -863.026930448402027 ], [ 2791.703694760285998, -859.277263563047427 ], [ 2769.393176792429131, -866.3845867048326 ], [ 2766.171872059098405, -867.424267068499603 ] ] ] } },
{ "type": "Feature", "properties": { "code": "saurashtra", "name": "Saurashtra", "capital": null, "culture": null, "civs": "maur", "provinceType": "land", "terrain": null, "mapTypes": null, "resources": null, "religion": null, "population": "high" }, "geometry": { "type": "Polygon", "coordinates": [ [ [ 2699.069878751642591, -857.266078597265619 ], [ 2714.613952385476296, -846.903362841376747 ], [ 2730.703432111724396, -841.176598871017063 ], [ 2737.793711313122458, -834.086319669619456 ], [ 2750.610754484879635, -834.359022715826995 ], [ 2751.701566669710701, -835.126000033285777 ], [ 2766.42753116492031, -867.356091306946837 ], [ 2754.428597131785864, -881.809352755949817 ], [ 2751.701566669709791, -877.446104016628169 ], [ 2748.701833161426293, -880.718540571119433 ], [ 2750.338051438671755, -886.718007587686657 ], [ 2748.156427069010988, -893.808286789084264 ], [ 2737.793711313122458, -899.8077538056516 ], [ 2730.703432111724396, -901.443972082897176 ], [ 2721.704231586873902, -898.716941620821103 ], [ 2711.886921923400223, -890.535850234593113 ], [ 2702.615018352341394, -880.991243617326973 ], [ 2701.251503121303358, -871.719340046268485 ], [ 2707.796376230286114, -870.355824815230562 ], [ 2717.340982847551913, -869.810418722815257 ], [ 2724.431262048949975, -865.719873029701262 ], [ 2708.614485368908845, -867.356091306946837 ], [ 2702.887721398549274, -866.810685214531645 ], [ 2696.070145243359093, -859.447702966926386 ], [ 2699.069878751642591, -857.266078597265619 ] ] ] } },
{ "type": "Feature", "properties": { "code": "gedrosia", "name": "Gedrosia", "capital": null, "culture": null, "civs": "maur", "provinceType": "land", "terrain": null, "mapTypes": null, "resources": null, "religion": null, "population": "high" }, "geometry": { "type": "Polygon", "coordinates": [ [ [ 2623.630020283974773, -833.849898580121817 ], [ 2604.546855983772275, -834.804056795131942 ], [ 2592.279107505070442, -808.08762677484799 ], [ 2599.094523326571107, -770.057606490872445 ], [ 2669.277070953462953, -749.974473854962184 ], [ 2678.821677570728752, -734.975806313544012 ], [ 2701.183327359752184, -723.249575326617219 ], [ 2736.634723366740673, -749.974473854962184 ], [ 2750.269875677120581, -761.428001795681439 ], [ 2774.813149835804779, -781.335324168836451 ], [ 2784.903162545486339, -786.789385092988482 ], [ 2770.72260414269067, -797.424803895085006 ], [ 2758.996373155764104, -815.695907990994328 ], [ 2751.360687861951192, -835.875933410356879 ], [ 2737.452832505363403, -834.23971513311119 ], [ 2730.635256350173222, -842.966212611754486 ], [ 2714.273073577717241, -847.874867443491326 ], [ 2696.820078620431104, -859.873801476625886 ], [ 2696.138321004912086, -852.919873798332105 ], [ 2687.002768956957425, -855.237849691096699 ], [ 2681.003301940389974, -848.420273535906631 ], [ 2678.821677570729207, -843.920673273481157 ], [ 2678.139919955210189, -838.602963872432952 ], [ 2671.185992276916295, -832.194442286554249 ], [ 2669.822477045878259, -829.194708778270638 ], [ 2658.50530062826283, -832.603496855865728 ], [ 2648.278936395478013, -834.921472748630322 ], [ 2634.807302231236463, -833.849898580121817 ], [ 2623.630020283974773, -833.849898580121817 ] ] ] } },
{ "type": "Feature", "properties": { "code": "burmese", "name": "Burmese", "capital": null, "culture": null, "civs": "han", "provinceType": "land", "terrain": "hills", "mapTypes": null, "resources": null, "religion": null, "population": "medium" }, "geometry": { "type": "Polygon", "coordinates": [ [ [ 3039.283161219820158, -714.232722149214624 ], [ 3051.265862928760271, -691.820549251190187 ], [ 3097.625380784052595, -658.550777613862692 ], [ 3149.438959563497065, -642.73400093382179 ], [ 3212.16066019124537, -637.279940009669758 ], [ 3243.248807458912324, -648.188061857973821 ], [ 3231.11352190267371, -686.298312565486185 ], [ 3239.976370904420492, -709.818950300891856 ], [ 3214.751339130217275, -723.045048041960513 ], [ 3220.069048531265253, -760.814419941713481 ], [ 3220.887157669887984, -773.631463113470772 ], [ 3183.254137293239182, -783.176069730736799 ], [ 3169.8916880290667, -788.902833701096483 ], [ 3125.986497589642568, -743.36142498442689 ], [ 3122.441357988943764, -744.724940215464926 ], [ 3108.533502632355976, -710.091653347099509 ], [ 3075.468258279684505, -715.613890032803397 ], [ 3042.659484649057504, -718.77777291934126 ], [ 3039.283161219820158, -714.232722149214624 ] ] ] } },
{ "type": "Feature", "properties": { "code": "indian_ocean", "name": "Indian Ocean", "capital": null, "culture": null, "civs": null, "provinceType": "sea", "terrain": null, "mapTypes": null, "resources": null, "religion": null, "population": null }, "geometry": { "type": "Polygon", "coordinates": [ [ [ 2752.025401537082871, -875.707622097054127 ], [ 2748.480261936384068, -880.47992540568714 ], [ 2749.162019551903086, -888.661016791915245 ], [ 2742.344443396712904, -897.251162747454714 ], [ 2734.708758102899992, -900.387247778842152 ], [ 2711.801702221461255, -891.388047253991203 ], [ 2678.804633630341868, -918.658351874751247 ], [ 2648.722078845565193, -950.274861294444122 ], [ 2654.176139769717338, -1078.990699104432224 ], [ 2683.236058131215032, -1236.493752229710253 ], [ 2736.65176730712983, -1285.495080845138773 ], [ 2743.486387402707805, -1233.681502065694758 ], [ 2735.850702108894893, -1232.727041403968087 ], [ 2744.798770812581552, -1141.25221334170601 ], [ 2742.003564588953395, -1114.050084482497368 ], [ 2735.11781267221113, -1041.442898429723527 ], [ 2726.169743968524017, -1015.723592384268613 ], [ 2726.169743968524017, -1006.997094905625318 ], [ 2741.441114556149842, -1013.541968014607846 ], [ 2757.803297328605822, -1095.352881876888432 ], [ 2756.712485143775666, -1134.62212053078315 ], [ 2736.668811247517624, -1285.495080845139228 ], [ 2869.747897796827147, -1306.765918449332275 ], [ 2860.06693965645718, -1119.0780468969499 ], [ 2859.180654756282365, -1117.850883189015804 ], [ 2856.453624294206293, -1118.941695373846187 ], [ 2848.204357146425991, -1112.464998026415742 ], [ 2845.068272115037871, -1088.671657244802418 ], [ 2846.56813886917962, -1078.03623844270578 ], [ 2848.8861147619441, -1066.310007455778987 ], [ 2853.931121116784652, -1056.901752361616673 ], [ 2850.658684562293729, -1054.038370376436887 ], [ 2851.885848270227598, -1050.356879252634144 ], [ 2855.703690917134281, -1049.4024185909077 ], [ 2864.70289144198523, -1053.492964284021582 ], [ 2875.474661767185353, -1070.673256195100521 ], [ 2974.05681297123374, -1071.082310764411886 ], [ 2990.964401836105026, -947.27512778616051 ], [ 2910.244300158654823, -928.731320644043535 ], [ 2909.426191020032547, -928.458617597835996 ], [ 2903.631251288120893, -931.253823821463925 ], [ 2900.836045064493192, -936.162478653200765 ], [ 2888.29170493894344, -942.230121431319958 ], [ 2888.359880700495523, -950.343037055996092 ], [ 2885.701025999971534, -953.138243279624021 ], [ 2875.542837528738346, -952.661012948760686 ], [ 2874.588376867010538, -957.978722349808891 ], [ 2869.543370512169986, -960.705752811884736 ], [ 2864.225661111121553, -960.501225527229053 ], [ 2861.294103364390139, -962.546498373786108 ], [ 2858.158018333002474, -969.159547244320493 ], [ 2857.885315286795503, -983.749160216427526 ], [ 2860.885048795079001, -995.339039680250607 ], [ 2851.613145224020627, -1016.746228807547368 ], [ 2851.340442177813202, -1044.289236474515064 ], [ 2841.250429468132097, -1046.061806274864466 ], [ 2837.432586821225414, -1051.788570245224264 ], [ 2837.432586821224959, -1060.651419246971273 ], [ 2825.160949741883087, -1064.469261893877501 ], [ 2822.297567756703302, -1071.559541095275335 ], [ 2814.798233985994102, -1078.649820296672942 ], [ 2808.389712400115513, -1080.149687050814691 ], [ 2800.754027106302601, -1074.286571557351181 ], [ 2794.618208566631893, -1063.65115275525477 ], [ 2795.572669228358336, -1048.652485213836599 ], [ 2789.845905257998766, -1040.880448396919974 ], [ 2783.505559433672261, -1021.382180593076441 ], [ 2777.574268178656894, -1013.951022583919325 ], [ 2773.688249770198581, -1006.588040336314066 ], [ 2770.279461692603945, -984.976323924361509 ], [ 2765.234455337762483, -975.840771876406961 ], [ 2764.484521960691836, -971.000292806221978 ], [ 2758.416879182572757, -961.182983142748299 ], [ 2755.689848720497594, -936.70788474561607 ], [ 2756.167079051360815, -932.685514814053931 ], [ 2754.207025906743638, -909.5227998267967 ], [ 2756.252298753300693, -883.070604344659273 ], [ 2752.025401537082871, -875.707622097054127 ] ] ] } },
{ "type": "Feature", "properties": { "code": "ocean_pacific_austral", "name": "Ocean Pacific Austral", "capital": null, "culture": null, "civs": null, "provinceType": "sea", "terrain": null, "mapTypes": null, "resources": null, "religion": null, "population": null }, "geometry": { "type": "Polygon", "coordinates": [ [ [ 0.530122074996399, -1866.378502948601863 ], [ 250.971764395219964, -1863.909359996149078 ], [ 251.170177668187961, -2048.036877307637496 ], [ -0.004491466044955, -2048.020342868223452 ], [ 0.530122074996399, -1866.378502948601863 ] ] ] } },
{ "type": "Feature", "properties": { "code": "kamchatka", "name": "Kamchatka", "capital": null, "culture": null, "civs": null, "provinceType": "land", "terrain": "taiga", "mapTypes": null, "resources": null, "religion": null, "population": "low" }, "geometry": { "type": "Polygon", "coordinates": [ [ [ 3843.649076510600935, 0.287175533757775 ], [ 3852.821298526783266, -156.32851539254807 ], [ 3862.68143719417867, -156.32851539254807 ], [ 3868.872687055101778, -148.990737779602568 ], [ 3870.477825907933493, -142.340876817870708 ], [ 3878.732825722497182, -147.844210027579834 ], [ 3888.822269940297247, -140.965043515443426 ], [ 3900.975464111738347, -143.946015670702536 ], [ 3910.147686127920224, -148.073515577984381 ], [ 3920.466435896124494, -141.194349065847973 ], [ 3931.243796765138541, -145.551154523534365 ], [ 3950.734768549525143, -143.258099019488895 ], [ 3956.238101759234269, -141.194349065847973 ], [ 3973.894629140384041, -147.38559892677074 ], [ 4022.048794725339121, -132.710043700879737 ], [ 4026.405600183025399, -121.932682831866018 ], [ 4024.571155779790388, -90.288516876038443 ], [ 4040.6225443081089, -96.250461186556691 ], [ 4049.106849673077249, -110.008794210829535 ], [ 4061.718654945327216, -92.122961279274818 ], [ 4070.202960310295566, -93.957405682511208 ], [ 4062.635877146945404, -107.257127605974972 ], [ 4062.635877146945404, -116.887960722965971 ], [ 4059.884210542090386, -142.799487918679802 ], [ 4045.437960866603589, -148.073515577984409 ], [ 4047.731016370649286, -159.309487547807265 ], [ 4041.539766509726633, -169.398931765607358 ], [ 4044.750044215390062, -181.093514836239308 ], [ 4044.750044215390062, -188.431292449184866 ], [ 4049.565460773885661, -191.87087570525307 ], [ 4056.444627286021387, -205.629208729526056 ], [ 4063.094488247753361, -207.922264233571525 ], [ 4061.718654945325852, -219.158236203394381 ], [ 4071.12018251191239, -221.909902808248944 ], [ 4072.725321364744559, -231.082124824430878 ], [ 4076.164904620812649, -235.668235832521844 ], [ 4077.540737923239703, -247.133513352749247 ], [ 4073.183932465554335, -256.305735368931266 ], [ 4083.044071132950194, -257.910874221763095 ], [ 4067.680599255845209, -269.146846191585951 ], [ 4061.718654945327216, -280.841429262217844 ], [ 4056.673932836426047, -297.122123340940618 ], [ 4064.928932650989736, -301.937539899436103 ], [ 4088.31809879225375, -265.477957385112973 ], [ 4096.802404157221645, -243.006013445467261 ], [ 4096.028497924607109, -236.814763584544494 ], [ 4096.000058662006268, 0.000095733249829 ], [ 3843.649076510600935, 0.287175533757775 ] ] ] } },
{ "type": "Feature", "properties": { "code": "caatinga", "name": "Caatinga", "capital": null, "culture": null, "civs": null, "provinceType": "land", "terrain": "semi_arid", "mapTypes": null, "resources": null, "religion": null, "population": "medium" }, "geometry": { "type": "Polygon", "coordinates": [ [ [ 1099.953566559884393, -1195.061950777831044 ], [ 1104.588404997441785, -1195.663877847643562 ], [ 1114.760972477275118, -1193.256169568393034 ], [ 1127.281055529377454, -1203.007388099357286 ], [ 1131.253774190140575, -1205.655867206532776 ], [ 1142.208846860730091, -1211.976101439565355 ], [ 1158.09972150378303, -1211.675137904659096 ], [ 1163.637450546058972, -1215.587663858440919 ], [ 1176.639075254011459, -1217.032288825991145 ], [ 1182.899116780062741, -1222.810788696192276 ], [ 1190.122241617814097, -1234.849330092444461 ], [ 1200.234616390665906, -1241.590913274345667 ], [ 1211.791616131068167, -1241.590913274345667 ], [ 1217.088574345419147, -1248.814038112097023 ], [ 1238.276407202823066, -1249.777121423797325 ], [ 1248.388781975675101, -1257.000246261548682 ], [ 1245.49953204057465, -1280.595787398203356 ], [ 1251.759573566625932, -1285.892745612554336 ], [ 1254.167281845876232, -1307.562120125808406 ], [ 1249.833406943225555, -1325.379161392261722 ], [ 1240.20257382622367, -1339.825411067764435 ], [ 1236.831782235273067, -1347.048535905515791 ], [ 1225.274782494870806, -1355.234744054967223 ], [ 1216.607032689569223, -1366.791743795369484 ], [ 1213.717782754468772, -1378.348743535771519 ], [ 1205.050032949166962, -1387.979576652773403 ], [ 1198.308449767265756, -1383.164160094272574 ], [ 1197.826908111415605, -1398.573493081475362 ], [ 1195.900741488015228, -1412.056659445278001 ], [ 1199.271533078966058, -1435.170658926082297 ], [ 1067.810661031891186, -1409.167409510177549 ], [ 1073.589160902092317, -1392.313451555424308 ], [ 1081.293827395693825, -1375.459493600671067 ], [ 1089.961577200995407, -1363.902493860268805 ], [ 1104.40782687649812, -1351.382410808166696 ], [ 1109.223243434998949, -1335.973077820963681 ], [ 1114.038659993500005, -1331.639202918312776 ], [ 1131.855701259953321, -1314.303703307709611 ], [ 1099.953566559884393, -1195.061950777831044 ] ] ] } },
{ "type": "Feature", "properties": { "code": "pampas", "name": "Pampas", "capital": null, "culture": null, "civs": null, "provinceType": "land", "terrain": "plains", "mapTypes": null, "resources": null, "religion": null, "population": null }, "geometry": { "type": "Polygon", "coordinates": [ [ [ 897.860176176480763, -1578.024011368080437 ], [ 881.949702947879246, -1589.254933647093367 ], [ 885.693343707550184, -1601.889721210982771 ], [ 879.609927473085008, -1608.207114992927472 ], [ 875.866286713413956, -1629.26509426607663 ], [ 856.680127820100438, -1659.21422034344414 ], [ 848.724891205799736, -1665.297636577909316 ], [ 842.641474971334446, -1688.227436230893773 ], [ 846.853070825964323, -1719.580427593137983 ], [ 846.736082052224447, -1722.739124484110334 ], [ 856.2121727251415, -1728.00361930239751 ], [ 866.507184814236552, -1729.056518266055036 ], [ 874.81338774975643, -1735.139934500520212 ], [ 883.587545780235132, -1733.502091668164212 ], [ 892.010737489494772, -1740.87238441376644 ], [ 910.260986192890641, -1739.936474223848563 ], [ 913.419683083862992, -1746.72182310075209 ], [ 930.500044049861572, -1742.978182341081265 ], [ 950.037169264394265, -1721.101281651754107 ], [ 971.212137311282959, -1709.285415504042703 ], [ 993.32301554808987, -1690.333234158209052 ], [ 1001.746207257349397, -1681.676064901469999 ], [ 1023.974074267895617, -1654.066714298896841 ], [ 1028.653625217484205, -1650.557051086705087 ], [ 1031.695333334716679, -1639.794083902651209 ], [ 1036.374884284305381, -1636.986353332897806 ], [ 1037.778749569182082, -1631.83884728835028 ], [ 1048.307739205756434, -1624.585543316487929 ], [ 1053.221267702824662, -1620.841902556817104 ], [ 1053.923200345263012, -1614.290531227392876 ], [ 1063.422995519335473, -1604.932811099839682 ], [ 897.860176176480763, -1578.024011368080437 ] ] ] } },
{ "type": "Feature", "properties": { "code": "wallmapu", "name": "Wallmapu", "capital": null, "culture": null, "civs": null, "provinceType": "land", "terrain": "mountainous", "mapTypes": null, "resources": null, "religion": null, "population": "low" }, "geometry": { "type": "Polygon", "coordinates": [ [ [ 621.682570152991275, -1546.910467047763177 ], [ 721.433669642973769, -1555.991887271555242 ], [ 680.335867500640006, -1737.800961888200618 ], [ 679.573617960888328, -1753.045952683233054 ], [ 690.626236287287043, -1764.289133394569035 ], [ 697.867606914927478, -1774.770064566153906 ], [ 699.58266837936867, -1782.583122348608185 ], [ 642.604515282934585, -1827.746407578891876 ], [ 568.285185157151204, -1810.214668164604518 ], [ 573.239807165536718, -1802.02048561227457 ], [ 572.763401203191961, -1795.064958562041056 ], [ 576.574648901950013, -1788.395275089214238 ], [ 572.763401203191961, -1781.439748038980724 ], [ 571.524745701095526, -1764.765539356913905 ], [ 576.860492479356935, -1757.905293499149138 ], [ 584.292425491935319, -1752.474265528418982 ], [ 588.389516768100293, -1737.41983711832404 ], [ 597.822354822526563, -1707.882667452948454 ], [ 604.158554121711859, -1686.15855557002692 ], [ 596.917183494071423, -1654.525199670334587 ], [ 604.158554121711859, -1649.189452892073405 ], [ 602.252930272332833, -1624.035218080269715 ], [ 615.211172448110347, -1595.450860339583869 ], [ 623.214792615502347, -1564.579753979643328 ], [ 621.521242184544917, -1555.138193438526969 ], [ 621.951450100401871, -1552.234290006492756 ], [ 621.736346142473167, -1550.298354385137145 ], [ 621.682570152991275, -1546.910467047763177 ] ] ] } },
{ "type": "Feature", "properties": { "code": "ushuaia", "name": "Ushuaia", "capital": null, "culture": null, "civs": null, "provinceType": "land", "terrain": "tundra", "mapTypes": null, "resources": null, "religion": null, "population": null }, "geometry": { "type": "Polygon", "coordinates": [ [ [ 568.94758878088146, -1811.219714659402598 ], [ 642.992809472988711, -1827.820936113938615 ], [ 699.682207735353472, -1782.544877601567123 ], [ 698.078680663040245, -1775.046030410456297 ], [ 690.674158593829588, -1764.104316269966375 ], [ 679.590956770488674, -1752.92678932472495 ], [ 801.317526583437029, -1783.440966259624474 ], [ 807.73163487268971, -1794.759980887717347 ], [ 808.674886091697431, -1800.419488201763897 ], [ 814.711693893346933, -1804.192493077794779 ], [ 813.391142186736033, -1810.040650635642578 ], [ 806.5997334098804, -1813.436355024070508 ], [ 810.750038773514461, -1821.548315507537154 ], [ 802.826728533849405, -1827.585123309186656 ], [ 786.602807566916454, -1828.151074040591084 ], [ 767.549132942960227, -1820.227763800926141 ], [ 762.078275872715267, -1825.698620871170988 ], [ 765.662630504944559, -1837.017635499264316 ], [ 770.567536843784865, -1840.036039400089066 ], [ 776.981645133037432, -1839.658738912486115 ], [ 771.322137818991109, -1854.467783050906974 ], [ 758.871221728088926, -1860.598915974457213 ], [ 758.68257148428745, -1872.955506943458431 ], [ 746.043005149583905, -1881.822068402132118 ], [ 738.496995397522028, -1881.256117670727463 ], [ 727.366631013230744, -1883.331270352544379 ], [ 713.21786272811471, -1891.254580592209322 ], [ 713.21786272811471, -1901.064393269889706 ], [ 716.990867604145706, -1905.214698633523767 ], [ 725.291478331413714, -1905.214698633523767 ], [ 732.837488083475591, -1908.987703509554649 ], [ 730.95098564546015, -1916.345063017814937 ], [ 729.441783695047775, -1926.154875695495321 ], [ 717.179517847947182, -1926.909476670701679 ], [ 703.030749562831147, -1936.907939592183538 ], [ 700.200995905807986, -1948.887230073581804 ], [ 692.560661031845257, -1952.660234949612914 ], [ 685.486276889287296, -1950.585082267795769 ], [ 681.996247378958628, -1955.301338362834485 ], [ 676.242414943011454, -1960.677870311178594 ], [ 677.562966649622354, -1970.016057379355061 ], [ 683.599774451271855, -1974.826638596294515 ], [ 691.145784203333733, -1976.335840546707004 ], [ 691.994710300440715, -1982.844273957860423 ], [ 695.390414688868532, -1989.918658100418497 ], [ 693.598237372753829, -1992.371111269838593 ], [ 698.125843223990955, -1997.936293461984178 ], [ 697.74854273638789, -2003.878776141732942 ], [ 699.446394930601741, -2008.217731749167115 ], [ 716.990867604145706, -2014.254539550816617 ], [ 726.234729550421434, -2017.555918817343581 ], [ 734.158039790086377, -2021.80054930287838 ], [ 753.211714414042717, -2020.385672474366856 ], [ 758.776896606188302, -2022.649475399985704 ], [ 759.908798068997612, -2031.138736371055302 ], [ 712.557586874809203, -2034.911741247086184 ], [ 694.824463957463877, -2027.931682226429075 ], [ 694.635813713662287, -2033.213889052872219 ], [ 708.029981023572191, -2037.741494904109459 ], [ 709.916483461587632, -2041.703150023941816 ], [ 700.483971271510313, -2041.89180026774352 ], [ 664.451774705414778, -2036.23229295369697 ], [ 628.796878626922421, -2028.308982714032027 ], [ 599.933391325285811, -2015.66941637932905 ], [ 572.579105974061463, -1996.993042242975889 ], [ 549.752426474074355, -1957.187840800849244 ], [ 544.281569403829508, -1926.815151548800259 ], [ 546.168071841845062, -1899.649516441377955 ], [ 550.507027449280599, -1871.917930602550541 ], [ 564.467145490595044, -1855.505359391816 ], [ 562.486317930678638, -1843.997694519921879 ], [ 570.78692865794676, -1821.736965751338857 ], [ 569.089076463732908, -1810.606601367047688 ], [ 609.554553759164719, -1820.227763800926596 ], [ 568.94758878088146, -1811.219714659402598 ] ] ] } },
{ "type": "Feature", "properties": { "code": "marajo", "name": "Marajo", "capital": null, "culture": null, "civs": null, "provinceType": "land", "terrain": "tropical_florest", "mapTypes": null, "resources": null, "religion": null, "population": null }, "geometry": { "type": "Polygon", "coordinates": [ [ [ 963.716370247001578, -1133.505650264006817 ], [ 1008.699948586140636, -1155.782109939574866 ], [ 993.244176439377043, -1158.153557583859538 ], [ 987.825694321912351, -1167.253298544487052 ], [ 986.281495855866297, -1175.994564861211529 ], [ 975.375594189416461, -1181.130403509444932 ], [ 953.25796203655193, -1177.580370579473083 ], [ 941.49225279979612, -1176.086312263694708 ], [ 934.433653609742692, -1158.091513895491062 ], [ 963.716370247001578, -1133.505650264006817 ] ] ] } },
{ "type": "Feature", "properties": { "code": "amazon_eastern", "name": "Eastern Amazon", "capital": null, "culture": null, "civs": null, "provinceType": "land", "terrain": "tropical_florest", "mapTypes": null, "resources": null, "religion": null, "population": "medium" }, "geometry": { "type": "Polygon", "coordinates": [ [ [ 963.703194456290248, -1133.759401152088003 ], [ 926.347671155935018, -1108.90442728583298 ], [ 845.219009511914464, -1110.591444741968644 ], [ 740.630077653564513, -1111.905376046721813 ], [ 733.009276085996248, -1127.672551703759609 ], [ 750.353169308737847, -1133.453849444673324 ], [ 759.28790218105928, -1156.579040408328638 ], [ 754.032176962046606, -1169.192780933958602 ], [ 757.711184615355478, -1184.959956590996399 ], [ 745.097444089725286, -1212.815300251762892 ], [ 746.674161655429089, -1231.735911040208293 ], [ 756.660039571552943, -1249.079804262949892 ], [ 783.63700760520021, -1283.202396059922876 ], [ 931.262531759826743, -1160.7387112658555 ], [ 931.455556568082329, -1160.490536512383869 ], [ 934.434945104652911, -1158.15575797403244 ], [ 941.727263846032884, -1176.41940311010103 ], [ 975.363905247712978, -1181.149555807212664 ], [ 986.269535077164051, -1176.025223718675306 ], [ 987.846252642867739, -1167.221883976829304 ], [ 993.233370992355617, -1158.155757974032667 ], [ 1008.737760388442666, -1155.790681625476964 ], [ 1051.309134662444421, -1171.689250412989395 ], [ 1052.743464186462234, -1174.673239489222169 ], [ 1052.385943636610136, -1178.784725812521174 ], [ 1049.168258687941261, -1181.287369661485855 ], [ 1043.805450440159802, -1186.650177909267313 ], [ 1039.3364435670087, -1190.225383407788286 ], [ 1018.779011950513336, -1203.989924577093916 ], [ 976.725657274160881, -1244.121606297991093 ], [ 914.74891133144115, -1269.600531733543903 ], [ 907.344325568488784, -1302.989599334574905 ], [ 783.628479601610138, -1283.209169903912198 ], [ 963.703194456290248, -1133.759401152088003 ] ] ] } },
{ "type": "Feature", "properties": { "code": "pindorama", "name": "Pindorama", "capital": null, "culture": null, "civs": null, "provinceType": "land", "terrain": "tropical_florest", "mapTypes": null, "resources": null, "religion": null, "population": "medium" }, "geometry": { "type": "Polygon", "coordinates": [ [ [ 1063.318045986637117, -1604.898956859257851 ], [ 1064.771565389188027, -1583.079065592724419 ], [ 1064.429560823881957, -1576.102172460478414 ], [ 1072.466668108576869, -1564.303014957415144 ], [ 1071.919460804087066, -1555.547698085577167 ], [ 1080.12757037143524, -1550.896435997413164 ], [ 1083.410814198374283, -1545.697966604759358 ], [ 1099.827033333070631, -1536.395442428431579 ], [ 1115.422441511032048, -1533.933009558227013 ], [ 1120.894514555930982, -1526.272107295368869 ], [ 1122.53613646940039, -1522.715259816184698 ], [ 1133.480282559198031, -1519.432015989245428 ], [ 1143.056410387770711, -1520.252826945980132 ], [ 1161.114251435936694, -1518.063997728020695 ], [ 1169.869568307774671, -1510.129491812917422 ], [ 1171.784793873489434, -1500.826967636589643 ], [ 1181.634525354307016, -1486.599577719852732 ], [ 1183.002543615531749, -1471.551376846381345 ], [ 1190.663445878390121, -1464.984889192502806 ], [ 1193.399482400839361, -1454.314346754950293 ], [ 1191.757860487369726, -1448.295066405561556 ], [ 1198.050744489003364, -1442.549389708417948 ], [ 1198.871555445738068, -1435.982902054539409 ], [ 1199.145159097983196, -1435.298892923926815 ], [ 1067.828231191612076, -1409.161194020402945 ], [ 1022.923031766911436, -1432.037024382318805 ], [ 1011.431678372623992, -1442.433963167626416 ], [ 994.468251933437841, -1449.000450821504955 ], [ 972.032752449352984, -1464.322255347221471 ], [ 968.202301317923911, -1479.096852568447957 ], [ 953.427704096697198, -1493.324242485184868 ], [ 933.181033830571891, -1512.476498142330456 ], [ 915.670400086895825, -1538.742448757844386 ], [ 904.726253997098411, -1562.819570155398878 ], [ 897.886162690975198, -1578.021673083257383 ], [ 1063.318045986637117, -1604.898956859257851 ] ] ] } },
{ "type": "Feature", "properties": { "code": "paraguai", "name": "Paraguai", "capital": null, "culture": null, "civs": null, "provinceType": "land", "terrain": "wetland", "mapTypes": null, "resources": null, "religion": null, "population": "medium" }, "geometry": { "type": "Polygon", "coordinates": [ [ [ 968.308214881822096, -1479.218657984725951 ], [ 972.058411156505827, -1464.49362261207034 ], [ 898.433234293227997, -1457.985929076590082 ], [ 893.138839552497984, -1432.83755405812235 ], [ 829.606102663737147, -1402.835983860651822 ], [ 797.398534657629284, -1389.158797447099232 ], [ 747.984183744148709, -1451.367935650677509 ], [ 733.865797768868561, -1498.135089193792965 ], [ 730.998000617639832, -1512.915274511665075 ], [ 748.425383305876494, -1517.878769581099277 ], [ 756.587575197835235, -1523.614363883556962 ], [ 763.205568623747808, -1527.585159939104415 ], [ 774.456157447799228, -1526.923360596513248 ], [ 781.294750654575523, -1538.39454920142839 ], [ 793.868938163809503, -1543.247744380430959 ], [ 796.736735315038231, -1564.42532334335101 ], [ 833.135699157557383, -1582.514505374178725 ], [ 819.127613072708982, -1613.949974147263447 ], [ 815.708316469320152, -1631.708256506795806 ], [ 814.825917345865264, -1641.855846426528387 ], [ 809.531522605135137, -1654.871233497489811 ], [ 848.577683818019295, -1666.121822321541003 ], [ 856.795025655194195, -1659.172929224332847 ], [ 875.959631617732725, -1629.309233889902089 ], [ 879.682252919808434, -1608.186804872197627 ], [ 885.748746893561702, -1601.872136144972728 ], [ 881.970975646269949, -1589.325523608346884 ], [ 897.992034731499984, -1577.937059921255695 ], [ 915.557292282776075, -1539.001198598803967 ], [ 933.205274751876232, -1512.418925004721132 ], [ 968.61153958050852, -1478.777458422998734 ], [ 968.308214881822096, -1479.218657984725951 ] ] ] } },
{ "type": "Feature", "properties": { "code": "central_plateau", "name": "Central Plateau", "capital": null, "culture": null, "civs": null, "provinceType": "land", "terrain": "central plateau", "mapTypes": null, "resources": null, "religion": null, "population": null }, "geometry": { "type": "Polygon", "coordinates": [ [ [ 812.614318370910382, -1395.863608950812022 ], [ 831.475599634757373, -1355.6317239157936 ], [ 826.401804674891991, -1341.954537502243511 ], [ 832.137398977348425, -1335.557143857196024 ], [ 828.607802483529099, -1328.0567513078297 ], [ 834.343396785985533, -1324.085955252282929 ], [ 841.181989992760577, -1313.938365332552394 ], [ 840.740790431033133, -1300.922978261593471 ], [ 847.579383637808178, -1292.981386150499929 ], [ 849.151157076462141, -1293.670760465699004 ], [ 1109.427876651456245, -1335.367565920516654 ], [ 1109.438217266184211, -1335.791531124364155 ], [ 1104.405784765231374, -1351.405859363623449 ], [ 1089.887561687138259, -1363.924896927639111 ], [ 1081.201445315629599, -1375.42366050515966 ], [ 1067.810133813412904, -1409.16788694573529 ], [ 1067.814765547093657, -1409.168317804681919 ], [ 1022.844832386562643, -1432.072994856694095 ], [ 1011.42189998368849, -1442.454972043615044 ], [ 994.366779425626419, -1449.031603010628032 ], [ 972.031051613128056, -1464.325372193352905 ], [ 971.993136025792069, -1464.480481414273072 ], [ 898.754008778883758, -1458.100322127091658 ], [ 893.156289339455157, -1432.896797163358997 ], [ 812.614318370910382, -1395.863608950812022 ] ] ] } },
{ "type": "Feature", "properties": { "code": "amazon_western", "name": "Western Amazon", "capital": null, "culture": null, "civs": null, "provinceType": "land", "terrain": "tropical_florest", "mapTypes": null, "resources": null, "religion": null, "population": "medium" }, "geometry": { "type": "Polygon", "coordinates": [ [ [ 746.365562766619746, -1229.524577124313964 ], [ 757.550968578899869, -1183.707434085551085 ], [ 753.894201294116101, -1168.435053072629898 ], [ 759.056696284399095, -1156.389231428636094 ], [ 750.237434009331992, -1132.94290001443369 ], [ 732.814013417126489, -1127.135093150365265 ], [ 695.385924737573532, -1122.402806075939452 ], [ 658.388043973877757, -1161.981934334776724 ], [ 615.582356346113215, -1178.652491074232785 ], [ 635.156816517603488, -1218.446723290998762 ], [ 651.983221682439307, -1240.101303338088883 ], [ 647.309560467798974, -1248.453646829717172 ], [ 635.1072607256624, -1263.614079842674755 ], [ 623.27472764237848, -1279.883812832190188 ], [ 626.232860913199488, -1297.016334692361852 ], [ 638.31190510238514, -1303.918645657610796 ], [ 655.321171409605881, -1309.834912199252813 ], [ 664.195571222068793, -1335.225556107132888 ], [ 713.497792402418668, -1342.867400390087141 ], [ 752.200036028993281, -1350.01622246123793 ], [ 748.748880546368696, -1323.146511917947237 ], [ 760.088391417849152, -1312.793045470073821 ], [ 778.82323546638213, -1296.276801374656543 ], [ 783.753457584417106, -1282.718690550060501 ], [ 756.513980382273871, -1249.008296817996097 ], [ 746.365562766619746, -1229.524577124313964 ] ] ] } },
{ "type": "Feature", "properties": { "code": "mojos", "name": "Mojos", "capital": null, "culture": null, "civs": null, "provinceType": "land", "terrain": "tropical_florest", "mapTypes": null, "resources": null, "religion": null, "population": null }, "geometry": { "type": "Polygon", "coordinates": [ [ [ 747.261706242943092, -1448.656878364925205 ], [ 742.971459644718266, -1433.998535820990583 ], [ 734.569726723194663, -1428.278207023357481 ], [ 729.385678750339821, -1414.156145304200891 ], [ 709.36452795862408, -1400.749124684748494 ], [ 690.237178541538583, -1386.805823240517839 ], [ 666.998342801154536, -1366.516532036413537 ], [ 664.31693867726392, -1335.14410378689422 ], [ 752.266993940872112, -1349.713066193366103 ], [ 748.825858648546046, -1323.122475298118616 ], [ 778.969310007948138, -1296.196708887384602 ], [ 783.550042052927438, -1283.203071403698232 ], [ 847.255735029693597, -1293.381234557299649 ], [ 840.820365132355846, -1300.788613449547029 ], [ 841.222575750939427, -1313.972183725342347 ], [ 834.38499523501855, -1324.384969739783855 ], [ 828.977496918505949, -1328.094245444499165 ], [ 832.150491798442999, -1335.602176991392753 ], [ 826.564233207004463, -1341.992856819998678 ], [ 831.56952090493337, -1355.757397989303627 ], [ 812.889072175162823, -1395.6209392978094 ], [ 797.605068668986746, -1389.00680912554617 ], [ 748.35661292686359, -1450.768484112491933 ], [ 747.261706242943092, -1448.656878364925205 ] ] ] } },
{ "type": "Feature", "properties": { "code": "quitu", "name": "Quitu", "capital": "Quitu", "culture": null, "civs": null, "provinceType": "land", "terrain": "mountainous", "mapTypes": null, "resources": null, "religion": null, "population": null }, "geometry": { "type": "Polygon", "coordinates": [ [ [ 487.009090984997897, -1241.440202174103433 ], [ 527.230152843355995, -1234.289791177061943 ], [ 536.70444741443589, -1230.893345953467133 ], [ 555.474276281669745, -1244.836647397698016 ], [ 628.944749276270613, -1273.259531110937814 ], [ 647.535817868578306, -1248.501233033681956 ], [ 652.257581172916389, -1239.634463146952385 ], [ 636.23233630724576, -1219.092035164784193 ], [ 604.633351886329592, -1155.367129797216649 ], [ 545.999981710589736, -1110.319540515855579 ], [ 538.134529613844165, -1110.677061065707449 ], [ 538.492050163696263, -1123.905321410234137 ], [ 524.191228169613396, -1128.910609108163271 ], [ 525.263789819169574, -1138.206143404317118 ], [ 518.113378822128084, -1141.066307803133668 ], [ 514.538173323607339, -1150.719362649139612 ], [ 504.885118477601395, -1166.450266842630754 ], [ 499.879830779672432, -1171.098033990707791 ], [ 495.947104731299646, -1192.191746431979936 ], [ 498.092228030412059, -1203.632404027246366 ], [ 507.030241776713865, -1199.342157429021427 ], [ 510.96296782508665, -1206.13504787621082 ], [ 500.952392429228667, -1215.073061622512796 ], [ 492.729419782630998, -1215.788102722216763 ], [ 483.433885486477095, -1232.949089115116294 ], [ 482.36132383692086, -1240.457020662009882 ], [ 487.009090984997897, -1241.440202174103433 ] ] ] } },
{ "type": "Feature", "properties": { "code": "andean_northern_coast", "name": "Northern Andean coast", "capital": null, "culture": null, "civs": null, "provinceType": "land", "terrain": "plain", "mapTypes": null, "resources": null, "religion": null, "population": "high" }, "geometry": { "type": "Polygon", "coordinates": [ [ [ 481.825043012143055, -1240.457020662009427 ], [ 480.931241637512926, -1242.95966451097388 ], [ 482.361323836921201, -1252.255198807127726 ], [ 487.009090984998124, -1260.299411178799346 ], [ 482.182563561995153, -1267.449822175840836 ], [ 481.110001912438918, -1272.991390698548003 ], [ 483.255125211551388, -1277.281637296772942 ], [ 480.573721087660829, -1283.538246919184076 ], [ 482.361323836921201, -1289.437335991743339 ], [ 491.299337583223007, -1296.408986713858667 ], [ 492.908180057557388, -1296.230226438932732 ], [ 496.304625281152084, -1305.347000460160643 ], [ 500.952392429229008, -1312.676171732128068 ], [ 500.773632154303016, -1322.150466303208077 ], [ 505.063878752527842, -1323.580548502616239 ], [ 509.711645900604822, -1333.412363623548345 ], [ 514.001892498829648, -1338.417651321477251 ], [ 547.78758445985045, -1332.876082798770312 ], [ 518.739039784369538, -1272.812630423622068 ], [ 521.062923358408057, -1245.283548085012399 ], [ 537.151348101751296, -1230.982726090929646 ], [ 536.637412311339062, -1230.893345953466678 ], [ 530.917083513705961, -1233.038469252579262 ], [ 526.96201243096732, -1234.356826280158657 ], [ 498.840786681665122, -1239.283906357807382 ], [ 487.064953570912508, -1241.451374691285764 ], [ 482.350151319738472, -1240.434675627643628 ], [ 481.825043012143055, -1240.457020662009427 ] ] ] } },
{ "type": "Feature", "properties": { "code": "andean_central_coast", "name": "Central Andean coast", "capital": "Nasca", "culture": null, "civs": null, "provinceType": "land", "terrain": "semi_arid", "mapTypes": null, "resources": null, "religion": null, "population": null }, "geometry": { "type": "Polygon", "coordinates": [ [ [ 513.993513110906065, -1338.451168873029928 ], [ 547.790377589111586, -1332.831392730042353 ], [ 569.956651679941388, -1376.806420361849177 ], [ 591.229124396140946, -1393.788646479823683 ], [ 550.471781713002315, -1420.06640689395249 ], [ 538.852363842809268, -1401.832858851495757 ], [ 540.997487141921852, -1396.648810878640461 ], [ 536.707240543696685, -1381.454187509926442 ], [ 521.691377449908828, -1357.500310669836153 ], [ 514.004685628088851, -1342.305687301122362 ], [ 513.993513110906065, -1338.451168873029928 ] ] ] } },
{ "type": "Feature", "properties": { "code": "Central Andean", "name": "andean_central", "capital": null, "culture": null, "civs": null, "provinceType": "land", "terrain": "mountainous", "mapTypes": null, "resources": null, "religion": null, "population": "high" }, "geometry": { "type": "Polygon", "coordinates": [ [ [ 547.879757726574326, -1332.92077286750532 ], [ 628.768782130610361, -1298.777560356630374 ], [ 655.940343919369411, -1309.503176852193064 ], [ 665.95091931522802, -1337.032259190804325 ], [ 667.738522064488507, -1367.063985378380039 ], [ 689.904796155318309, -1385.655053970689096 ], [ 630.913905429722945, -1419.61950620663788 ], [ 591.184434327409122, -1393.78864647982391 ], [ 570.046031817404128, -1376.985180636775567 ], [ 547.879757726574326, -1332.92077286750532 ] ] ] } },
{ "type": "Feature", "properties": { "code": "andes_northern", "name": "Northern Andes", "capital": null, "culture": null, "civs": null, "provinceType": "land", "terrain": null, "mapTypes": "mountainous", "resources": null, "religion": null, "population": "high" }, "geometry": { "type": "Polygon", "coordinates": [ [ [ 521.199786693862052, -1245.283548085011034 ], [ 537.020071024817071, -1231.105623779938924 ], [ 555.767554857686264, -1245.093615292901632 ], [ 628.288363891746826, -1273.013735732914029 ], [ 623.26073115945178, -1279.996558972212824 ], [ 626.232620730097324, -1297.224580468209979 ], [ 628.824644716524972, -1298.833422942544303 ], [ 547.801550106294371, -1332.887255315956281 ], [ 518.730660396446183, -1272.834975457987412 ], [ 521.199786693862052, -1245.283548085011034 ] ] ] } },
{ "type": "Feature", "properties": { "code": "andes_southern", "name": "Southern Andes", "capital": null, "culture": null, "civs": null, "provinceType": "land", "terrain": "mountainous", "mapTypes": null, "resources": null, "religion": null, "population": "high" }, "geometry": { "type": "Polygon", "coordinates": [ [ [ 631.846232165110905, -1419.031164059292905 ], [ 689.386540910975214, -1385.905154538309489 ], [ 729.772309012044502, -1414.245100995384973 ], [ 734.719700044399133, -1428.549514197627786 ], [ 743.05497841412739, -1434.034665124802814 ], [ 747.518385541142948, -1449.575926085134597 ], [ 748.593905330785333, -1450.812773843223113 ], [ 730.3638448963477, -1509.64370633665817 ], [ 721.437030642316358, -1555.998609270242468 ], [ 647.508489101777627, -1549.14889260995642 ], [ 663.358962001630971, -1466.515362772000117 ], [ 631.846232165110905, -1419.031164059292905 ] ] ] } },
{ "type": "Feature", "properties": { "code": "andes_southern_coast", "name": "Southern Andes coast", "capital": null, "culture": null, "civs": null, "provinceType": "land", "terrain": "desert", "mapTypes": "", "resources": null, "religion": null, "population": "medium" }, "geometry": { "type": "Polygon", "coordinates": [ [ [ 550.933533990582191, -1420.073073855507573 ], [ 591.426854070615605, -1393.669063019788609 ], [ 631.005982329453218, -1419.629421942280032 ], [ 631.866398161167126, -1419.037886057976721 ], [ 663.352240002946132, -1466.522084770684842 ], [ 647.474879108351615, -1549.296776581032418 ], [ 621.689292151677137, -1546.920550045791288 ], [ 628.058385905965224, -1518.516744601206256 ], [ 626.660210179430123, -1503.782123483106488 ], [ 629.295233664053853, -1497.436556724216871 ], [ 624.939378516002421, -1490.284350123095464 ], [ 624.455394610663348, -1470.763665941087311 ], [ 610.850069271688085, -1465.493618971840078 ], [ 592.835112795179271, -1446.833350621545833 ], [ 588.586809626091963, -1442.800151410387116 ], [ 577.508955792776078, -1441.186871725923538 ], [ 571.378492991814824, -1434.841304967033921 ], [ 564.387614359139775, -1432.475161429820901 ], [ 558.472255516106998, -1427.205114460573441 ], [ 555.891008020965387, -1422.257723428218696 ], [ 550.933533990582191, -1420.073073855507573 ] ] ] } },
{ "type": "Feature", "properties": { "code": "guianas", "name": "Guianas", "capital": null, "culture": null, "civs": null, "provinceType": "land", "terrain": "tropical_florest", "mapTypes": null, "resources": null, "religion": null, "population": "medium" }, "geometry": { "type": "Polygon", "coordinates": [ [ [ 807.777742755196414, -1023.132329491953669 ], [ 793.150673616060885, -1037.329190715232244 ], [ 797.452752774630198, -1045.503141116513916 ], [ 782.395475719637716, -1052.601571728153203 ], [ 782.82568363549467, -1070.45520023621566 ], [ 772.715797612856704, -1113.045783906051383 ], [ 781.965267803780648, -1111.540056200552499 ], [ 926.945335447565412, -1108.74370474748207 ], [ 959.96379298958459, -1131.759828245827521 ], [ 965.018736000903459, -1126.059573360723334 ], [ 965.771599853653129, -1116.057239317049607 ], [ 956.522129662729185, -1106.5926651681973 ], [ 952.650258420016826, -1100.999962262057124 ], [ 949.638803009018261, -1096.590331124523573 ], [ 947.81041936662632, -1080.134878342995989 ], [ 936.732565533310435, -1074.434623457891576 ], [ 927.698199300314968, -1069.272128467608354 ], [ 920.169560772818727, -1060.667970150469728 ], [ 891.775838326261464, -1054.214851412615872 ], [ 885.968031462192926, -1052.924227665045009 ], [ 876.503457313340505, -1058.086722655328231 ], [ 868.974818785844263, -1056.150787033971937 ], [ 856.928997141850232, -1055.93568307604346 ], [ 852.411814025352555, -1050.342980169903512 ], [ 839.290472591716252, -1045.180485179620291 ], [ 832.622249895933805, -1035.070599156982553 ], [ 822.082155957439113, -1026.89664875570088 ], [ 811.326958061015944, -1020.01332210199007 ], [ 807.777742755196414, -1023.132329491953669 ] ] ] } },
{ "type": "Feature", "properties": { "code": "far_northern_andes", "name": "Far Northern Andes", "capital": null, "culture": null, "civs": null, "provinceType": "land", "terrain": "hills", "mapTypes": null, "resources": null, "religion": null, "population": "medium" }, "geometry": { "type": "Polygon", "coordinates": [ [ [ 545.243362103505433, -1109.49656860023174 ], [ 545.350914082469671, -1104.871833504769711 ], [ 553.632416462715469, -1100.784858304128875 ], [ 555.46080010510741, -1094.009083629382303 ], [ 555.245696147178933, -1087.663516870492685 ], [ 557.181631768535112, -1077.983838763711674 ], [ 565.355582169816898, -1072.391135857571726 ], [ 564.280062380174513, -1071.208064088965102 ], [ 557.719391663356419, -1068.30416065693089 ], [ 556.85897583164251, -1059.700002339792263 ], [ 559.655327284712484, -1054.967715265366223 ], [ 546.964193766933136, -1040.017990189337979 ], [ 549.545441262074746, -1032.328023693395153 ], [ 568.044381643922634, -1028.509928440164913 ], [ 569.711437317868217, -1031.628935830127602 ], [ 569.119901433565019, -1023.508761418328049 ], [ 579.229787456202757, -1013.237547427244067 ], [ 587.726393794377145, -1007.26841259472917 ], [ 592.512456858285532, -991.996031581808325 ], [ 601.116615175424045, -986.833536591525103 ], [ 604.128070586422496, -991.780927623879847 ], [ 607.354629955349537, -981.886145559170473 ], [ 652.311357162398281, -1029.854328177217894 ], [ 654.032188825825983, -1062.11992186648763 ], [ 694.794388853269993, -1077.930062774230237 ], [ 701.247507591123963, -1110.195656463499745 ], [ 692.64334927398545, -1124.822725602635273 ], [ 658.119164026466933, -1162.197038292705884 ], [ 616.388996188344777, -1178.813819042679597 ], [ 604.665830481243461, -1155.259935649512954 ], [ 545.243362103505433, -1109.49656860023174 ] ] ] } },
{ "type": "Feature", "properties": { "code": "orinoco", "name": "Orinoco", "capital": null, "culture": null, "civs": null, "provinceType": "land", "terrain": "tropical_florest", "mapTypes": null, "resources": null, "religion": null, "population": "medium" }, "geometry": { "type": "Polygon", "coordinates": [ [ [ 607.368073952720124, -981.906311555225898 ], [ 610.776127286149176, -980.373695854985613 ], [ 619.749995530977344, -983.035607334350402 ], [ 626.082118292496375, -974.40456102247083 ], [ 634.269512691148634, -971.298997629878841 ], [ 640.722631429002604, -965.168534828917586 ], [ 650.724965472676217, -964.039239049793196 ], [ 654.919492652281292, -970.008373882308092 ], [ 641.529271271234393, -976.461492620162062 ], [ 642.819895018805141, -982.269299484230601 ], [ 654.112852810049503, -982.269299484230601 ], [ 661.372611390135262, -977.106804493947493 ], [ 660.404643579457115, -970.008373882308092 ], [ 666.373778411972012, -965.168534828917586 ], [ 669.761665749345411, -962.587287333776089 ], [ 683.313215098838668, -972.428293409003345 ], [ 694.283516953190428, -976.784148557054777 ], [ 693.638205079404997, -988.077106348299026 ], [ 709.609673955593507, -984.205235105586667 ], [ 721.709271589069658, -988.077106348299026 ], [ 731.711605632743272, -991.948977591011385 ], [ 747.521746540485537, -988.561090253637985 ], [ 752.522913562322287, -985.657186821603773 ], [ 768.817038375403513, -989.851714001208961 ], [ 773.818205397240376, -999.531392107989859 ], [ 782.691243661789599, -998.563424297311713 ], [ 797.210760821961003, -1005.823182877397471 ], [ 795.274825200604823, -1011.953645678358725 ], [ 794.629513326819392, -1016.793484731749231 ], [ 805.357823228501616, -1019.778052148007191 ], [ 811.246294076793333, -1020.504028006015801 ], [ 793.197727606857711, -1037.342634712603513 ], [ 797.472918770685965, -1045.530029111255772 ], [ 782.650911669677726, -1052.668791715007046 ], [ 782.892903622347262, -1070.818188165221272 ], [ 772.124261728553392, -1112.118148087487043 ], [ 740.987963818408048, -1111.956820119040685 ], [ 732.921565396090614, -1127.766961026782838 ], [ 694.202852968966909, -1123.088449941838689 ], [ 701.301283580606196, -1110.343540434577108 ], [ 694.606172890082689, -1077.835954792637494 ], [ 654.193516794272341, -1062.267805837564993 ], [ 652.257581172916275, -1029.861050175904438 ], [ 607.368073952720124, -981.906311555225898 ] ] ] } },
{ "type": "Feature", "properties": { "code": "pampas_southern", "name": "Southern Pampas", "capital": null, "culture": null, "civs": null, "provinceType": "land", "terrain": "plains", "mapTypes": null, "resources": null, "religion": null, "population": "medium" }, "geometry": { "type": "Polygon", "coordinates": [ [ [ 848.835710724792762, -1666.299885696751289 ], [ 842.624583939608328, -1688.159825421231517 ], [ 847.061103071883053, -1719.860771220939569 ], [ 846.819111119213517, -1723.006666605643431 ], [ 842.705247923831621, -1726.63654589568614 ], [ 869.163034749032931, -1741.962702898089901 ], [ 876.100137392225861, -1747.447853825265611 ], [ 873.357561928638006, -1757.28885990049298 ], [ 884.811847688328726, -1761.483387080098055 ], [ 883.35989597231162, -1774.066968618913279 ], [ 877.874745045135796, -1780.358759388320777 ], [ 873.680217865530722, -1788.747813747530927 ], [ 860.773980389822782, -1792.942340927136001 ], [ 850.771646346149168, -1794.878276548492295 ], [ 839.478688554904693, -1798.104835917419223 ], [ 822.861907804930752, -1797.782179980526507 ], [ 814.150197508827887, -1797.782179980526507 ], [ 809.794342360776454, -1792.942340927136001 ], [ 808.18106267631299, -1795.523588422277726 ], [ 801.566615970012663, -1784.553286567925852 ], [ 726.065126737121545, -1765.193930354363829 ], [ 763.170559479781787, -1725.184594179669375 ], [ 772.527581649670083, -1711.310388893283289 ], [ 787.047098809841486, -1708.406485461249076 ], [ 794.145529421480887, -1692.273688616614209 ], [ 784.788507251592591, -1676.140891771979341 ], [ 790.273658178768528, -1654.845599937061252 ], [ 790.75764208410726, -1649.5217769783319 ], [ 848.835710724792762, -1666.299885696751289 ] ] ] } },
{ "type": "Feature", "properties": { "code": "puna", "name": "Puna", "capital": null, "culture": null, "civs": null, "provinceType": "land", "terrain": "desert", "mapTypes": null, "resources": null, "religion": null, "population": "low" }, "geometry": { "type": "Polygon", "coordinates": [ [ [ 679.280015887680634, -1752.933004752442002 ], [ 680.570639635251382, -1737.445519781592566 ], [ 729.936997979834246, -1512.634995751605629 ], [ 733.082893364538108, -1513.360971609614353 ], [ 748.97369825650344, -1518.039482694558274 ], [ 763.331887448228485, -1527.719160801339285 ], [ 774.866837192142384, -1526.831856974884204 ], [ 781.239291945773175, -1538.0441507819055 ], [ 794.064865437257936, -1543.287309756411787 ], [ 797.130096837738733, -1564.743929559776234 ], [ 833.348225753944007, -1582.570670073097745 ], [ 819.151364530665205, -1614.029623920135919 ], [ 815.763477193291919, -1632.421012323019795 ], [ 814.95683735106013, -1641.616706524461733 ], [ 809.471686423884194, -1655.006927905508519 ], [ 790.918970052554073, -1649.602440962555875 ], [ 790.434986147215113, -1655.087591889732039 ], [ 784.627179283146575, -1676.705539661542844 ], [ 794.306857389927472, -1692.838336506177711 ], [ 786.401786936056283, -1708.648477413920091 ], [ 772.52758164967031, -1712.036364751293377 ], [ 762.041263700657623, -1725.103930195447674 ], [ 726.710438610907545, -1764.951938401695315 ], [ 679.280015887680634, -1752.933004752442002 ] ] ] } },
{ "type": "Feature", "properties": { "code": "maranhao", "name": "Maranhão", "capital": null, "culture": null, "civs": null, "provinceType": "land", "terrain": "tropical_florest", "mapTypes": null, "resources": null, "religion": null, "population": "low" }, "geometry": { "type": "Polygon", "coordinates": [ [ [ 1052.996254793648177, -1177.153485367423627 ], [ 1057.836093847038683, -1183.122620199938638 ], [ 1056.545470099467821, -1190.705034716916998 ], [ 1058.965389626163187, -1197.319481423217212 ], [ 1063.159916805768262, -1193.931594085843926 ], [ 1067.354443985373337, -1194.254250022736642 ], [ 1068.967723669836687, -1187.962459253328916 ], [ 1080.260681461081276, -1185.703867695080135 ], [ 1091.39231128387928, -1187.47847534799007 ], [ 1098.490741895518568, -1194.254250022736642 ], [ 1101.071989390660292, -1195.544873770307504 ], [ 1113.978226866368232, -1246.363183830907246 ], [ 1132.208287300805296, -1315.411554325944735 ], [ 1109.622371718316572, -1336.061534287077393 ], [ 906.99444334970201, -1303.231292708244837 ], [ 916.2708015353669, -1269.191091366066303 ], [ 978.866053292550305, -1241.442680793294357 ], [ 1017.907421656567067, -1204.337248050633889 ], [ 1052.996254793648177, -1177.153485367423627 ] ] ] } },
{ "type": "Feature", "properties": { "code": "rapa_nui", "name": "Rapa Nui", "capital": null, "culture": null, "civs": null, "provinceType": "land", "terrain": "island", "mapTypes": null, "resources": null, "religion": null, "population": "low" }, "geometry": { "type": "Polygon", "coordinates": [ [ [ 45.422427861976168, -1508.117812635108749 ], [ 52.84351441050822, -1504.407269360842747 ], [ 60.587256895932974, -1505.697893108413382 ], [ 58.973977211469482, -1519.733426363245826 ], [ 44.293132082851727, -1515.377571215194394 ], [ 45.422427861976168, -1508.117812635108749 ] ] ] } },
{ "type": "Feature", "properties": { "code": "panama", "name": "Panama", "capital": null, "culture": null, "civs": null, "provinceType": "land", "terrain": "tropical_florest", "mapTypes": null, "resources": null, "religion": null, "population": null }, "geometry": { "type": "Polygon", "coordinates": [ [ [ 470.521624718104704, -994.126905165043013 ], [ 497.947379353984047, -994.772217038828444 ], [ 504.077842154945301, -1002.838615461145878 ], [ 508.91768120833575, -1011.872981694141458 ], [ 519.242671188902023, -1022.197971674707787 ], [ 531.180940853931929, -1025.424531043634715 ], [ 550.217641130601123, -1017.680788558209997 ], [ 561.510598921845485, -1021.875315737815072 ], [ 567.963717659699228, -1028.893082365231066 ], [ 549.531997264703932, -1032.321301694716112 ], [ 546.870085785339143, -1031.796985797265279 ], [ 542.594894621510889, -1034.418565284518536 ], [ 539.852319157923148, -1036.59649285854448 ], [ 546.466765864223476, -1040.952348006595912 ], [ 537.432399631228009, -1048.857418460467215 ], [ 534.205840262300967, -1049.180074397359931 ], [ 530.65662495648121, -1043.210939564844693 ], [ 519.847651070575921, -1046.921482839110695 ], [ 523.396866376395565, -1038.048444574561472 ], [ 515.007812017185415, -1036.596492858544252 ], [ 504.682822036619086, -1036.273836921651537 ], [ 495.003143929838131, -1028.207438499334103 ], [ 492.905880340035594, -1030.788685994475827 ], [ 493.389864245374667, -1022.72228757215828 ], [ 484.83948191771816, -1019.173072266338636 ], [ 481.774250517237533, -1010.945345875574844 ], [ 477.257067400739743, -1011.913313686252991 ], [ 478.870347085203264, -1017.882448518767887 ], [ 469.351996946868667, -1014.978545086733561 ], [ 464.028173988139145, -1010.300034001789413 ], [ 463.866846019692787, -1002.072307611025622 ], [ 464.35082992503186, -995.941844810064367 ], [ 470.521624718104704, -994.126905165043013 ] ] ] } },
{ "type": "Feature", "properties": { "code": "nicaragua", "name": "Nicaragua", "capital": null, "culture": null, "civs": null, "provinceType": "land", "terrain": "tropical_florest", "mapTypes": null, "resources": null, "religion": null, "population": null }, "geometry": { "type": "Polygon", "coordinates": [ [ [ 464.028173988139542, -994.32856512560079 ], [ 443.7008499638996, -973.033273290682928 ], [ 440.3129626265262, -967.225466426614162 ], [ 429.987972645959871, -968.354762205738666 ], [ 467.093405388620056, -946.898142402374219 ], [ 480.160970832774353, -927.700114157258668 ], [ 490.324632844894438, -928.506753999490684 ], [ 501.294934699246141, -935.927840548022687 ], [ 510.006644995349006, -940.122367727627761 ], [ 508.070709373992827, -955.932508635369913 ], [ 500.649622825460767, -971.419993606219464 ], [ 501.617590636138857, -976.25983265960997 ], [ 498.713687204104588, -983.035607334356541 ], [ 498.068375330319213, -994.005909188708301 ], [ 464.028173988139542, -994.32856512560079 ] ] ] } },
{ "type": "Feature", "properties": { "code": "yarumela", "name": "Yarumela", "capital": null, "culture": null, "civs": null, "provinceType": "land", "terrain": "hills", "mapTypes": null, "resources": null, "religion": null, "population": null }, "geometry": { "type": "Polygon", "coordinates": [ [ [ 409.579984637496977, -957.142468398717597 ], [ 431.036604440861367, -929.394057825945538 ], [ 441.84557832676677, -928.103434078374789 ], [ 448.621353001513398, -928.264762046821147 ], [ 459.591654855865158, -929.716713762838253 ], [ 474.27249998448292, -927.458122204589358 ], [ 480.241634816997816, -927.942106109928432 ], [ 467.174069372843462, -946.978806386597398 ], [ 430.229964598629465, -968.274098221515487 ], [ 428.011705032492159, -964.563554947249372 ], [ 416.154099351685545, -964.321562994579836 ], [ 410.225296511282181, -960.570687728202302 ], [ 409.579984637496977, -957.142468398717597 ] ] ] } },
{ "type": "Feature", "properties": { "code": "maya_highlands", "name": "Maya Highlands", "capital": "Kaminaljuyu", "culture": null, "civs": null, "provinceType": "land", "terrain": "hills", "mapTypes": null, "resources": null, "religion": null, "population": "high" }, "geometry": { "type": "Polygon", "coordinates": [ [ [ 356.946734931875881, -926.288494433353549 ], [ 360.495950237695581, -912.898273052306649 ], [ 384.049833630862508, -906.929138219791753 ], [ 395.665447358999643, -918.706079916375188 ], [ 409.862308582278388, -919.996703663945937 ], [ 412.443556077419942, -928.547085991602444 ], [ 426.479089332252329, -935.322860666349129 ], [ 409.458988661162493, -957.424792343498893 ], [ 408.571684834707582, -959.522055933301431 ], [ 397.924038917248595, -956.779480469713576 ], [ 389.857640494931104, -957.182800390829357 ], [ 384.130497615085744, -950.487689700305964 ], [ 379.451986530141596, -942.743947214881132 ], [ 375.055799389978461, -938.267096090494988 ], [ 366.908736983437905, -931.894641336864197 ], [ 356.946734931875881, -926.288494433353549 ] ] ] } },
{ "type": "Feature", "properties": { "code": "maya_lowlands", "name": "Maya lowlands", "capital": "Tikal", "culture": null, "civs": null, "provinceType": "land", "terrain": "plains", "mapTypes": null, "resources": null, "religion": null, "population": "high" }, "geometry": { "type": "Polygon", "coordinates": [ [ [ 384.130497615085687, -906.687146267122557 ], [ 403.409189844424418, -896.926804176118367 ], [ 415.42812349367739, -891.280325280496186 ], [ 445.838445545814182, -897.007468160341546 ], [ 444.547821798243376, -900.314691513491766 ], [ 442.289230239994481, -903.783242835088231 ], [ 443.741181956011644, -910.075033604495843 ], [ 443.579853987565286, -915.076200626332707 ], [ 441.079270476646855, -918.948071869045066 ], [ 436.078103454810048, -923.707246938212393 ], [ 432.528888148990404, -927.498454196701573 ], [ 434.142167833453868, -929.111733881165037 ], [ 431.076936432973298, -929.394057825945993 ], [ 426.458923336196506, -935.403524650572649 ], [ 412.463722073475765, -928.547085991602785 ], [ 409.761478601999386, -920.198363624504282 ], [ 395.846941323501824, -919.190063821714602 ], [ 383.98933564269521, -907.050134196126805 ], [ 384.130497615085687, -906.687146267122557 ] ] ] } },
{ "type": "Feature", "properties": { "code": "yucatan", "name": "Yucatan", "capital": "Coba", "culture": null, "civs": null, "provinceType": "land", "terrain": "tropical_florest", "mapTypes": null, "resources": null, "religion": null, "population": "high" }, "geometry": { "type": "Polygon", "coordinates": [ [ [ 400.888440337449993, -890.554349422487803 ], [ 415.89194140296047, -891.683645201612308 ], [ 445.737615565535009, -896.926804176118708 ], [ 447.350895249998473, -898.136763939466277 ], [ 450.900110555818173, -892.127297114839848 ], [ 455.134969727534838, -887.892437943123127 ], [ 455.860945585543391, -885.5935143927627 ], [ 457.191901325225786, -869.380053563904539 ], [ 461.789748425946755, -868.210425792668616 ], [ 464.612987873757788, -864.217558573621432 ], [ 462.031740378616234, -861.958967015372536 ], [ 465.822947637105415, -855.183192340625851 ], [ 461.588088465388751, -849.214057508110955 ], [ 444.688983770633797, -848.246089697433035 ], [ 423.071035998822992, -854.134560545724753 ], [ 415.327293513398331, -857.522447883097925 ], [ 413.310693907818973, -870.186693406136328 ], [ 410.89077438112372, -877.930435891561046 ], [ 401.372424242789123, -885.512850408539521 ], [ 400.888440337449993, -890.554349422487803 ] ] ] } },
{ "type": "Feature", "properties": { "code": "cubanacan", "name": "Cubanacan", "capital": null, "culture": null, "civs": null, "provinceType": "land", "terrain": "island", "mapTypes": null, "resources": null, "religion": null, "population": "medium" }, "geometry": { "type": "Polygon", "coordinates": [ [ [ 490.506126809397983, -845.906834154961757 ], [ 496.475261641912937, -842.357618849142 ], [ 496.636589610359238, -836.549811985073461 ], [ 499.540493042393564, -835.743172142841786 ], [ 502.283068505981475, -834.452548395270924 ], [ 513.89868223411861, -830.90333308945128 ], [ 524.062344246238581, -827.999429657416954 ], [ 547.616227639405565, -829.612709341880418 ], [ 561.651760894237896, -834.936532300609997 ], [ 573.751358527714046, -842.034962912249398 ], [ 577.139245865087332, -838.969731511768714 ], [ 599.079849573790852, -854.77987241951098 ], [ 615.051318449979362, -860.265023346686803 ], [ 617.309910008228258, -863.330254747167373 ], [ 625.860292335884765, -864.782206463184593 ], [ 635.701298411112134, -870.590013327253246 ], [ 637.475906064021956, -876.397820191321784 ], [ 622.633732966957837, -877.527115970446175 ], [ 614.244678607747687, -879.947035497141428 ], [ 602.467736911164252, -878.172427844231606 ], [ 585.850956161190311, -880.269691434034144 ], [ 584.237676476726847, -876.559148159768142 ], [ 592.142746930597923, -868.331421769004351 ], [ 579.881821328675414, -866.879470052987131 ], [ 572.944718685482371, -862.68494287338217 ], [ 572.622062748589656, -855.263856324850053 ], [ 558.909185430650041, -853.811904608832947 ], [ 548.422867481637354, -847.520113839425335 ], [ 528.095543457397298, -844.132226502051935 ], [ 524.062344246238581, -840.744339164678536 ], [ 530.354135015646193, -837.195123858858892 ], [ 518.254537382170042, -838.001763701090681 ], [ 515.834617855474789, -842.196290880695756 ], [ 506.316267717140192, -844.293554470498293 ], [ 501.476428663749743, -847.197457902532506 ], [ 494.216670083664042, -849.294721492335043 ], [ 490.506126809397983, -845.906834154961757 ] ] ] } },
{ "type": "Feature", "properties": { "code": "ayiti", "name": "Ayiti", "capital": null, "culture": null, "civs": null, "provinceType": "land", "terrain": "island", "mapTypes": null, "resources": null, "religion": null, "population": "low" }, "geometry": { "type": "Polygon", "coordinates": [ [ [ 642.961056991197893, -879.059731670686688 ], [ 653.44737494021058, -875.349188396420686 ], [ 664.498340778785405, -880.189027449811078 ], [ 668.773531942613658, -876.639812143991435 ], [ 675.952626538476238, -877.446451986223224 ], [ 685.067656755694998, -877.043132065107329 ], [ 699.264517978973686, -883.254258850291762 ], [ 706.846932495952046, -886.80347415611152 ], [ 718.785202160981839, -895.192528515321669 ], [ 710.557475770218048, -904.710878653656209 ], [ 706.685604527505689, -900.193695537158419 ], [ 694.747334862475896, -899.709711631819346 ], [ 686.519608471712104, -903.90423881142442 ], [ 679.905161765411776, -901.645647253175525 ], [ 677.969226144055597, -905.35619052744164 ], [ 674.097354901343238, -912.938605044420001 ], [ 667.644236163489268, -911.163997391510179 ], [ 665.708300542133088, -905.678846464334356 ], [ 660.223149614957265, -902.77494303230003 ], [ 650.05948760283718, -904.710878653656209 ], [ 640.218481527609924, -904.226894748317136 ], [ 637.798562000914671, -908.260093959475853 ], [ 633.281378884416881, -903.581582874531705 ], [ 626.666932178116667, -903.742910842978063 ], [ 626.50560420967031, -895.837840389106987 ], [ 638.282545906253745, -893.095264925519132 ], [ 646.832928233910252, -896.805808199785133 ], [ 646.510272297017536, -890.675345398823879 ], [ 652.479407129532433, -889.707377588145732 ], [ 651.99542322419336, -884.383554629416267 ], [ 643.767696833429568, -884.383554629416267 ], [ 642.154417148966104, -882.931602913399047 ], [ 642.961056991197893, -879.059731670686688 ] ] ] } },
{ "type": "Feature", "properties": { "code": "xaymaca", "name": "Xaymaca", "capital": null, "culture": null, "civs": null, "provinceType": "land", "terrain": "island", "mapTypes": null, "resources": null, "religion": null, "population": "low" }, "geometry": { "type": "Polygon", "coordinates": [ [ [ 570.847455095679607, -900.032367568711948 ], [ 573.509366575044396, -895.918504373330052 ], [ 582.947052729155871, -893.982568751973872 ], [ 595.20797833107838, -895.273192499544621 ], [ 600.773793242477382, -899.467719679149695 ], [ 604.806992453636099, -904.065566779870665 ], [ 602.79039284805674, -909.228061770153772 ], [ 595.772626220640518, -910.11536559660874 ], [ 592.465402867490411, -910.760677470394057 ], [ 587.060915924537767, -910.599349501947813 ], [ 581.253109060469114, -909.470053722823309 ], [ 576.493933991301901, -907.695446069913487 ], [ 570.847455095679607, -900.032367568711948 ] ] ] } },
{ "type": "Feature", "properties": { "code": "boriken", "name": "Boriken", "capital": null, "culture": null, "civs": null, "provinceType": "land", "terrain": "island", "mapTypes": null, "resources": null, "religion": null, "population": "low" }, "geometry": { "type": "Polygon", "coordinates": [ [ [ 729.836167999556892, -897.209128120900914 ], [ 732.659407447367926, -908.50208591214539 ], [ 748.227556402440655, -909.308725754377065 ], [ 757.100594666989764, -903.016934984969566 ], [ 758.149226461891089, -901.080999363613273 ], [ 767.022264726440312, -901.403655300505989 ], [ 766.780272773770776, -897.693112026239987 ], [ 761.94043372038027, -897.047800152454556 ], [ 757.665242556552016, -898.499751868471776 ], [ 758.713874351453342, -900.274359521381598 ], [ 750.566811944912729, -897.854439994686345 ], [ 743.226389380603791, -895.515184452214271 ], [ 733.06272736848382, -895.111864531098377 ], [ 730.642807841788567, -895.59584843643745 ], [ 729.029528157325103, -899.38705569492663 ], [ 729.836167999556892, -897.209128120900914 ] ] ] } },
{ "type": "Feature", "properties": { "code": "antilles", "name": "Antilles", "capital": null, "culture": null, "civs": null, "provinceType": "land", "terrain": "island", "mapTypes": null, "resources": null, "religion": null, "population": "low" }, "geometry": { "type": "Polygon", "coordinates": [ [ [ 783.397053523744489, -898.741743821141768 ], [ 782.267757744620098, -911.002669423064276 ], [ 791.463451946061923, -923.5862509618795 ], [ 800.981802084396577, -934.233896879338545 ], [ 808.40288863292858, -951.495989503097803 ], [ 802.756409737306399, -976.179168675389178 ], [ 790.172828198491175, -983.761583192367652 ], [ 773.878703385409949, -985.697518813723832 ], [ 775.491983069873413, -997.151804573414552 ], [ 800.497818179057504, -997.313132541860909 ], [ 818.727878613494909, -985.374862876831116 ], [ 820.50248626640473, -966.660818537054638 ], [ 837.441922953271387, -974.081905085586641 ], [ 835.183331395022492, -964.563554947252101 ], [ 827.278260941151416, -965.854178694822849 ], [ 822.115765950868195, -953.754581061346698 ], [ 819.695846424173055, -943.590919049226727 ], [ 814.694679402336305, -932.943273131767683 ], [ 816.307959086799883, -920.198363624506101 ], [ 811.145464096516662, -914.390556760437562 ], [ 808.725544569821409, -907.937438022583592 ], [ 804.85367332710905, -901.645647253176207 ], [ 783.397053523744489, -898.741743821141768 ] ] ] } },
{ "type": "Feature", "properties": { "code": "olmecatl", "name": "Olmecatl", "capital": null, "culture": null, "civs": null, "provinceType": "land", "terrain": "wetlands", "mapTypes": null, "resources": null, "religion": null, "population": "medium" }, "geometry": { "type": "Polygon", "coordinates": [ [ [ 333.392733421014043, -873.049737856001343 ], [ 323.381498447823446, -883.728388494071396 ], [ 340.956777622980326, -904.084566272892289 ], [ 360.20059596033559, -912.872205860470785 ], [ 361.312955401801219, -913.094677748763843 ], [ 384.088514965809964, -906.92108284862968 ], [ 414.775731057243092, -891.584427049422402 ], [ 400.91295151797766, -890.555494566066614 ], [ 400.565339192519673, -891.348050668110886 ], [ 394.336126320312076, -892.182320249209965 ], [ 391.527418730611373, -888.038781329750464 ], [ 386.327138341759564, -887.732882483347453 ], [ 383.601857710168758, -890.51378108701158 ], [ 371.393712840083367, -891.792994444697115 ], [ 363.162252973237685, -893.433724620858925 ], [ 357.322365905543109, -894.351421160067957 ], [ 343.390063901186068, -885.647208530599414 ], [ 338.245401484407523, -882.365748178275794 ], [ 333.392733421014043, -873.049737856001343 ] ] ] } },
{ "type": "Feature", "properties": { "code": "oaxaca", "name": "Oaxaca", "capital": "Danibaan", "culture": null, "civs": null, "provinceType": "land", "terrain": "hills", "mapTypes": null, "resources": null, "religion": null, "population": "high" }, "geometry": { "type": "Polygon", "coordinates": [ [ [ 292.165911621693738, -917.877823347065942 ], [ 297.727708829021879, -904.307038161185233 ], [ 310.408606461730074, -898.077825288977692 ], [ 312.855797232954501, -892.071084305063323 ], [ 322.644560317852097, -888.28906220408021 ], [ 329.763660743232094, -889.401421645545724 ], [ 340.970682115998443, -904.195802217038704 ], [ 360.492590313720314, -912.92782383254405 ], [ 356.877422128957051, -926.220519158058551 ], [ 348.924052122477747, -922.38287908500206 ], [ 336.076300573549702, -929.946923286968399 ], [ 324.174054549867378, -932.505350002339014 ], [ 310.380797475693498, -929.724451398675001 ], [ 299.702146837623445, -925.052541744519317 ], [ 292.138102635657162, -920.603103978656804 ], [ 292.165911621693738, -917.877823347065942 ] ] ] } },
{ "type": "Feature", "properties": { "code": "mixteca", "name": "Mixteca", "capital": null, "culture": null, "civs": null, "provinceType": "land", "terrain": "hills", "mapTypes": null, "resources": null, "religion": null, "population": "high" }, "geometry": { "type": "Polygon", "coordinates": [ [ [ 247.977432809471622, -893.906477383481615 ], [ 265.552711984628615, -876.553670096617793 ], [ 282.238103606613095, -880.335692197600906 ], [ 311.381920973012711, -892.794117942015987 ], [ 311.99371866581879, -894.518275076287637 ], [ 310.269561531547083, -898.355915149344128 ], [ 297.866753759205267, -904.195802217038818 ], [ 292.082484663583955, -917.544115514626355 ], [ 292.193720607730484, -920.491868034510276 ], [ 279.846530807461988, -918.378385095725548 ], [ 271.281363108176606, -913.094677748763843 ], [ 263.661700934137002, -911.815464391078422 ], [ 258.04428575473554, -907.254790681069267 ], [ 252.037544770821142, -903.250296691792983 ], [ 249.034174278863929, -898.689622981783941 ], [ 247.977432809471622, -893.906477383481615 ] ] ] } },
{ "type": "Feature", "properties": { "code": "michoacan", "name": "Michoacan", "capital": null, "culture": null, "civs": null, "provinceType": "land", "terrain": "hills", "mapTypes": null, "resources": null, "religion": null, "population": "high" }, "geometry": { "type": "Polygon", "coordinates": [ [ [ 200.201594798522592, -827.220528867616849 ], [ 236.464512590302206, -828.555360197375535 ], [ 250.480241552769201, -846.353111260825699 ], [ 265.608329956701766, -874.607041074052745 ], [ 264.495970515236138, -879.278950728208429 ], [ 248.03305078154483, -893.962095355554879 ], [ 245.669286968430356, -896.131196266412871 ], [ 236.659175492558717, -895.60282553171669 ], [ 217.49878411331315, -886.175579265295369 ], [ 218.388671666485664, -882.171085276019085 ], [ 205.930245922070583, -877.27670373357023 ], [ 198.811145496690528, -863.928390435982692 ], [ 205.485302145484326, -857.254233787188923 ], [ 209.48979613476061, -849.690189585222583 ], [ 201.480808156208042, -837.231763840807503 ], [ 200.201594798522592, -827.220528867616849 ] ] ] } },
{ "type": "Feature", "properties": { "code": "central_mexican_plateau", "name": "Central Mexican Plateau", "capital": null, "culture": null, "civs": null, "provinceType": "land", "terrain": "plateau", "mapTypes": null, "resources": null, "religion": null, "population": "high" }, "geometry": { "type": "Polygon", "coordinates": [ [ [ 249.979679804109509, -846.130639372532414 ], [ 290.358327529311964, -840.791314053497331 ], [ 302.594281385433931, -858.922772949387081 ], [ 327.511132874264149, -879.501422616501259 ], [ 323.478829898951176, -883.811815452180554 ], [ 328.345402455363285, -889.262376715362279 ], [ 322.672369303888559, -888.650579022556144 ], [ 312.772370274844434, -892.154511263172935 ], [ 311.938100693745184, -894.101140285737756 ], [ 311.103831112645992, -892.821926928052221 ], [ 282.126867662466282, -880.641591044003576 ], [ 265.219004152188631, -876.970804887166992 ], [ 265.330240096335217, -877.693838524119656 ], [ 265.385858068408481, -874.857321948382264 ], [ 249.979679804109509, -846.130639372532414 ] ] ] } },
{ "type": "Feature", "properties": { "code": "totonacapan", "name": "Totonacapan", "capital": null, "culture": null, "civs": null, "provinceType": "land", "terrain": "plain", "mapTypes": null, "resources": null, "religion": null, "population": "medium" }, "geometry": { "type": "Polygon", "coordinates": [ [ [ 335.965064629402832, -790.957611075836667 ], [ 301.926865720554474, -775.60705078361093 ], [ 286.353833540035623, -805.640755703183004 ], [ 290.803271305898136, -841.236257830083332 ], [ 290.747653333824871, -841.486538704412965 ], [ 302.788944287690299, -859.312098753899932 ], [ 327.705795776520517, -879.835130448940845 ], [ 333.601300816288358, -873.383445688440133 ], [ 335.047368090193686, -872.827265967707262 ], [ 331.710289765796801, -866.764907011719629 ], [ 326.120683572431972, -859.478952670119611 ], [ 325.453267907552572, -849.022773920342729 ], [ 322.78360524803503, -842.904796992281717 ], [ 319.224055035345032, -839.122774891298604 ], [ 322.561133359741916, -834.562101181289449 ], [ 323.45102091291443, -825.218281872978196 ], [ 328.011694622923528, -813.983451514175272 ], [ 327.677986790483828, -811.202552910511258 ], [ 337.299895959161631, -794.795251148893158 ], [ 335.965064629402832, -790.957611075836667 ] ] ] } },
{ "type": "Feature", "properties": { "code": "caxcanes", "name": "Caxcanes", "capital": null, "culture": null, "civs": null, "provinceType": "land", "terrain": "semi_arid", "mapTypes": null, "resources": null, "religion": null, "population": "low" }, "geometry": { "type": "Polygon", "coordinates": [ [ [ 161.99204798417793, -717.375034022885529 ], [ 297.254956066398847, -721.824471788748042 ], [ 309.268438034227643, -776.997500085443448 ], [ 308.545404397275036, -778.832893163861741 ], [ 302.038101664701117, -775.607050783611385 ], [ 285.742035847229658, -803.80536262476528 ], [ 210.10159382756666, -789.122217997419057 ], [ 161.99204798417793, -717.375034022885529 ] ] ] } },
{ "type": "Feature", "properties": { "code": "zacatecas", "name": "Zacatecas", "capital": null, "culture": null, "civs": null, "provinceType": "land", "terrain": "semi_arid", "mapTypes": null, "resources": null, "religion": null, "population": "medium" }, "geometry": { "type": "Polygon", "coordinates": [ [ [ 223.004963348567998, -824.050304459439872 ], [ 209.879121939273546, -789.010982053272414 ], [ 287.299339065281629, -804.027834513058451 ], [ 286.743159344548815, -805.251429898670608 ], [ 290.914507250044949, -841.40311174630358 ], [ 250.369005608622672, -846.408729232898963 ], [ 236.631366506522085, -829.000303973961763 ], [ 222.170693767468862, -828.277270337009099 ], [ 223.004963348567998, -824.050304459439872 ] ] ] } },
{ "type": "Feature", "properties": { "code": "mississippi_southern", "name": "Southern Mississippi", "capital": null, "culture": null, "civs": null, "provinceType": "land", "terrain": "plains", "mapTypes": null, "resources": null, "religion": null, "population": "medium" }, "geometry": { "type": "Polygon", "coordinates": [ [ [ 387.300452853042032, -739.510986908051223 ], [ 389.970115512559573, -694.571665472839641 ], [ 370.559443258983947, -681.77953189598486 ], [ 413.329663783337821, -651.690209004339636 ], [ 453.597075564393663, -673.659307973285877 ], [ 480.738645936155081, -690.56717148356347 ], [ 462.940894872704973, -730.612111376326084 ], [ 463.747355467767704, -736.257335541764292 ], [ 451.233311751279359, -733.0871111335872 ], [ 442.056346359187899, -734.310706519199357 ], [ 430.877133972458353, -715.456213986356943 ], [ 402.178260382645021, -717.235989092701971 ], [ 395.281631845558138, -741.930368693239075 ], [ 387.717587643591855, -742.152840581532132 ], [ 387.300452853042032, -739.510986908051223 ] ] ] } },
{ "type": "Feature", "properties": { "code": "mississippi_delta", "name": "Mississippi River Delta", "capital": null, "culture": null, "civs": null, "provinceType": "land", "terrain": "river", "mapTypes": null, "resources": null, "religion": null, "population": "medium" }, "geometry": { "type": "Polygon", "coordinates": [ [ [ 395.226013873484533, -741.930368693238961 ], [ 401.28837282947228, -744.488795408609917 ], [ 408.407473254852277, -744.655649324829824 ], [ 416.917022982064395, -748.270817509593144 ], [ 423.479943686711636, -751.441041917770121 ], [ 429.041740894039833, -748.715761286179372 ], [ 432.768145022949739, -752.21969352679605 ], [ 434.54792012929471, -747.825873733006802 ], [ 440.165335308696172, -750.606772336670929 ], [ 441.833874470894614, -753.943850661067813 ], [ 446.728256013343412, -753.332052968261678 ], [ 447.562525594442604, -747.047222123980873 ], [ 440.999604889795364, -743.59890785543746 ], [ 446.783873985416676, -740.929245195919975 ], [ 448.452413147615118, -736.424189457984085 ], [ 445.337806711511348, -733.976998686759771 ], [ 442.167582303334314, -734.310706519199471 ], [ 430.988369916604654, -715.3449780422103 ], [ 402.178260382644794, -717.069135176482064 ], [ 395.226013873484533, -741.930368693238961 ] ] ] } },
{ "type": "Feature", "properties": { "code": "mississippi_northern ", "name": "Northern Mississippi", "capital": null, "culture": null, "civs": null, "provinceType": null, "terrain": "land", "mapTypes": "plains", "resources": null, "religion": null, "population": "medium" }, "geometry": { "type": "Polygon", "coordinates": [ [ [ 480.627409992008495, -690.622789455637076 ], [ 518.447631001840023, -673.436836084993047 ], [ 536.189764093216581, -663.036275307289429 ], [ 545.978527178114177, -657.474478099961289 ], [ 548.870661725924833, -649.46549012140872 ], [ 549.76054927909729, -643.458749137494351 ], [ 560.216728028874286, -635.894704935528011 ], [ 569.338075448892482, -628.775604510148014 ], [ 576.679647762565651, -620.989088419888503 ], [ 577.792007204031279, -609.643022116939051 ], [ 520.616731912697787, -601.189090361800254 ], [ 429.403257712515881, -583.168867410057032 ], [ 404.820114056125306, -618.875605481103776 ], [ 379.013375014122573, -634.337401717476155 ], [ 400.481912234409265, -643.56998508164088 ], [ 413.162809867117517, -652.357624669219376 ], [ 480.627409992008495, -690.622789455637076 ] ] ] } },
{ "type": "Feature", "properties": { "code": "karankawa", "name": "Karankawa", "capital": null, "culture": null, "civs": null, "provinceType": "land", "terrain": "semi_arid", "mapTypes": null, "resources": null, "religion": null, "population": "low" }, "geometry": { "type": "Polygon", "coordinates": [ [ [ 296.921248233958977, -721.212674095941566 ], [ 301.982483692627738, -653.358748166537794 ], [ 339.468996870019623, -655.416613133249257 ], [ 351.649332754068382, -672.380094615600228 ], [ 377.289217879850924, -684.838520360015536 ], [ 389.970115512559346, -694.07110372417992 ], [ 387.356070825114955, -739.121661103538372 ], [ 387.467306769261484, -742.569975372081785 ], [ 375.676296689725802, -745.128402087452741 ], [ 368.557196264345748, -751.580086847953453 ], [ 353.65157974870624, -757.80929972016088 ], [ 343.417872887222416, -761.591321821144106 ], [ 336.743716238428647, -771.491320850188231 ], [ 336.410008405988947, -788.287948416319296 ], [ 336.410008405988947, -793.182329958768037 ], [ 308.712258313494715, -778.610421275568228 ], [ 309.490909922520643, -777.053118057516372 ], [ 296.921248233958977, -721.212674095941566 ] ] ] } },
{ "type": "Feature", "properties": { "code": "tovaangar", "name": "Tovaangar", "capital": null, "culture": null, "civs": null, "provinceType": "land", "terrain": "semi_arid", "mapTypes": null, "resources": null, "religion": null, "population": "low" }, "geometry": { "type": "Polygon", "coordinates": [ [ [ 65.884192241547225, -674.827285386824883 ], [ 151.758341122694048, -678.386835599514825 ], [ 162.881935537350387, -717.541887939105209 ], [ 126.174073968984629, -714.816607307514346 ], [ 118.053850046285504, -707.141327161401477 ], [ 111.490929341638278, -708.364922547013634 ], [ 104.260592972111667, -703.359305060418365 ], [ 101.924638145033839, -707.363799049694535 ], [ 99.922391150395697, -708.698630379453334 ], [ 80.56733686889369, -712.369416536289918 ], [ 78.620707846328912, -707.419417021767799 ], [ 74.616213857052642, -692.736272394421462 ], [ 74.171270080466385, -687.396947075386493 ], [ 69.721832314603859, -680.055374761713324 ], [ 65.884192241547225, -674.827285386824883 ] ] ] } },
{ "type": "Feature", "properties": { "code": "sonora", "name": "Sonora", "capital": null, "culture": null, "civs": null, "provinceType": "land", "terrain": "semi_arid", "mapTypes": null, "resources": null, "religion": null, "population": "low" }, "geometry": { "type": "Polygon", "coordinates": [ [ [ 126.118455996911365, -714.760989335440968 ], [ 126.897107605937308, -722.658741369847007 ], [ 129.233062433015135, -731.446380957425504 ], [ 131.569017260092949, -739.9003127125643 ], [ 140.801600624257674, -753.916041675031352 ], [ 147.030813496465242, -757.920535664307636 ], [ 151.369015318181198, -759.700310770652663 ], [ 149.700476155982756, -764.483456368954876 ], [ 150.924071541594941, -769.377837911403617 ], [ 157.709464134535295, -774.494691342145529 ], [ 160.267890849906252, -777.053118057516485 ], [ 165.16227239235505, -781.61379176752564 ], [ 167.053283442846606, -782.392443376551569 ], [ 163.271261341863465, -785.840757645094982 ], [ 163.04878945357035, -790.846375131690365 ], [ 168.944294493338219, -795.295812897552878 ], [ 172.170136873588547, -796.853116115604735 ], [ 177.731934080916716, -801.302553881467361 ], [ 178.510585689942673, -804.528396261717603 ], [ 182.848787511658628, -811.869968575390772 ], [ 192.748786540702753, -819.87895655394334 ], [ 199.645415077789693, -829.890191527134107 ], [ 200.535302630962178, -832.226146354211892 ], [ 200.646538575108764, -828.221652364935608 ], [ 222.33754768368857, -828.221652364935608 ], [ 222.003839851248898, -822.548619213460938 ], [ 209.656650050980375, -788.844128137052166 ], [ 162.047665956251308, -716.76323633007928 ], [ 126.118455996911365, -714.760989335440968 ] ] ] } },
{ "type": "Feature", "properties": { "code": "california", "name": "California", "capital": null, "culture": null, "civs": null, "provinceType": "land", "terrain": "semi_arid", "mapTypes": null, "resources": null, "religion": null, "population": "medium" }, "geometry": { "type": "Polygon", "coordinates": [ [ [ 17.218466677425255, -571.155385442227839 ], [ 70.166776091189348, -570.710441665641611 ], [ 112.881378643469645, -664.593578525340945 ], [ 113.548794308349045, -676.77391440938959 ], [ 66.217900073986414, -674.827285386824656 ], [ 63.103293637882636, -675.717172939997226 ], [ 37.797116344539518, -661.200882228870569 ], [ 38.90947578600516, -652.969422362024943 ], [ 26.228578153296944, -634.281783745402322 ], [ 25.783634376710694, -627.83009898490161 ], [ 23.113971717193174, -611.812123027796474 ], [ 21.33419661084816, -606.917741485347733 ], [ 17.107230733278762, -599.798641059967736 ], [ 16.884758844985633, -589.564934198483911 ], [ 17.997118286451247, -586.005383985793856 ], [ 15.104983738640605, -576.661564677482602 ], [ 15.32745562693372, -573.546958241378775 ], [ 17.218466677425255, -571.155385442227839 ] ] ] } },
{ "type": "Feature", "properties": { "code": "west_coast_na", "name": "West Coast", "capital": null, "culture": null, "civs": null, "provinceType": "land", "terrain": "florest_pines", "mapTypes": null, "resources": null, "religion": null, "population": "medium" }, "geometry": { "type": "Polygon", "coordinates": [ [ [ 17.107230733278655, -571.76718313503352 ], [ 73.170146583146533, -571.544711246740462 ], [ 123.226321449099942, -487.895281248524896 ], [ 133.904972087169966, -453.189666674797252 ], [ 98.309469960269752, -364.645855134132887 ], [ 65.828574269473279, -332.609903219922671 ], [ 41.801610333815631, -341.063834975061468 ], [ 36.462285014780591, -347.070575958975894 ], [ 29.343184589400536, -352.632373166304092 ], [ 27.563409483055523, -356.19192337899409 ], [ 24.893746823538009, -367.093045905357258 ], [ 30.23307214257305, -373.099786889271684 ], [ 39.131947674298104, -378.884055984892996 ], [ 42.691497886988145, -409.362704681051355 ], [ 29.788128365986807, -414.034614335207038 ], [ 50.478013977247578, -446.960453802589655 ], [ 54.037564189937598, -460.30876710017742 ], [ 54.482507966523855, -475.436855504109985 ], [ 51.367901530420085, -494.124494120732606 ], [ 39.799363339177518, -511.922245184182771 ], [ 34.460038020142491, -526.605389811529108 ], [ 24.671274935244924, -535.504265343254133 ], [ 24.226331158658667, -548.407634864255442 ], [ 21.111724722554897, -561.311004385256865 ], [ 17.107230733278655, -571.76718313503352 ] ] ] } },
{ "type": "Feature", "properties": { "code": "great_plains", "name": "Great Plains", "capital": null, "culture": null, "civs": null, "provinceType": "land", "terrain": "plains", "mapTypes": null, "resources": null, "religion": null, "population": "low" }, "geometry": { "type": "Polygon", "coordinates": [ [ [ 376.121240466311463, -681.278970147325367 ], [ 412.411967244128505, -652.079534808852145 ], [ 400.676575136666088, -643.569985081640084 ], [ 376.677420187044277, -632.168300806617708 ], [ 338.301019456479935, -581.166620415418379 ], [ 308.489786425201089, -501.966628183065382 ], [ 244.417882596780657, -519.764379246515432 ], [ 241.748219937263315, -574.49246376662461 ], [ 248.422376586057112, -590.955383500315975 ], [ 252.871814351919653, -611.867740999869852 ], [ 256.876308341195909, -622.991335414526247 ], [ 253.761701905092139, -633.225042276010072 ], [ 255.986420788023395, -650.132905786287665 ], [ 318.278549510098856, -655.027287328736406 ], [ 339.635850786238962, -655.472231105322635 ], [ 350.203265480162941, -671.378971118281015 ], [ 369.892027594104206, -681.723913923911596 ], [ 376.121240466311463, -681.278970147325367 ] ] ] } },
{ "type": "Feature", "properties": { "code": "oasisamerica", "name": "Oasisamerica", "capital": null, "culture": null, "civs": "land", "provinceType": "semi_arid", "terrain": null, "mapTypes": null, "resources": null, "religion": null, "population": "high" }, "geometry": { "type": "Polygon", "coordinates": [ [ [ 306.710011318856345, -684.171104695136023 ], [ 302.038101664700662, -653.692455998977721 ], [ 256.320128620463208, -650.244141730434308 ], [ 255.096533234851023, -633.447514164303243 ], [ 259.990914777299793, -619.654257090129363 ], [ 98.031380099903714, -631.667739057958215 ], [ 112.492052838956965, -665.038522301927173 ], [ 113.381940392129465, -676.829532381462968 ], [ 152.536992731719721, -679.276723152687282 ], [ 161.658340151737917, -717.764359827398152 ], [ 296.921248233958806, -721.546381928381379 ], [ 306.710011318856345, -684.171104695136023 ] ] ] } },
{ "type": "Feature", "properties": { "code": "great_lakes", "name": "Nayaano nibiimaang Gichigamiin", "capital": null, "culture": null, "civs": null, "provinceType": "land", "terrain": "lakes", "mapTypes": null, "resources": null, "religion": null, "population": "high" }, "geometry": { "type": "Polygon", "coordinates": [ [ [ 428.763651033673227, -574.436845794551118 ], [ 391.833317577014213, -512.589660849061943 ], [ 422.979381938051915, -454.302026116262823 ], [ 501.734430393818741, -454.746969892849052 ], [ 604.961386561829386, -517.039098614924455 ], [ 639.222057358970915, -568.652576698929806 ], [ 576.040041083723054, -608.252572815106305 ], [ 575.150153530550369, -609.031224424132347 ], [ 478.486118067186851, -593.34695629946691 ], [ 429.876010475138742, -583.224485382129615 ], [ 428.763651033673227, -574.436845794551118 ] ] ] } },
{ "type": "Feature", "properties": { "code": "apalaches", "name": "Apalaches", "capital": null, "culture": null, "civs": null, "provinceType": "land", "terrain": "hills", "mapTypes": null, "resources": null, "religion": null, "population": "medium" }, "geometry": { "type": "Polygon", "coordinates": [ [ [ 515.527687467992337, -676.440206576949549 ], [ 554.460267919289436, -715.817730804832877 ], [ 575.817569195429542, -703.581776948710967 ], [ 584.049029062275281, -694.682901416985942 ], [ 594.727679700345334, -693.570541975520314 ], [ 603.404083343777188, -685.561553996967746 ], [ 620.868126574787652, -673.214364196699194 ], [ 610.856891601596999, -652.302006697145316 ], [ 621.313070351373881, -649.187400261041489 ], [ 638.888349526530874, -620.710998559521386 ], [ 643.782731068979615, -607.140213373640677 ], [ 665.362504233412892, -601.800888054605593 ], [ 683.605199073449285, -594.236843852639254 ], [ 687.387221174432398, -582.223361884810515 ], [ 676.597334592215702, -580.109878946025674 ], [ 681.936659911250786, -568.207632922343464 ], [ 694.840029432252095, -561.644712217696224 ], [ 710.524297556917531, -554.859319624755813 ], [ 652.347898768264827, -556.082915010367969 ], [ 639.667001135556575, -568.430104810636522 ], [ 575.261389474696557, -608.475044703399362 ], [ 577.819816190067513, -609.809876033158048 ], [ 576.596220804455356, -621.044706391960972 ], [ 549.454650432693825, -642.958187388833949 ], [ 546.340043996590111, -657.085152295447415 ], [ 515.527687467992337, -676.440206576949549 ] ] ] } },
{ "type": "Feature", "properties": { "code": "florida", "name": "Florida", "capital": null, "culture": null, "civs": null, "provinceType": "land", "terrain": "plains", "mapTypes": null, "resources": null, "religion": null, "population": "medium" }, "geometry": { "type": "Polygon", "coordinates": [ [ [ 463.802973439839889, -734.616605365602027 ], [ 462.468142110081146, -730.389639488032572 ], [ 481.267016670850353, -689.454812042097274 ], [ 516.862518797750568, -673.659307973285308 ], [ 555.350155472461438, -716.151438637272463 ], [ 547.341167493908983, -733.726717812429456 ], [ 554.460267919289095, -759.978400631018417 ], [ 560.467008903203464, -777.55367980617541 ], [ 555.350155472461552, -798.466037305729287 ], [ 547.786111270495326, -813.816597597955024 ], [ 529.543416430458933, -814.484013262834424 ], [ 533.102966643148875, -795.128958981332403 ], [ 522.201844116785765, -769.98963560420907 ], [ 521.311956563613194, -761.980647625656502 ], [ 519.754653345561337, -752.414356429052077 ], [ 513.080496696767568, -743.070537120740823 ], [ 496.172633186489918, -748.409862439775793 ], [ 486.161398213299265, -737.508739913412569 ], [ 463.802973439839889, -734.616605365602027 ] ] ] } },
{ "type": "Feature", "properties": { "code": "kebec", "name": "Kebec", "capital": null, "culture": null, "civs": null, "provinceType": "land", "terrain": "river", "mapTypes": null, "resources": null, "religion": null, "population": "medium" }, "geometry": { "type": "Polygon", "coordinates": [ [ [ 576.151277027869014, -499.018875663180268 ], [ 574.927681642255948, -499.018875663180665 ], [ 605.183858450121306, -519.041345609562086 ], [ 639.222057358969778, -570.209879916981095 ], [ 654.572617651195515, -556.639094731100386 ], [ 710.635533501063492, -556.194150954514157 ], [ 744.67373240991185, -568.652576698929238 ], [ 807.077097076133782, -530.387411912511311 ], [ 779.713054816079421, -495.68179733878361 ], [ 752.571484444318003, -492.122247126093612 ], [ 741.002946253075379, -478.328990051919732 ], [ 782.382717475596905, -489.897528243162355 ], [ 790.391705454149474, -473.879552286057219 ], [ 817.97821960249712, -455.191913669434598 ], [ 845.56473375084488, -442.288544148433289 ], [ 781.937773699010677, -315.924511597937453 ], [ 749.456878008214176, -299.461591864246145 ], [ 680.045648860758661, -273.209909045657184 ], [ 635.996214978719649, -267.870583726622158 ], [ 623.982733010890797, -283.888559683727294 ], [ 628.877114553339652, -295.457097874969861 ], [ 622.202957904545883, -308.805411172557456 ], [ 628.877114553339652, -318.149230480868766 ], [ 611.079363489889602, -332.387431331628818 ], [ 620.423182798200855, -356.414395267286523 ], [ 623.537789234304682, -383.111021862461712 ], [ 606.184981947440747, -390.230122287841709 ], [ 588.387230883990583, -396.904278936635535 ], [ 585.717568224473098, -424.490793084983238 ], [ 586.607455777645555, -444.068319254778373 ], [ 564.80521072491922, -468.095283190436021 ], [ 547.118695605615926, -482.222248097049203 ], [ 577.263636469334301, -500.131235104646294 ], [ 576.151277027869014, -499.018875663180268 ] ] ] } },
{ "type": "Feature", "properties": { "code": "alaska", "name": "Alaska", "capital": null, "culture": null, "civs": null, "provinceType": "land", "terrain": "taiga", "mapTypes": null, "resources": null, "religion": null, "population": "low" }, "geometry": { "type": "Polygon", "coordinates": [ [ [ -0.050913651328642, -2.572856937068707 ], [ 107.625480282544572, -66.644760765489139 ], [ 133.432219324547248, -85.777343158698017 ], [ 190.82996650417391, -85.777343158698017 ], [ 149.895139058238669, -153.853740976394704 ], [ 142.33109485627233, -181.440255124742379 ], [ 113.854693154752155, -216.590813475056365 ], [ 27.535600497019075, -249.961596719025351 ], [ 7.513130550637683, -273.543616878096714 ], [ -0.495857427914871, -269.984066665406715 ], [ -0.050913651328642, -2.572856937068707 ] ] ] } },
{ "type": "Feature", "properties": { "code": "inside_passage", "name": "Inside Passage", "capital": null, "culture": null, "civs": null, "provinceType": "land", "terrain": "taiga", "mapTypes": null, "resources": null, "religion": null, "population": "low" }, "geometry": { "type": "Polygon", "coordinates": [ [ [ 4.843467891119637, -273.988560654682999 ], [ 0.394030125257103, -353.188552887036053 ], [ 2.173805231602117, -391.008773896867524 ], [ 17.301893635534718, -394.123380332971351 ], [ 18.636724965293475, -361.197540865588621 ], [ 23.976050284328515, -347.84922756800097 ], [ 29.760319379949799, -351.853721557277254 ], [ 31.873802318734526, -350.96383400410474 ], [ 42.107509180218344, -341.731250639940015 ], [ 65.022113674410377, -333.277318884801161 ], [ 98.281660974232764, -365.758214575597663 ], [ 215.079402328124104, -358.639114150217608 ], [ 258.683892433577057, -278.104290588105869 ], [ 175.479406211947691, -156.634639580058774 ], [ 147.559184231160287, -163.7537400054388 ], [ 142.442330800418375, -182.107670789621721 ], [ 112.742333713286001, -217.035757251642622 ], [ 27.758072385311671, -249.961596719025351 ], [ 4.843467891119637, -273.988560654682999 ] ] ] } },
{ "type": "Feature", "properties": { "code": "arisona", "name": "Arisona", "capital": null, "culture": null, "civs": null, "provinceType": "land", "terrain": "desert", "mapTypes": null, "resources": null, "religion": null, "population": "low" }, "geometry": { "type": "Polygon", "coordinates": [ [ [ 94.499638873249353, -536.727860728865153 ], [ 244.000747806230351, -531.833479186416298 ], [ 241.10861325841978, -573.658194185523826 ], [ 250.229960678437919, -594.348079796784646 ], [ 256.681645438938631, -621.934593945132292 ], [ 98.504132862525722, -633.948075912961258 ], [ 70.250203049298648, -571.655947190885854 ], [ 94.499638873249353, -536.727860728865153 ] ] ] } },
{ "type": "Feature", "properties": { "code": "rocky_mountains", "name": "Rocky Mountains", "capital": null, "culture": null, "civs": null, "provinceType": "land", "terrain": "mountainous", "mapTypes": null, "resources": null, "religion": null, "population": "low" }, "geometry": { "type": "Polygon", "coordinates": [ [ [ 101.39626741033625, -365.202034854864678 ], [ 217.081649322762019, -357.415518764605281 ], [ 270.919846289698626, -364.534619189985335 ], [ 307.850179746357639, -501.577302378551281 ], [ 243.333332141350951, -522.044716101518929 ], [ 241.99850081159218, -536.282916952279038 ], [ 94.722110761542453, -537.617748282037724 ], [ 124.533343792821398, -488.228989080963629 ], [ 132.987275547960223, -456.19303716675347 ], [ 97.391773421059966, -367.649225626089105 ], [ 101.39626741033625, -365.202034854864678 ] ] ] } },
{ "type": "Feature", "properties": { "code": "plains_central", "name": "Plains", "capital": null, "culture": null, "civs": null, "provinceType": "land", "terrain": "plains", "mapTypes": null, "resources": null, "religion": null, "population": "low" }, "geometry": { "type": "Polygon", "coordinates": [ [ [ 280.708609374596165, -383.222257806607956 ], [ 415.526573680230854, -399.685177540299264 ], [ 424.425449211955879, -452.633486954063414 ], [ 392.38949729774572, -510.921121686862534 ], [ 430.654662084163419, -574.993025515282966 ], [ 426.650168094887135, -594.570551685078158 ], [ 377.706352670399269, -634.615491577840885 ], [ 336.771525224464028, -583.002013493835534 ], [ 307.405235969771297, -501.132358601964995 ], [ 276.092317692513802, -384.27899927600032 ], [ 280.708609374596165, -383.222257806607956 ] ] ] } },
{ "type": "Feature", "properties": { "code": "canada", "name": "canada", "capital": null, "culture": null, "civs": null, "provinceType": "land", "terrain": "florest_pines", "mapTypes": null, "resources": null, "religion": null, "population": "medium" }, "geometry": { "type": "Polygon", "coordinates": [ [ [ 258.961982293942924, -277.381256951153432 ], [ 274.090070697875547, -222.653172431044425 ], [ 514.804653831038308, -261.808224770634695 ], [ 464.081063300205358, -305.190242987794363 ], [ 457.406906651411589, -331.886869582969553 ], [ 466.750725959722899, -333.221700912728295 ], [ 465.415894629964157, -356.358777295213429 ], [ 501.011396756864428, -365.702596603524739 ], [ 554.404649947214693, -390.619448092354901 ], [ 572.647344787251086, -410.196974262150036 ], [ 576.651838776527484, -444.012701282705279 ], [ 579.655209268484896, -452.800340870283833 ], [ 546.506897912808995, -482.834045789855907 ], [ 501.345104589304299, -456.804834859560117 ], [ 424.147359351589444, -454.135172200042575 ], [ 414.581068154984962, -399.85203145651974 ], [ 276.64849741324656, -386.05877438234586 ], [ 270.196812652745848, -365.813832547671382 ], [ 213.911424914584842, -358.472260233998213 ], [ 258.961982293942924, -277.381256951153432 ] ] ] } },
{ "type": "Feature", "properties": { "code": "nunavut", "name": "Nunavut", "capital": null, "culture": null, "civs": null, "provinceType": "land", "terrain": "taiga", "mapTypes": null, "resources": null, "religion": null, "population": "low" }, "geometry": { "type": "Polygon", "coordinates": [ [ [ 514.248474110305779, -262.809348267953851 ], [ 274.868722306901759, -224.544183481536095 ], [ 251.731645924416512, -277.937436671886474 ], [ 176.091203904753513, -160.472279653115635 ], [ 141.385589331025756, -170.261042738013231 ], [ 186.769854542823566, -79.492512314417581 ], [ 314.023774646492029, -16.310496039169642 ], [ 714.473173574119755, -2.072295188409541 ], [ 832.828218146063136, -202.296994652223475 ], [ 759.857438785917566, -296.625075288509095 ], [ 514.248474110305779, -262.809348267953851 ] ] ] } },
{ "type": "Feature", "properties": { "code": "baja_california_peninsula", "name": "Baja California Peninsula", "capital": null, "culture": null, "civs": null, "provinceType": "land", "terrain": "semi_arid", "mapTypes": null, "resources": null, "religion": null, "population": "low" }, "geometry": { "type": "Polygon", "coordinates": [ [ [ 79.760876273831144, -712.869978284948502 ], [ 101.118177549971293, -707.08570918932719 ], [ 104.010312097781949, -715.317169056172929 ], [ 104.67772776266132, -726.21829158253604 ], [ 113.354131406093259, -739.789076768416862 ], [ 122.030535049525184, -748.910424188434945 ], [ 126.924916591973968, -758.254243496746312 ], [ 130.929410581250238, -769.600309799695765 ], [ 139.82828611297532, -785.840757645093959 ], [ 158.070980953011599, -827.443000755908542 ], [ 156.291205846666571, -842.571089159841222 ], [ 118.026041060248815, -807.865474586113464 ], [ 117.136153507076301, -782.058735544110732 ], [ 85.100201592866085, -772.26997245921325 ], [ 87.769864252383627, -750.912671183073144 ], [ 79.760876273831144, -712.869978284948502 ] ] ] } },
{ "type": "Feature", "properties": { "code": "tewaipounamu ", "name": "Te Waipounamu  (New Zealand S.) ", "capital": null, "culture": null, "civs": null, "provinceType": "land", "terrain": "island", "mapTypes": null, "resources": null, "religion": null, "population": "low" }, "geometry": { "type": "Polygon", "coordinates": [ [ [ 3886.69982874580819, -1835.685598500356946 ], [ 3889.369491405325789, -1823.00470086764858 ], [ 3913.173983452690209, -1802.092343368094816 ], [ 3941.205441377624084, -1787.631670629041537 ], [ 3957.890832999608847, -1774.950772996333399 ], [ 3960.782967547419503, -1767.60920068266023 ], [ 3968.347011749385729, -1761.602459698745861 ], [ 3971.461618185489442, -1751.813696613848151 ], [ 3981.250381270387152, -1746.251899406520124 ], [ 3986.144762812835779, -1749.81144961921018 ], [ 3986.812178477715406, -1757.375493821176406 ], [ 3991.484088131870976, -1756.930550044590063 ], [ 3995.043638344560804, -1752.703584167020608 ], [ 4002.60768254652703, -1754.705831161658807 ], [ 4001.940266881647858, -1773.170997889988257 ], [ 3993.26386323821589, -1782.514817198299625 ], [ 3983.252628265025123, -1790.078861400265851 ], [ 3976.578471616231582, -1798.087849378818419 ], [ 3979.248134275748725, -1804.984477915905472 ], [ 3974.576224621593155, -1808.988971905181643 ], [ 3966.1222928664547, -1805.874365469077929 ], [ 3955.221170340091248, -1815.440656665682354 ], [ 3951.772856071547722, -1828.344026186683777 ], [ 3944.320047813727797, -1837.020429830115745 ], [ 3939.091958438839356, -1842.026047316711129 ], [ 3927.74589213588979, -1848.811439909651426 ], [ 3919.180724436604578, -1849.812563406970639 ], [ 3909.61443324000038, -1847.476608579892627 ], [ 3903.718928200232313, -1849.590091518677355 ], [ 3898.602074769490628, -1841.469867595978258 ], [ 3888.924547628739674, -1842.137283260857657 ], [ 3885.921177136782717, -1841.136159763538672 ], [ 3885.031289583610032, -1837.24290171840903 ], [ 3886.69982874580819, -1835.685598500356946 ] ] ] } },
{ "type": "Feature", "properties": { "code": "te_ika_a_maui ", "name": "Te Ika-a-Maui (New Zealand N.) ", "capital": null, "culture": null, "civs": null, "provinceType": "land", "terrain": "island", "mapTypes": null, "resources": null, "religion": null, "population": "low" }, "geometry": { "type": "Polygon", "coordinates": [ [ [ 4014.398692626063166, -1738.910327092846956 ], [ 3996.823413450906173, -1732.236170444053187 ], [ 3996.155997786026546, -1727.564260789897617 ], [ 4000.160491775302944, -1721.223811973543434 ], [ 4008.169479753855285, -1719.888980643784635 ], [ 4010.171726748493711, -1711.879992665232066 ], [ 4012.39644563142474, -1705.539543848877884 ], [ 4013.175097240450668, -1698.197971535204715 ], [ 4008.836895418734912, -1689.855275724212561 ], [ 4007.502064088976113, -1681.290108024927349 ], [ 4001.356278174878298, -1674.754996306316571 ], [ 3992.346166699007426, -1662.908368254707057 ], [ 3990.121447816076397, -1654.78814433200796 ], [ 3987.674257044851856, -1648.336459571507248 ], [ 3991.901222922421312, -1644.99938124711025 ], [ 3994.12594180535234, -1644.220729638084322 ], [ 3998.686615515361609, -1651.339830063464433 ], [ 4008.252906711966261, -1655.121852164447546 ], [ 4014.593355528320444, -1661.017357204215386 ], [ 4016.261894690518602, -1669.471288959354297 ], [ 4016.484366578812114, -1676.145445608148293 ], [ 4019.265265182476014, -1679.816231764984877 ], [ 4020.488860568088057, -1684.710613307433732 ], [ 4022.824815395166297, -1689.938702682322173 ], [ 4026.82930938444224, -1682.485894424502476 ], [ 4031.167511206158451, -1681.707242815476548 ], [ 4034.615825474701978, -1685.600500860606189 ], [ 4034.615825474701978, -1698.503870381607612 ], [ 4044.738296392039501, -1700.839825208685625 ], [ 4048.186610660582573, -1703.731959756496281 ], [ 4055.639418918402498, -1703.509487868202996 ], [ 4060.088856684265011, -1698.281398493314555 ], [ 4067.541664942084935, -1697.836454716728213 ], [ 4073.10346214941319, -1700.839825208685625 ], [ 4071.879866763801147, -1707.84768968991898 ], [ 4062.536047455489552, -1720.75105921092063 ], [ 4061.312452069877509, -1729.427462854352598 ], [ 4053.748407867910828, -1729.316226910206069 ], [ 4054.86076730937657, -1727.425215859714399 ], [ 4047.519194995703401, -1727.202743971421341 ], [ 4045.850655833505243, -1742.219596431207492 ], [ 4032.947286312503365, -1755.901617561235071 ], [ 4027.607960993468168, -1760.462291271244112 ], [ 4025.38324211053714, -1765.245436869546438 ], [ 4019.598973014915828, -1768.916223026383022 ], [ 4009.810209930018118, -1764.578021204667039 ], [ 4006.806839438060706, -1761.018470991976983 ], [ 4016.150658746372301, -1749.561168744880888 ], [ 4016.261894690518602, -1743.331955872673234 ], [ 4014.398692626063166, -1738.910327092846956 ] ] ] } },
{ "type": "Feature", "properties": { "code": "lutruwita", "name": "Lutruwita (Tasmania Isl.)", "capital": null, "culture": null, "civs": null, "provinceType": "land", "terrain": "island", "mapTypes": null, "resources": null, "religion": null, "population": "low" }, "geometry": { "type": "Polygon", "coordinates": [ [ [ 3749.963044403647473, -1806.29150025962781 ], [ 3755.969785387561842, -1797.837568504489127 ], [ 3775.324839669064204, -1806.069028371334753 ], [ 3784.223715200789229, -1803.844309488403496 ], [ 3795.347309615445738, -1801.397118717179183 ], [ 3800.909106822773992, -1798.727456057661584 ], [ 3803.133825705705021, -1810.518466137197265 ], [ 3799.796747381308251, -1826.313970206009571 ], [ 3791.787759402755455, -1844.556665046045964 ], [ 3770.875401903201691, -1853.010596801184874 ], [ 3760.86416693001047, -1846.113968264097821 ], [ 3757.082144829027584, -1831.430823636751484 ], [ 3755.524841610975727, -1821.864532440146832 ], [ 3751.297875733406272, -1812.520713131835464 ], [ 3749.963044403647473, -1806.29150025962781 ] ] ] } },
{ "type": "Feature", "properties": { "code": "kanaky", "name": "Kanaky (New Caledonia)", "capital": null, "culture": null, "civs": null, "provinceType": "land", "terrain": "island", "mapTypes": null, "resources": null, "religion": null, "population": "low" }, "geometry": { "type": "Polygon", "coordinates": [ [ [ 4055.08323919767372, -1462.683668790891033 ], [ 4066.874249277209856, -1466.910634668460489 ], [ 4088.898966218229361, -1485.598273285083451 ], [ 4096.463010420196042, -1493.384789375342734 ], [ 4095.573122867023358, -1505.3982713431717 ], [ 4074.883237255762197, -1496.94433958803279 ], [ 4064.204586617692257, -1485.375801396790166 ], [ 4055.528182974260289, -1475.142094535306342 ], [ 4055.08323919767372, -1462.683668790891033 ] ] ] } },
{ "type": "Feature", "properties": { "code": "kalaallit_nunaat", "name": "Kalaallit Nunaat (Greenland)", "capital": null, "culture": null, "civs": null, "provinceType": "land", "terrain": "trunda", "mapTypes": null, "resources": null, "religion": null, "population": "low" }, "geometry": { "type": "Polygon", "coordinates": [ [ [ 885.303774797172764, -124.960204484308036 ], [ 924.458827136763375, -129.854586026756863 ], [ 915.559951605038236, -201.935477833730602 ], [ 920.454333147487091, -243.315249056252526 ], [ 949.820622402180106, -258.443337460185262 ], [ 970.288036125147983, -213.059072248387025 ], [ 1002.768931815944711, -183.247839217107753 ], [ 1042.368927932121551, -167.67480703658876 ], [ 1059.276791442399372, -151.656831079483482 ], [ 1073.959936069745936, -131.189417356515634 ], [ 1102.436337771266153, -83.135489485199784 ], [ 1136.697008568408137, -58.663581772955624 ], [ 1175.407117131412406, -64.447850868576978 ], [ 1159.389141174307497, -70.677063740784604 ], [ 1158.944197397721155, -79.353467384216628 ], [ 1143.148693328909076, -81.355714378854771 ], [ 1152.492512637220443, -83.802905150079198 ], [ 1148.488018647944045, -91.811893128631823 ], [ 1131.357683249373167, -93.591668234976851 ], [ 1140.034086892805135, -97.373690335960021 ], [ 1136.919480456701422, -113.836610069651528 ], [ 1132.247570802545852, -118.286047835514097 ], [ 1137.809368009874106, -128.519754696998007 ], [ 1133.359930244011366, -146.762449537034541 ], [ 1124.905998488872683, -144.537730654103257 ], [ 1128.688020589855796, -149.20964030825894 ], [ 1108.665550643474262, -162.113009829260392 ], [ 1101.546450218094151, -169.899525919519874 ], [ 1062.836341655089655, -177.463570121486271 ], [ 1048.153197027743545, -185.917501876625124 ], [ 1029.910502187707152, -209.499522035696742 ], [ 1011.222863571084304, -213.504016024973055 ], [ 994.982415725685883, -218.175925679128738 ], [ 989.420618518357742, -227.964688764026391 ], [ 984.081293199322431, -242.64783339137287 ], [ 972.067811231493579, -260.890528231409405 ], [ 965.616126470992754, -259.110753125064377 ], [ 968.508261018803523, -267.787156768496402 ], [ 953.825116391456959, -306.497265331500728 ], [ 942.701521976800564, -306.942209108087013 ], [ 933.357702668489196, -298.933221129534388 ], [ 928.24084923774717, -292.036592592447391 ], [ 916.227367269918318, -290.256817486102364 ], [ 910.888041950883348, -292.815244201473377 ], [ 897.317256765002526, -272.570302366798671 ], [ 891.644223613527743, -257.442213962865935 ], [ 889.753212563036186, -244.538844441864455 ], [ 885.415010741320089, -237.642215904777487 ], [ 886.638606126932245, -222.402891556698222 ], [ 883.857707523268118, -217.842217846689095 ], [ 879.964449478138363, -211.94671280692117 ], [ 877.072314930327707, -206.718623432032672 ], [ 876.182427377155136, -199.377051118359418 ], [ 879.630741645698663, -193.704017966884663 ], [ 876.738607097888007, -189.032108312728951 ], [ 882.634112137655961, -175.016379350261843 ], [ 888.084673400837687, -167.563571092442061 ], [ 892.867818999139899, -159.999526890475693 ], [ 897.650964597442112, -158.664695560716922 ], [ 886.972313959371945, -155.99503290119938 ], [ 882.856584025949132, -155.216381292173423 ], [ 879.741977589845305, -153.770314018268095 ], [ 872.511641220318666, -148.430988699233012 ], [ 878.434955246123309, -132.857956518714047 ], [ 880.214730352468223, -126.406271758213336 ], [ 884.107988397597978, -122.735485601376709 ], [ 885.303774797172764, -124.960204484308036 ] ] ] } },
{ "type": "Feature", "properties": { "code": "noongar", "name": "Noongar (p. Australia)", "capital": null, "culture": null, "civs": null, "provinceType": "land", "terrain": "desert", "mapTypes": null, "resources": null, "religion": null, "population": "medium" }, "geometry": { "type": "Polygon", "coordinates": [ [ [ 3474.776913396615328, -1418.615778685732948 ], [ 3493.516740164018302, -1473.131638372724183 ], [ 3507.713578624172442, -1483.921235602441357 ], [ 3519.071049392295663, -1595.224449130048242 ], [ 3530.996393698825159, -1619.075137743107007 ], [ 3538.946623236511186, -1649.740308817039477 ], [ 3531.848204006434571, -1648.32062497102379 ], [ 3521.626480315123445, -1654.709202278093017 ], [ 3501.608938086306352, -1655.844949354905339 ], [ 3487.838004779956918, -1661.381716354365381 ], [ 3469.524083166358196, -1670.467692968863958 ], [ 3467.39455739733512, -1682.251068890791885 ], [ 3455.469213090806079, -1684.948468198221917 ], [ 3419.693180171217591, -1685.516341736628192 ], [ 3410.039330018313194, -1687.787835890252836 ], [ 3385.620767866848382, -1706.527662657656037 ], [ 3358.362838023352651, -1708.231283272874634 ], [ 3331.10490817985692, -1687.219962351846789 ], [ 3335.080022948699934, -1674.158870968504971 ], [ 3347.00536725522943, -1666.208641430818716 ], [ 3352.116229100884993, -1642.357952817759951 ], [ 3319.179563873327425, -1562.287783902491356 ], [ 3318.043816796514875, -1544.115830673494202 ], [ 3327.129793411013452, -1545.819451288712571 ], [ 3322.586805103764164, -1520.833015598841484 ], [ 3321.451058026952069, -1502.093188831438283 ], [ 3331.67278171826274, -1482.785488525628807 ], [ 3342.462378947980142, -1479.946120833598343 ], [ 3369.152435253069598, -1465.749282373444203 ], [ 3380.509906021192819, -1460.070546989382592 ], [ 3386.188641405254202, -1465.181408835038155 ], [ 3404.360594634251356, -1452.688190990102612 ], [ 3424.804042016873154, -1450.416696836477968 ], [ 3444.679615861088678, -1432.244743607480814 ], [ 3449.790477706744241, -1420.319399300951545 ], [ 3457.740707244430268, -1407.826181456016002 ], [ 3469.09817801255349, -1400.443825456735794 ], [ 3474.776913396615328, -1418.615778685732948 ] ] ] } },
{ "type": "Feature", "properties": { "code": "arrernte", "name": "Arrernte (p. Australia)", "capital": null, "culture": null, "civs": null, "provinceType": "land", "terrain": "semi_arid", "mapTypes": null, "resources": null, "religion": null, "population": "low" }, "geometry": { "type": "Polygon", "coordinates": [ [ [ 3514.528061085044556, -1482.359583371824328 ], [ 3527.589152468386601, -1467.026997834858093 ], [ 3540.650243851728192, -1473.841480295732026 ], [ 3566.772426618411373, -1461.348262450796483 ], [ 3586.364063693424214, -1461.91613598920253 ], [ 3597.15366092314116, -1458.792831527968701 ], [ 3604.25208015321823, -1460.496452143187071 ], [ 3624.695527535839574, -1466.459124296451819 ], [ 3648.262279379695428, -1465.039440450436359 ], [ 3672.68084153116024, -1475.261164141747258 ], [ 3694.260035990594588, -1497.692168908790563 ], [ 3713.567736296404291, -1494.568864447556507 ], [ 3715.555293680825798, -1502.519093985242762 ], [ 3708.172937681545591, -1513.024754445756798 ], [ 3712.148052450388604, -1535.739695982003241 ], [ 3719.530408449668812, -1544.54173582729868 ], [ 3713.851673065607429, -1555.047396287812489 ], [ 3704.481759681905714, -1559.590384595061778 ], [ 3695.111846298204, -1571.799665670794184 ], [ 3684.890122606893328, -1587.984061515369831 ], [ 3681.482881376456135, -1608.995382436397676 ], [ 3676.655956300003254, -1617.229548743287069 ], [ 3684.322249068486144, -1636.253312279893407 ], [ 3678.64351368442658, -1651.869834586063007 ], [ 3684.322249068487963, -1692.188855812900329 ], [ 3676.939893069207756, -1712.632303195522127 ], [ 3667.357027108603688, -1716.820370541267039 ], [ 3649.327042264208103, -1723.208947848336265 ], [ 3639.673192111303706, -1721.505327233117669 ], [ 3649.185073879606534, -1714.406908003040598 ], [ 3650.74672611022379, -1713.839034464634551 ], [ 3649.61097903341124, -1709.721951311189969 ], [ 3644.216180418552995, -1708.018330695971372 ], [ 3645.351927495365089, -1699.926132773683548 ], [ 3655.431682802074647, -1686.58110462113882 ], [ 3646.629642956779207, -1685.871262698131204 ], [ 3632.716741265828205, -1705.46289977314359 ], [ 3624.056669805134334, -1707.734393926768234 ], [ 3616.674313805854126, -1695.099207697231122 ], [ 3618.519902805674064, -1685.019452390521792 ], [ 3608.724084268168099, -1674.939697083812462 ], [ 3605.032906268527768, -1668.125214622938529 ], [ 3605.742748191535611, -1661.168763777463255 ], [ 3600.205981192075797, -1655.631996778003213 ], [ 3595.237087731021802, -1659.465143162244885 ], [ 3590.410162654569376, -1654.35428131658955 ], [ 3585.441269193515382, -1653.218534239777227 ], [ 3578.200881578836743, -1652.224755547566474 ], [ 3573.941830040790592, -1648.107672394121664 ], [ 3566.98537919531509, -1646.120115009700157 ], [ 3559.035149657629063, -1646.262083394301726 ], [ 3547.393742120302704, -1648.107672394121664 ], [ 3540.72122804403034, -1648.53357754792637 ], [ 3538.875639044210402, -1649.811293009340261 ], [ 3531.209346275726602, -1619.359074512309917 ], [ 3519.000065199993969, -1595.082480745446901 ], [ 3507.926531201073431, -1484.063203987042471 ], [ 3514.528061085044556, -1482.359583371824328 ] ] ] } },
{ "type": "Feature", "properties": { "code": "yolngu", "name": "Yolngu", "capital": null, "culture": null, "civs": null, "provinceType": "land", "terrain": "tropical_florest", "mapTypes": null, "resources": null, "religion": null, "population": "medium" }, "geometry": { "type": "Polygon", "coordinates": [ [ [ 3476.480534011832788, -1414.498695532287684 ], [ 3477.616281088644882, -1409.387833686632348 ], [ 3472.789356012192457, -1403.709098302570737 ], [ 3475.628723704223376, -1398.314299687712264 ], [ 3483.578953241909858, -1402.289414456555278 ], [ 3490.96130924118961, -1400.301857072133771 ], [ 3488.121941549159146, -1393.487374611259838 ], [ 3488.405878318361829, -1387.808639227198228 ], [ 3494.084613702423667, -1385.253208304370446 ], [ 3497.775791702063543, -1386.388955381182768 ], [ 3497.207918163657723, -1378.154789074293603 ], [ 3502.318780009312832, -1372.476053690231993 ], [ 3510.552946316202451, -1372.192116921028855 ], [ 3512.540503700623958, -1367.649128613779567 ], [ 3521.342543545919398, -1365.66157122935806 ], [ 3522.76222739193463, -1366.229444767764107 ], [ 3528.72489954519915, -1363.106140306530278 ], [ 3535.823318775276221, -1364.809760921748875 ], [ 3547.180789543399442, -1377.019041997481281 ], [ 3549.452283697024086, -1380.994156766324295 ], [ 3555.982829388694881, -1375.883294920668959 ], [ 3560.809754465147307, -1377.302978766684191 ], [ 3568.192110464427515, -1380.14234645871511 ], [ 3564.500932464787184, -1375.599358151465822 ], [ 3564.216995695584501, -1372.192116921028855 ], [ 3567.340300156818103, -1366.513381536967245 ], [ 3573.586909079285761, -1359.414962306890175 ], [ 3580.685328309362831, -1352.316543076813332 ], [ 3607.091447845249604, -1340.391198770283836 ], [ 3616.745297998154456, -1340.391198770283836 ], [ 3605.103890460828097, -1332.157032463394671 ], [ 3589.771304923861862, -1339.539388462674651 ], [ 3577.278087078926092, -1337.835767847456282 ], [ 3579.833518001753873, -1330.169475078972937 ], [ 3591.190988769877094, -1327.330107386942245 ], [ 3603.68420661481241, -1329.60160154056689 ], [ 3611.91837292170203, -1324.490739694911554 ], [ 3617.881045074966551, -1325.342550002520738 ], [ 3619.016792151778645, -1328.749791232957705 ], [ 3628.670642304683497, -1331.589158924988396 ], [ 3653.657077994554584, -1337.551831078253144 ], [ 3665.014548762677805, -1337.267894309050007 ], [ 3671.829031223551738, -1335.564273693831638 ], [ 3683.754375530080779, -1341.526945847096158 ], [ 3690.000984452548892, -1347.489618000360906 ], [ 3676.372019530801026, -1362.822203537327141 ], [ 3670.125410608333368, -1368.784875690591889 ], [ 3685.457996145299603, -1367.36519184457643 ], [ 3684.890122606893328, -1374.74754784385641 ], [ 3670.977220915942326, -1374.74754784385641 ], [ 3671.5450944543486, -1370.488496305810258 ], [ 3664.162738455068393, -1380.710219997121158 ], [ 3668.989663531520819, -1388.94438630401055 ], [ 3712.999862757998017, -1413.362948455475362 ], [ 3720.382218757278224, -1400.017920302930634 ], [ 3722.937649680106006, -1411.375391071053855 ], [ 3719.246471680466129, -1416.770189685912328 ], [ 3727.764574756557977, -1425.288292762004858 ], [ 3733.762739005979256, -1424.826895512049759 ], [ 3713.567736296405656, -1495.278706370563896 ], [ 3694.402004375197976, -1498.260042447196156 ], [ 3672.254936377357808, -1475.97100606475442 ], [ 3648.120310995096133, -1465.891250758045089 ], [ 3624.624543343542427, -1466.672076873353717 ], [ 3597.508581884648265, -1459.005784104870372 ], [ 3585.512253385817075, -1463.051883066014625 ], [ 3567.198331772218353, -1462.767946296811488 ], [ 3540.508275467128897, -1474.267385449536278 ], [ 3527.589152468388875, -1467.594871373263913 ], [ 3514.670029469648398, -1483.637298833237764 ], [ 3507.713578624173351, -1485.056982679253224 ], [ 3493.374771779418097, -1473.841480295731344 ], [ 3473.179769069848589, -1414.92460068609239 ], [ 3476.480534011832788, -1414.498695532287684 ] ] ] } },
{ "type": "Feature", "properties": { "code": "eora", "name": "Eora", "capital": null, "culture": null, "civs": null, "provinceType": "land", "terrain": "tropical_forest", "mapTypes": null, "resources": null, "religion": null, "population": "medium" }, "geometry": { "type": "Polygon", "coordinates": [ [ [ 3733.86921529442634, -1424.791403415900277 ], [ 3738.199251024773275, -1421.455146377764095 ], [ 3737.986298447870922, -1413.50491684007784 ], [ 3743.097160293526031, -1405.980592456196518 ], [ 3745.297670254849891, -1402.573351225759552 ], [ 3747.214243446971068, -1392.9195010728547 ], [ 3747.214243446971068, -1370.062591152007144 ], [ 3750.976405638911729, -1358.137246845477421 ], [ 3750.621484677407807, -1350.116033115490609 ], [ 3758.145809061289583, -1339.042499116570525 ], [ 3762.972734137741554, -1325.768455156326581 ], [ 3767.018833098885352, -1324.774676464115828 ], [ 3772.555600098345167, -1330.382427655876882 ], [ 3774.827094251970266, -1347.844538961865737 ], [ 3781.49960832824263, -1357.072483960965883 ], [ 3782.493387020453156, -1365.590587037058185 ], [ 3782.493387020453156, -1376.522152651376928 ], [ 3789.875743019733363, -1377.94183649739216 ], [ 3796.26432032680259, -1374.818532036158331 ], [ 3801.375182172458153, -1379.645457112610757 ], [ 3806.62801240271483, -1385.608129265875277 ], [ 3809.041474940941498, -1409.88472303273852 ], [ 3815.004147094206019, -1416.273300339807975 ], [ 3817.701546401635369, -1425.501245338907893 ], [ 3817.843514786236938, -1442.111546337288246 ], [ 3831.330511323383234, -1450.203744259575842 ], [ 3848.366717475567839, -1460.851373104691447 ], [ 3856.742852167059027, -1464.542551104331324 ], [ 3857.878599243872486, -1480.159073410501151 ], [ 3865.970797166160537, -1487.683397794382927 ], [ 3862.137650781919092, -1491.942449332429078 ], [ 3881.729287856931478, -1497.053311178084414 ], [ 3884.568655548961942, -1510.682276099832279 ], [ 3892.234948317445287, -1522.465652021759979 ], [ 3903.876355854771646, -1536.804458866515688 ], [ 3907.425565469811318, -1545.180593558006649 ], [ 3912.820364084669563, -1563.636483556206713 ], [ 3912.536427315466426, -1578.685132323970038 ], [ 3911.684617007857469, -1587.487172169265477 ], [ 3867.958354550582953, -1575.13592270893173 ], [ 3707.95998510464824, -1558.099716556746444 ], [ 3713.567736296408839, -1554.763459518610262 ], [ 3719.388440065072245, -1544.896656788803284 ], [ 3712.077068258092822, -1536.094616943507845 ], [ 3708.243921873850923, -1513.450659599562414 ], [ 3715.342341103927993, -1502.377125600642103 ], [ 3713.354783719506486, -1494.000990909151369 ], [ 3733.86921529442634, -1424.791403415900277 ] ] ] } },
{ "type": "Feature", "properties": { "code": "polinesia", "name": "Polinesia", "capital": null, "culture": null, "civs": null, "provinceType": "land", "terrain": "island", "mapTypes": null, "resources": null, "religion": null, "population": "medium" }, "geometry": { "type": "Polygon", "coordinates": [ [ [ 3898.608292656703725, -883.252244750641466 ], [ 3934.123079359280382, -911.502643264054541 ], [ 3968.830711818616237, -930.874345101823565 ], [ 4009.18842398063498, -932.488653588304373 ], [ 4057.617678575057653, -959.124743615236753 ], [ 4089.903848304672465, -974.460674236803811 ], [ 4094.74677376411455, -1105.219661641744551 ], [ 4044.703210683211637, -1156.877533209128615 ], [ 4057.617678575057653, -1118.941283776830915 ], [ 4072.146454953384364, -1081.005034344533215 ], [ 4068.917837980422973, -1034.997242479832039 ], [ 4054.389061602096263, -998.675301534015034 ], [ 3985.780950926664445, -964.774823317919299 ], [ 3930.894462386318537, -950.246046939592588 ], [ 3909.908452062069045, -923.609956912660209 ], [ 3899.415446899944072, -894.552404156006673 ], [ 3898.608292656703725, -883.252244750641466 ] ] ] } },
{ "type": "Feature", "properties": { "code": "hawaii", "name": "Hawaii", "capital": null, "culture": null, "civs": null, "provinceType": "land", "terrain": "island", "mapTypes": null, "resources": null, "religion": null, "population": "medium" }, "geometry": { "type": "Polygon", "coordinates": [ [ [ 4036.0615354916863, -702.903604134009242 ], [ 4038.944229217544489, -700.798780143699901 ], [ 4040.179669385769557, -701.439378749446178 ], [ 4040.774510948248462, -699.288797715869237 ], [ 4044.892644842332174, -697.778815288038572 ], [ 4048.278666044133843, -699.380311802404435 ], [ 4047.729581524923105, -701.713921009051774 ], [ 4050.383490034443639, -701.896949182122171 ], [ 4053.723754192978049, -699.105769542798839 ], [ 4059.123085298554088, -702.171491441727653 ], [ 4060.907609985990803, -706.655681681951933 ], [ 4064.019088928187102, -705.008428124318584 ], [ 4069.692962293368964, -705.649026730064861 ], [ 4073.307768711508743, -707.9368788934446 ], [ 4074.817751139339634, -710.636544446232733 ], [ 4084.747029528407893, -715.120734686457126 ], [ 4087.950022557139164, -719.467653796878722 ], [ 4092.617240970434068, -723.631544734229806 ], [ 4094.630550874207529, -727.886949758116089 ], [ 4082.09312101888645, -735.985946416480488 ], [ 4078.569828687281642, -728.573305407130078 ], [ 4077.974987124802738, -725.278798291863268 ], [ 4077.837715995000053, -721.11490735451207 ], [ 4079.301941379563232, -719.193111537273126 ], [ 4079.667997725703572, -717.042530503695957 ], [ 4074.314423663395246, -717.042530503695957 ], [ 4071.614758110606999, -717.088287546963556 ], [ 4070.104775682776562, -715.852847378738488 ], [ 4071.523244024071573, -713.51923817209115 ], [ 4068.915092557818753, -714.571650167245821 ], [ 4065.940884745425137, -714.022565648034629 ], [ 4064.339388231059274, -711.048357835641013 ], [ 4065.346043182946687, -709.721403580880747 ], [ 4060.587310683116812, -709.995945840486343 ], [ 4058.574000779342441, -708.577477499190763 ], [ 4055.233736620808031, -709.263833148204753 ], [ 4052.854370370892866, -707.525065504036093 ], [ 4051.252873856527003, -705.054185167585956 ], [ 4045.945056837486391, -704.733885864712875 ], [ 4035.832750275347735, -705.099942210853555 ], [ 4036.0615354916863, -702.903604134009242 ] ] ] } },
{ "type": "Feature", "properties": { "code": "wa", "name": "Wa (Yamatai)", "capital": null, "culture": null, "civs": "han", "provinceType": "land", "terrain": "temperate_forest", "mapTypes": null, "resources": null, "religion": null, "population": "medium" }, "geometry": { "type": "Polygon", "coordinates": [ [ [ 3795.690712503079794, -601.078184214490648 ], [ 3793.460676693384812, -598.323434096632013 ], [ 3786.770569264299866, -600.947005637449706 ], [ 3780.080461835214464, -598.585791250713783 ], [ 3775.751568792865328, -595.437505401732551 ], [ 3776.800997409192405, -589.272112280810916 ], [ 3785.458783493890678, -586.123826431829571 ], [ 3797.920748312775231, -569.857682878759761 ], [ 3804.742034318901005, -560.019289600693355 ], [ 3814.055713288803872, -558.051610945080142 ], [ 3822.45114221942049, -560.150468177734297 ], [ 3829.403606802587547, -555.952753712425874 ], [ 3836.618428539836259, -555.165682250180566 ], [ 3845.145036047493704, -551.099146361913085 ], [ 3850.129821975047435, -549.393824860381642 ], [ 3851.441607745456167, -555.428039404262336 ], [ 3857.344643712296147, -554.772146519057969 ], [ 3855.901679364846586, -545.458467549155102 ], [ 3860.099393830154895, -538.506002965988046 ], [ 3867.445394144444435, -532.34060984506641 ], [ 3867.970108452607747, -524.469895222613331 ], [ 3865.608894065871937, -518.566859255773466 ], [ 3870.856037147507777, -512.795001865974314 ], [ 3880.300894694451927, -509.777894594033967 ], [ 3877.546144576593178, -522.108680835877294 ], [ 3879.776180386288161, -525.781680993022064 ], [ 3883.05564481231022, -521.977502258836353 ], [ 3938.675361477645765, -525.256966684858526 ], [ 3936.182968513868673, -536.800681464456716 ], [ 3935.002361320500768, -539.817788736397006 ], [ 3942.479540211831591, -545.720824703236872 ], [ 3941.954825903667825, -553.985075056812775 ], [ 3936.051789936827845, -557.920432368039314 ], [ 3935.527075628664534, -565.004075528247085 ], [ 3929.099325353661243, -568.021182800187489 ], [ 3921.753325039371248, -566.709397029778643 ], [ 3918.08032488222716, -567.496468492023951 ], [ 3917.16207484294091, -574.317754498150066 ], [ 3913.751431839877569, -577.466040347131297 ], [ 3908.897824489365121, -576.285433153763393 ], [ 3907.586038718955933, -572.74361157365945 ], [ 3903.781859984770563, -576.285433153763393 ], [ 3901.158288443952642, -579.040183271621913 ], [ 3893.812288129663102, -578.384290386417547 ], [ 3886.466287815373562, -579.564897579785452 ], [ 3881.612680464860659, -580.089611887949104 ], [ 3880.825609002615238, -588.222683664483952 ], [ 3874.397858727611947, -590.846255205301645 ], [ 3871.380751455671543, -594.781612516528185 ], [ 3870.462501416385294, -599.241684135918376 ], [ 3868.232465606690312, -601.340541368572531 ], [ 3866.264786951076985, -607.505934489494166 ], [ 3859.574679521992039, -608.555363105821243 ], [ 3854.065179286274542, -603.964112909390224 ], [ 3849.867464820966234, -598.061076942550358 ], [ 3847.768607588312079, -597.142826903264222 ], [ 3845.669750355657925, -601.6028985226543 ], [ 3842.783821660758349, -604.882362948676473 ], [ 3838.979642926572069, -615.376649111947131 ], [ 3830.321856841873796, -614.064863341538285 ], [ 3827.698285301055876, -610.391863184393401 ], [ 3822.713499373502145, -612.228363262965786 ], [ 3816.941641983703448, -623.24736373440021 ], [ 3817.991070600030525, -628.49450681603571 ], [ 3809.857998823495564, -630.068649740526325 ], [ 3805.92264151226891, -625.608578121136247 ], [ 3802.774355663287679, -620.361435039500748 ], [ 3803.823784279614756, -616.950792036437747 ], [ 3798.838998352061026, -611.441291800720478 ], [ 3801.724927046960602, -606.9812201813304 ], [ 3807.234427282677643, -604.620005794594476 ], [ 3807.234427282677643, -597.536362634386592 ], [ 3813.793356134722217, -595.699862555814207 ], [ 3820.876999294930101, -596.224576863977745 ], [ 3824.287642297992988, -592.026862398669437 ], [ 3827.173570992892564, -587.042076471115706 ], [ 3833.470142690855027, -582.582004851725628 ], [ 3839.242000080654179, -586.255005008870398 ], [ 3843.439714545962488, -582.05729054356209 ], [ 3842.915000237798722, -577.597218924172012 ], [ 3839.242000080654179, -577.334861770090129 ], [ 3830.584213995955452, -582.844362005807398 ], [ 3824.025285143911333, -582.319647697643859 ], [ 3821.139356449011757, -587.042076471115706 ], [ 3813.793356134722217, -589.928005166015282 ], [ 3810.382713131658875, -593.601005323160052 ], [ 3805.135570050023489, -593.601005323160052 ], [ 3802.774355663287679, -598.848148404795438 ], [ 3798.57664119797937, -603.045862870103861 ], [ 3795.165998194916483, -601.734077099695014 ], [ 3795.690712503079794, -601.078184214490648 ] ] ] } },
{ "type": "Feature", "properties": { "code": "kyushu", "name": "Kyushu", "capital": null, "culture": null, "civs": "han", "provinceType": "land", "terrain": "temperate_forest", "mapTypes": null, "resources": null, "religion": null, "population": "medium" }, "geometry": { "type": "Polygon", "coordinates": [ [ [ 3764.994925475511081, -628.756863970117593 ], [ 3757.780103738262824, -630.855721202771861 ], [ 3751.745889194382016, -619.312006423173898 ], [ 3753.647978561474702, -614.130452630058926 ], [ 3758.829532354589901, -611.90041682036383 ], [ 3761.059568164284883, -607.833880932096349 ], [ 3764.994925475511536, -607.177988046891983 ], [ 3770.635604288269406, -599.372862712959204 ], [ 3776.538640255109385, -599.372862712959204 ], [ 3781.589015471183302, -604.357648640512934 ], [ 3790.837105152565982, -604.554416506074176 ], [ 3795.297176771956856, -610.588631049954984 ], [ 3791.361819460730203, -614.19604191857934 ], [ 3794.641283886752262, -617.081970613478802 ], [ 3799.03576621762204, -622.263524406593774 ], [ 3800.347551988030773, -626.067703140779486 ], [ 3797.592801870172025, -629.675114009403842 ], [ 3793.001551673740778, -636.955525035173196 ], [ 3790.705926575525154, -642.530614559410878 ], [ 3790.377980132922858, -654.730222224213321 ], [ 3789.853265824758182, -657.091436610948676 ], [ 3783.556694126795719, -658.403222381357637 ], [ 3783.556694126795719, -663.650365462993022 ], [ 3775.423622350260757, -665.486865541565408 ], [ 3773.587122271688258, -660.76443676809356 ], [ 3773.062407963524493, -660.76443676809356 ], [ 3765.191693341071641, -663.650365462993022 ], [ 3763.355193262499142, -661.551508230338868 ], [ 3765.978764803317063, -652.10665068339506 ], [ 3764.929336186989985, -646.597150447677905 ], [ 3765.191693341071641, -638.464078671142943 ], [ 3761.256336029844988, -640.038221595633559 ], [ 3762.04340749209041, -633.479292743589212 ], [ 3764.994925475511081, -628.756863970117593 ] ] ] } },
{ "type": "Feature", "properties": { "code": "ryukyu", "name": "Ryukyu", "capital": null, "culture": null, "civs": "han", "provinceType": "land", "terrain": "tropical_forest", "mapTypes": null, "resources": null, "religion": null, "population": "low" }, "geometry": { "type": "Polygon", "coordinates": [ [ [ 3678.351475340004072, -771.216798636519684 ], [ 3670.349582140510392, -773.44683444621478 ], [ 3673.891403720614107, -780.136941875299954 ], [ 3682.680368382353663, -775.020977370705396 ], [ 3692.256404506338185, -772.922120138051241 ], [ 3698.421797627259821, -767.150262748252203 ], [ 3701.045369168077741, -764.133155476311799 ], [ 3711.802012485430168, -764.789048361516279 ], [ 3714.556762603288917, -758.098940932431105 ], [ 3722.952191533905534, -751.671190657427701 ], [ 3732.265870503808856, -751.802369234468529 ], [ 3749.319085519123746, -732.256761255376546 ], [ 3754.95976433188207, -724.910760941086892 ], [ 3762.174586069130783, -716.515332010470274 ], [ 3773.849479425769459, -701.954509958931681 ], [ 3771.488265039033195, -687.787223638516025 ], [ 3779.096622507404845, -676.768223167081601 ], [ 3783.55669412679481, -668.897508544628408 ], [ 3768.077622035970307, -675.981151704836293 ], [ 3760.206907413517001, -698.54386695586868 ], [ 3741.841906627792923, -720.581867898737528 ], [ 3721.640405763496801, -738.684511530379723 ], [ 3689.632832965520265, -760.722512473248457 ], [ 3678.351475340004072, -771.216798636519684 ] ] ] } },
{ "type": "Feature", "properties": { "code": "emishi_lands", "name": "Emishi", "capital": null, "culture": null, "civs": "han", "provinceType": "land", "terrain": "temperate_forest", "mapTypes": null, "resources": null, "religion": null, "population": "low" }, "geometry": { "type": "Polygon", "coordinates": [ [ [ 3884.662582381056836, -522.239859412917895 ], [ 3938.576977544860256, -525.322555973378712 ], [ 3943.561763472413531, -517.583019927966461 ], [ 3942.381156279045626, -512.335876846331075 ], [ 3939.757584738228161, -509.712305305513439 ], [ 3939.101691853023567, -501.579233528978591 ], [ 3936.346941735165274, -499.086840565201783 ], [ 3937.265191774451068, -493.314983175402858 ], [ 3945.660620705067686, -495.676197562138782 ], [ 3948.284192245885606, -490.297875903462568 ], [ 3945.39826355098603, -483.476589897336567 ], [ 3948.808906554048917, -477.048839622333219 ], [ 3953.400156750480164, -469.571660731002794 ], [ 3952.186754912851939, -463.078321167478975 ], [ 3947.562710072160371, -455.666731564669021 ], [ 3947.628299360681012, -448.58308840446125 ], [ 3936.674888177767571, -442.286516706498844 ], [ 3937.593138217053365, -429.758962599094389 ], [ 3932.018048692816137, -427.59451607791982 ], [ 3925.393530552251377, -427.922462520522004 ], [ 3924.016155493322003, -433.759909198841285 ], [ 3920.211976759136633, -434.284623507004824 ], [ 3916.145440870869152, -437.301730778945171 ], [ 3915.62072656270584, -441.892980975376076 ], [ 3911.35742280887689, -445.56598113252079 ], [ 3911.619779962958546, -451.272249233799243 ], [ 3910.832708500713579, -458.815017413650082 ], [ 3908.012369094334645, -461.438588954467775 ], [ 3906.962940478007567, -464.586874803449007 ], [ 3908.602672691018597, -467.013678478705344 ], [ 3913.7186371956127, -468.981357134318614 ], [ 3914.833655100461783, -474.556446658556297 ], [ 3912.472440713725973, -479.541232586109913 ], [ 3910.111226326990163, -480.85301835651876 ], [ 3908.930619133622258, -488.592554401930897 ], [ 3907.487654786172243, -497.906233371833707 ], [ 3903.289940320863934, -500.923340643773997 ], [ 3900.666368780046469, -503.80926933867346 ], [ 3901.059904511168952, -508.006983803981768 ], [ 3897.386904354024409, -509.056412420308845 ], [ 3896.46865431473816, -514.697091233066885 ], [ 3894.238618505043178, -516.402412734598329 ], [ 3893.84508277392024, -518.501269967252483 ], [ 3887.679689652999059, -520.206591468783927 ], [ 3885.187296689221967, -520.862484353988407 ], [ 3884.662582381056836, -522.239859412917895 ] ] ] } },
{ "type": "Feature", "properties": { "code": "hokkaido", "name": "Hokkaido", "capital": null, "culture": null, "civs": "han", "provinceType": "land", "terrain": "temperate_forest", "mapTypes": null, "resources": null, "religion": null, "population": "low" }, "geometry": { "type": "Polygon", "coordinates": [ [ [ 3909.586512018827761, -435.334052123332071 ], [ 3919.556083873934767, -432.579302005473551 ], [ 3921.261405375466438, -427.988051809042588 ], [ 3929.13211999791929, -425.758015999347549 ], [ 3929.394477152000945, -418.412015685058066 ], [ 3920.474333913221017, -415.001372681995065 ], [ 3924.147334070365559, -414.214301219749757 ], [ 3930.706262922410133, -412.377801141177372 ], [ 3932.805120155064287, -407.393015213623755 ], [ 3945.135906396907103, -406.999479482501101 ], [ 3947.890656514765851, -414.083122642708872 ], [ 3965.993300146407819, -418.674372839139778 ], [ 3967.829800224980318, -398.604050551884541 ], [ 3975.044621962228575, -392.438657430963019 ], [ 3984.620658086213098, -392.307478853922134 ], [ 3992.884908439788887, -385.486192847796133 ], [ 3994.590229941320558, -379.451978303915496 ], [ 3987.900122512235157, -377.87783537942488 ], [ 3988.949551128562234, -373.024228028912148 ], [ 3994.45905136427973, -367.777084947276819 ], [ 3998.132051521424273, -360.824620364109933 ], [ 4004.297444642345909, -354.528048666147527 ], [ 4018.989445270924534, -337.343655073791751 ], [ 4057.031232612780514, -304.417832236529819 ], [ 4044.438089216856042, -297.858903384485643 ], [ 3976.356407732637763, -358.463405977374066 ], [ 3973.732836191819842, -364.759977675336472 ], [ 3960.614978487731605, -360.56226321002822 ], [ 3942.249977702007982, -350.592691354921044 ], [ 3934.903977387718442, -344.820833965122119 ], [ 3932.805120155064287, -329.604119028379614 ], [ 3950.645406632624145, -332.227690569197307 ], [ 3938.052263236699673, -309.140261010001666 ], [ 3921.261405375466438, -292.874117456932026 ], [ 3928.607405689755979, -289.725831607950852 ], [ 3939.10169185302675, -293.398831765095565 ], [ 3900.797547357088206, -224.661257395672351 ], [ 3877.710117797892508, -214.691685540565175 ], [ 3875.086546257075042, -226.760114628326505 ], [ 3881.383117955037505, -247.223972646704425 ], [ 3891.352689810144511, -265.064259124264652 ], [ 3896.075118583616131, -275.558545287535367 ], [ 3899.223404432597363, -284.478688526315523 ], [ 3901.846975973415283, -301.794260695712182 ], [ 3909.192976287704823, -310.714403934492339 ], [ 3913.915405061176443, -323.307547330417151 ], [ 3916.538976601994364, -334.326547801851461 ], [ 3918.637833834648518, -346.394976889612735 ], [ 3918.50665525760769, -355.839834436556316 ], [ 3922.179655414752233, -362.398763288600492 ], [ 3923.491441185160966, -370.53183506513534 ], [ 3923.491441185160966, -377.090763917179515 ], [ 3922.179655414752233, -384.961478539632594 ], [ 3922.179655414752233, -389.946264467186154 ], [ 3913.784226484135615, -388.109764388613769 ], [ 3906.17586901576442, -389.683907313104385 ], [ 3904.864083245355687, -394.931050394739771 ], [ 3908.274726248418574, -397.029907627393925 ], [ 3908.53708340250023, -399.91583632229333 ], [ 3901.978154550456111, -405.425336558010486 ], [ 3901.4534402422928, -412.246622564136487 ], [ 3896.206297160657414, -417.493765645771816 ], [ 3898.829868701474879, -421.953837265161894 ], [ 3903.81465462902861, -420.379694340671278 ], [ 3913.52186933005396, -437.957623664149764 ], [ 3909.586512018827761, -435.334052123332071 ] ] ] } },
{ "type": "Feature", "properties": { "code": "goguryeo", "name": "Goguryeo", "capital": null, "culture": null, "civs": "han", "provinceType": "land", "terrain": "temperate_forest", "mapTypes": null, "resources": null, "religion": null, "population": "medium" }, "geometry": { "type": "Polygon", "coordinates": [ [ [ 3683.697002354424058, -507.154323053216729 ], [ 3718.852861001380916, -516.599180600160366 ], [ 3741.677933406494503, -515.025037675669751 ], [ 3738.529647557513272, -502.694251433826651 ], [ 3724.887075545263087, -488.133429382288341 ], [ 3725.542968430467681, -483.411000608816494 ], [ 3729.609504318735162, -480.787429067998801 ], [ 3737.217861787106358, -480.262714759835262 ], [ 3739.579076173841713, -474.490857370036395 ], [ 3747.974505104458331, -471.604928675136932 ], [ 3750.860433799357452, -467.931928517992219 ], [ 3759.51821988405618, -463.99657120676568 ], [ 3758.468791267729102, -454.814070813903754 ], [ 3755.714041149870354, -449.435749155227541 ], [ 3768.438363122836563, -440.253248762365729 ], [ 3781.5562208269248, -418.215247819497222 ], [ 3764.240648657528254, -377.025174628659784 ], [ 3749.548648028949174, -334.523315667413328 ], [ 3729.609504318734707, -326.652601044960306 ], [ 3706.784431913620665, -362.333174000080817 ], [ 3673.465073345236306, -365.481459849061991 ], [ 3651.42707240236814, -397.751389801119331 ], [ 3631.487928692153673, -431.333105523585687 ], [ 3622.329033075177904, -444.146191191448452 ], [ 3618.370070988064981, -458.093535239925984 ], [ 3623.879571223782023, -460.979463934825503 ], [ 3632.012643000316984, -459.405321010334887 ], [ 3633.062071616644062, -467.538392786869679 ], [ 3629.651428613581174, -472.785535868505065 ], [ 3616.795928063574138, -485.378679264429991 ], [ 3622.305428299291179, -489.051679421574704 ], [ 3627.027857072763254, -492.462322424637705 ], [ 3620.731285374800791, -492.987036732801243 ], [ 3614.959427985001639, -497.447108352191322 ], [ 3617.845356679901215, -503.743680050153728 ], [ 3629.65142861358072, -501.64482281749963 ], [ 3635.948000311543183, -496.922394044027783 ], [ 3639.62100046868818, -489.314036575656473 ], [ 3645.392857858486877, -489.051679421574704 ], [ 3654.05064394318515, -486.69046503483878 ], [ 3661.921358565638457, -484.853964956266452 ], [ 3662.708430027883878, -484.591607802184683 ], [ 3666.381430185028421, -490.62582234606532 ], [ 3673.727430499317961, -489.576393729738243 ], [ 3677.92514496462627, -489.838750883820012 ], [ 3682.122859429934579, -489.051679421574704 ], [ 3678.712216426870327, -499.283608430763707 ], [ 3683.697002354424058, -507.154323053216729 ] ] ] } },
{ "type": "Feature", "properties": { "code": "silla_gaya", "name": "Silla and Gaya", "capital": null, "culture": null, "civs": "han", "provinceType": "land", "terrain": "temperate_forest", "mapTypes": null, "resources": null, "religion": null, "population": "medium" }, "geometry": { "type": "Polygon", "coordinates": [ [ [ 3722.285796003357063, -516.35744394207677 ], [ 3741.940290560576614, -514.500323367505985 ], [ 3743.215754799791284, -518.641331954065663 ], [ 3749.453836981790573, -520.857044204502358 ], [ 3752.959291032010697, -525.650502415981123 ], [ 3755.9763983039511, -531.160002651698278 ], [ 3757.550541228441944, -539.030717274151357 ], [ 3757.157005497319005, -545.983181857318186 ], [ 3755.254916130225865, -550.705610630790034 ], [ 3757.01607161478978, -559.651866075098951 ], [ 3756.829059054716708, -559.363396715488307 ], [ 3755.517273284307976, -563.954646911919326 ], [ 3756.43552332359377, -570.644754341004386 ], [ 3751.71309455012215, -575.891897422639772 ], [ 3743.186487042464705, -582.97554058284743 ], [ 3743.317665619505533, -586.255005008869603 ], [ 3738.46405826899263, -588.616219395605526 ], [ 3735.578129574093509, -585.599112123665122 ], [ 3734.65987953480726, -583.893790622133679 ], [ 3732.823379456234761, -583.762612045092737 ], [ 3722.285796003357063, -516.35744394207677 ] ] ] } },
{ "type": "Feature", "properties": { "code": "yilou", "name": "Yilou", "capital": null, "culture": null, "civs": null, "provinceType": "land", "terrain": "plains", "mapTypes": null, "resources": null, "religion": null, "population": "low" }, "geometry": { "type": "Polygon", "coordinates": [ [ [ 3749.548648028949174, -334.457726378893369 ], [ 3729.740682895775535, -327.111726064603886 ], [ 3738.792004711596292, -317.666868517660191 ], [ 3751.122790953439562, -311.107939665615959 ], [ 3758.731148421810758, -302.18779642683586 ], [ 3759.51821988405618, -292.218224571728683 ], [ 3767.651291660590687, -281.461581254376199 ], [ 3778.93264928610688, -274.640295248250197 ], [ 3783.130363751415189, -264.93308054722479 ], [ 3792.050506990195117, -256.012937308444691 ], [ 3797.035292917748848, -248.666936994155179 ], [ 3806.217793310610887, -241.058579525783898 ], [ 3811.202579238164162, -240.27150806353859 ], [ 3819.59800816878078, -242.108008142110975 ], [ 3824.058079788170744, -237.385579368639128 ], [ 3826.94400848307032, -232.925507749249078 ], [ 3832.453508718787361, -238.172650830884436 ], [ 3835.077080259605282, -237.385579368639128 ], [ 3834.027651643278205, -232.138436287003771 ], [ 3835.864151721850703, -227.678364667613721 ], [ 3849.769080888184362, -223.74300735638721 ], [ 3850.556152350429329, -221.644150123733056 ], [ 3857.115081202473903, -228.465436129859029 ], [ 3870.23293890656214, -229.252507592104337 ], [ 3876.529510604524603, -234.237293519657925 ], [ 3877.57893922085168, -249.454008456400487 ], [ 3882.56372514840541, -253.127008613545229 ], [ 3881.514296532078333, -266.769580625797175 ], [ 3879.677796453505835, -274.115580940086716 ], [ 3884.137868072895799, -282.248652716621507 ], [ 3886.499082459631609, -299.564224886018224 ], [ 3886.236725305549953, -311.632653973779497 ], [ 3879.415439299424179, -321.077511520723192 ], [ 3876.791867758606259, -328.948226143176214 ], [ 3877.841296374933336, -340.229583768692237 ], [ 3876.004796296361292, -345.739084004409392 ], [ 3872.85651044738006, -351.24858424012649 ], [ 3869.445867444317173, -358.069870246252492 ], [ 3864.723438670844189, -365.415870560542032 ], [ 3862.099867130026723, -374.598370953403901 ], [ 3853.704438199410106, -377.746656802385132 ], [ 3848.719652271856376, -385.879728578919924 ], [ 3844.784294960630177, -393.225728893209407 ], [ 3838.487723262667714, -401.621157823826024 ], [ 3836.126508875931904, -405.031800826889025 ], [ 3832.191151564705251, -415.001372681996202 ], [ 3830.092294332051097, -419.199087147304454 ], [ 3821.696865401434479, -422.347372996285685 ], [ 3818.023865244289482, -428.11923038608461 ], [ 3813.563793624899517, -429.431016156493456 ], [ 3809.890793467754975, -431.52987338914761 ], [ 3804.381293232037933, -436.252302162619401 ], [ 3800.183578766729624, -434.153444929965247 ], [ 3794.411721376930473, -433.628730621801765 ], [ 3789.951649757540508, -432.054587697311149 ], [ 3788.377506833049665, -427.069801769757532 ], [ 3788.639863987131776, -423.921515920776301 ], [ 3785.491578138150544, -423.396801612612762 ], [ 3784.179792367741811, -422.085015842203916 ], [ 3782.343292289169312, -419.723801455467992 ], [ 3763.715934349363579, -378.271371110548671 ], [ 3749.548648028948264, -334.588904955934197 ], [ 3732.626611590674202, -328.161154680930906 ], [ 3749.548648028949174, -334.457726378893369 ] ] ] } },
{ "type": "Feature", "properties": { "code": "iacutia", "name": "Iacutia", "capital": null, "culture": null, "civs": null, "provinceType": "land", "terrain": "taiga", "mapTypes": null, "resources": null, "religion": null, "population": "low" }, "geometry": { "type": "Polygon", "coordinates": [ [ [ 3319.326641527188713, -0.411479944279648 ], [ 3571.889128523238014, 0.069508171536942 ], [ 3729.281557876125589, -328.183017777101895 ], [ 3706.806295009787391, -362.508078769466579 ], [ 3672.437507825077319, -366.049900349570407 ], [ 3587.958504210747833, -341.563232635272129 ], [ 3564.87107465155259, -293.989135361778153 ], [ 3552.977550333178897, -261.107038716863201 ], [ 3453.631641320882864, -212.833322365817878 ], [ 3345.890303377969758, -113.487413353521589 ], [ 3319.326641527188713, -0.411479944279648 ] ] ] } },
{ "type": "Feature", "properties": { "code": "amur", "name": "Amur", "capital": null, "culture": null, "civs": null, "provinceType": "land", "terrain": "plains", "mapTypes": null, "resources": null, "religion": null, "population": "low" }, "geometry": { "type": "Polygon", "coordinates": [ [ [ 3350.237779913792565, -115.769423284762965 ], [ 3232.377608933326883, -142.227829015071649 ], [ 3195.496194885017758, -241.647292971383081 ], [ 3310.149286383021717, -266.502158960460918 ], [ 3353.444859396254287, -320.220740291693687 ], [ 3410.370520209948609, -338.66144731584825 ], [ 3503.375825201336738, -306.590652491231651 ], [ 3570.724494333031544, -305.788882620616221 ], [ 3555.490866791338703, -262.493309607383821 ], [ 3454.467863093796495, -214.387117370458981 ], [ 3350.237779913792565, -115.769423284762965 ] ] ] } },
{ "type": "Feature", "properties": { "code": "iceland", "name": "Iceland", "capital": null, "culture": null, "civs": null, "provinceType": "land", "terrain": "taiga", "mapTypes": null, "resources": null, "religion": null, "population": "low" }, "geometry": { "type": "Polygon", "coordinates": [ [ [ 1258.652486226355222, -215.768182638603861 ], [ 1265.748066088740188, -213.263860334232731 ], [ 1268.461081918475429, -212.429086232775688 ], [ 1265.748066088740188, -209.507376877676052 ], [ 1258.443792700991025, -207.629135149397712 ], [ 1253.643841617613134, -209.29868335231177 ], [ 1248.009116432778001, -205.124812845026554 ], [ 1254.061228668341528, -201.159635863105621 ], [ 1258.861179751719646, -199.490087660191534 ], [ 1264.704598461918977, -195.733604203634854 ], [ 1271.174097748210897, -194.272749526085022 ], [ 1274.513194154039184, -190.516266069528342 ], [ 1278.47837113596006, -193.229281899263725 ], [ 1282.652241643245361, -196.568378305091898 ], [ 1282.026161067152543, -201.994409964562664 ], [ 1279.730532288145696, -209.089989826947516 ], [ 1281.191386965695528, -209.924763928404559 ], [ 1285.156563947616405, -208.255215725490473 ], [ 1288.704353878808888, -204.081345218205257 ], [ 1289.956515030994296, -201.368329388469874 ], [ 1289.956515030994296, -201.368329388469874 ], [ 1301.017271875300139, -205.54219989575509 ], [ 1312.286722244970179, -206.376973997212133 ], [ 1322.30401146245481, -208.463909250854726 ], [ 1327.521349596561322, -201.159635863105621 ], [ 1334.199542408217667, -201.78571643919841 ], [ 1342.12989637205942, -205.959586946483626 ], [ 1346.721153930073342, -210.550844504497348 ], [ 1347.347234506165933, -219.315972569796287 ], [ 1342.755976948152238, -222.863762500988713 ], [ 1349.225476234444386, -227.455020059002436 ], [ 1350.060250335901401, -233.089745243837456 ], [ 1340.251654643781194, -241.854873309136394 ], [ 1334.199542408217667, -247.072211443242907 ], [ 1331.069139527753578, -248.741759646156993 ], [ 1308.321545263049302, -252.915630153442237 ], [ 1300.182497773843124, -255.837339508541845 ], [ 1295.173853165100809, -252.706936628077955 ], [ 1285.99133804907342, -255.628645983177591 ], [ 1279.104451712052878, -258.967742389005764 ], [ 1268.87846896920405, -252.498243102713701 ], [ 1259.069873277083843, -247.072211443242907 ], [ 1255.104696295162967, -239.559244530129547 ], [ 1244.878713552314139, -234.759293446751542 ], [ 1251.139519313241863, -228.915874736552269 ], [ 1256.148163921984178, -227.66371358436669 ], [ 1254.061228668341528, -221.402907823438881 ], [ 1248.426503483506622, -217.020343790789411 ], [ 1245.504794128406957, -217.020343790789411 ], [ 1246.756955280592365, -213.681247384961239 ], [ 1260.948115005362069, -214.307327961054028 ], [ 1258.652486226355222, -215.768182638603861 ] ] ] } },
{ "type": "Feature", "properties": { "code": "nile_delta", "name": "Nile Delta", "capital": "Alexandria", "culture": "egyptian", "civs": "ptol", "provinceType": "land", "terrain": "rivers", "mapTypes": null, "resources": null, "religion": null, "population": "high" }, "geometry": { "type": "Polygon", "coordinates": [ [ [ 2059.070416070307601, -753.806177718339654 ], [ 2068.905098453097708, -745.745390301144653 ], [ 2071.409420757468979, -745.119309725051835 ], [ 2076.000678315482673, -740.945439217766648 ], [ 2078.296307094489748, -739.901971590945323 ], [ 2086.435354583695698, -737.606342811938475 ], [ 2091.026612141709393, -736.980262235845657 ], [ 2095.200482648994694, -738.858503964123997 ], [ 2102.087368986015463, -736.980262235845657 ], [ 2104.382997765022083, -737.188955761209968 ], [ 2106.46993301866496, -739.275891014852618 ], [ 2115.652448134692349, -739.484584540216815 ], [ 2122.774114687747897, -747.310591741376697 ], [ 2135.713113260332193, -745.432350013098358 ], [ 2142.599999597352507, -748.562752893562333 ], [ 2119.043717921860207, -756.936580598803516 ], [ 2112.730738779593139, -756.597453620086185 ], [ 2092.826593797974965, -757.562661174896789 ], [ 2056.592180456605092, -762.206092114251078 ], [ 2027.349000214940133, -764.658241037280845 ], [ 2027.7663872656683, -762.414785639615388 ], [ 2032.148951298317797, -746.8149446186369 ], [ 2041.227119651663088, -747.07581152534226 ], [ 2050.957455271771778, -749.501873757701333 ], [ 2055.000892325704172, -753.075750379564738 ], [ 2059.070416070307601, -753.806177718339654 ] ] ] } },
{ "type": "Feature", "properties": { "code": "lower_egypt", "name": "Lower Egypt", "capital": null, "culture": null, "civs": "ptol", "provinceType": null, "terrain": "land", "mapTypes": "desert", "resources": null, "religion": null, "population": "high" }, "geometry": { "type": "Polygon", "coordinates": [ [ [ 2134.017478366746673, -817.11857597572191 ], [ 2050.957455271770868, -823.379381736649748 ], [ 2027.453346977622687, -764.449547511916649 ], [ 2075.270250976706393, -759.284382759151413 ], [ 2093.557021136749881, -757.51048779355574 ], [ 2112.678565398250157, -756.519193548075009 ], [ 2119.356758209907184, -756.832233836121418 ], [ 2118.000250295038768, -769.249498595294881 ], [ 2111.895964678134987, -777.518979537853738 ], [ 2112.939432304956426, -776.318991767009265 ], [ 2118.208943820403874, -781.11894285038727 ], [ 2118.20894382040342, -793.118820558832226 ], [ 2132.869663977242453, -807.727367334330438 ], [ 2136.417453908434709, -815.057727412749955 ], [ 2134.017478366746673, -817.11857597572191 ] ] ] } },
{ "type": "Feature", "properties": { "code": "upper_egypt ", "name": "Upper Egypt ", "capital": null, "culture": null, "civs": "ptol", "provinceType": "land", "terrain": "desert", "mapTypes": null, "resources": null, "religion": null, "population": "high" }, "geometry": { "type": "Polygon", "coordinates": [ [ [ 2051.140062106464939, -823.614161952685095 ], [ 2134.513125489486811, -817.144662666392946 ], [ 2136.600060743129688, -815.05772741275041 ], [ 2143.278253554784897, -822.988081376592163 ], [ 2142.860866504056503, -830.918435340434144 ], [ 2148.495591688891636, -837.596628152090489 ], [ 2149.956446366441469, -842.39657923546838 ], [ 2153.086849246905331, -852.831255503681405 ], [ 2160.59981616001869, -861.5963835689804 ], [ 2162.686751413660659, -864.100705873351444 ], [ 2161.225896736110826, -869.526737532822267 ], [ 2162.269364362932265, -878.083172072756952 ], [ 2171.243185953595457, -886.013526036598932 ], [ 2175.834443511609152, -889.770009493155612 ], [ 2185.016958627636541, -916.900167790509499 ], [ 2182.930023373994118, -922.326199449980209 ], [ 2183.556103950088072, -924.621828228987624 ], [ 2047.905312463318978, -912.726297283224312 ], [ 2055.626972901794943, -851.370400826131686 ], [ 2051.140062106464939, -823.614161952685095 ] ] ] } },
{ "type": "Feature", "properties": { "code": "kush", "name": "Kush", "capital": "Napata", "culture": "kushite", "civs": "kush", "provinceType": "land", "terrain": "semi_arid", "mapTypes": null, "resources": null, "religion": null, "population": "high" }, "geometry": { "type": "Polygon", "coordinates": [ [ [ 2048.740086564775993, -911.891523181767752 ], [ 2038.722797347291362, -941.526003783492683 ], [ 2024.531637622521657, -962.81274337064724 ], [ 1999.071027528081686, -996.203707428928851 ], [ 2066.687729746102377, -1030.846832639396098 ], [ 2126.374078000280861, -1027.090349182839418 ], [ 2140.982624775778731, -993.2819980738293 ], [ 2158.512880906376722, -964.064904522832762 ], [ 2160.182429109290752, -930.25655341382253 ], [ 2165.191073718033294, -922.743586500709171 ], [ 2048.740086564775993, -911.891523181767752 ] ] ] } },
{ "type": "Feature", "properties": { "code": "judea", "name": "Judea", "capital": null, "culture": null, "civs": "sele", "provinceType": "land", "terrain": "semi_arid", "mapTypes": null, "resources": null, "religion": null, "population": "high" }, "geometry": { "type": "Polygon", "coordinates": [ [ [ 2179.956140637555109, -705.780580193888795 ], [ 2195.608155039875328, -712.458773005544913 ], [ 2195.347288133169059, -721.093467617491683 ], [ 2193.364699642208961, -725.319511506118033 ], [ 2189.243002516264369, -734.006379499404943 ], [ 2184.182184526182027, -732.832478419231052 ], [ 2179.173539917439484, -739.928058281615904 ], [ 2177.086604663797061, -747.232331669364953 ], [ 2159.817215439903975, -738.806330582783062 ], [ 2165.451940624739109, -734.684633456838924 ], [ 2163.78239242182508, -732.232484533808815 ], [ 2175.625749986247229, -720.415213660057475 ], [ 2176.043137036975168, -717.102203944899884 ], [ 2178.860499629393416, -713.528327323036933 ], [ 2178.808326248051799, -709.484890269104426 ], [ 2180.008314018896272, -707.710995303508184 ], [ 2179.956140637555109, -705.780580193888795 ] ] ] } },
{ "type": "Feature", "properties": { "code": "nabatean", "name": "Nabatean", "capital": "Petra", "culture": null, "civs": null, "provinceType": "land", "terrain": "desert", "mapTypes": null, "resources": null, "religion": null, "population": "high" }, "geometry": { "type": "Polygon", "coordinates": [ [ [ 2117.191562884253472, -771.101653632902867 ], [ 2118.861111087167501, -774.701616945436285 ], [ 2120.895872959469216, -779.814608316860699 ], [ 2123.45236864518165, -786.284107603152847 ], [ 2128.826226923310969, -789.727550771663118 ], [ 2130.287081600860802, -797.397037828799739 ], [ 2133.626178006689315, -802.301335674859729 ], [ 2144.113027656243503, -810.336036401383808 ], [ 2146.0956161472036, -812.944705468437064 ], [ 2150.42600679851239, -811.744717697592478 ], [ 2156.999852847486636, -795.466622719180123 ], [ 2164.825860048646064, -778.797227380709842 ], [ 2168.582343505202516, -775.249437449517359 ], [ 2166.70410177692429, -783.597178464087847 ], [ 2165.660634150102851, -791.110145377201206 ], [ 2161.069376592089156, -798.205725239586059 ], [ 2157.938973711625295, -803.840450424421078 ], [ 2156.686812559439659, -808.223014457070576 ], [ 2165.243247099374457, -807.388240355613561 ], [ 2167.956262929109926, -814.066433167269906 ], [ 2171.712746385666378, -820.535932453561941 ], [ 2242.251157958786735, -815.318594319455542 ], [ 2242.668545009515128, -710.971831637325295 ], [ 2229.833893199613613, -699.076300691562324 ], [ 2210.112355052690873, -698.450220115469619 ], [ 2201.973307563484468, -700.745848894476467 ], [ 2195.503808277192547, -712.641379840239324 ], [ 2195.347288133169059, -718.850012219825885 ], [ 2195.295114751828351, -720.467387041398979 ], [ 2189.243002516264823, -733.615079139347472 ], [ 2183.921317619476213, -732.884651800572556 ], [ 2179.121366536098321, -740.08457842563962 ], [ 2177.034431282455898, -746.971464762660162 ], [ 2160.234602490632824, -739.562844612228901 ], [ 2152.356421908131324, -746.397557567908393 ], [ 2142.391306071987856, -747.962759008140324 ], [ 2142.339132690647148, -748.954053253620486 ], [ 2119.278498137896349, -756.675713692098157 ], [ 2117.191562884253472, -771.101653632902867 ] ] ] } },
{ "type": "Feature", "properties": { "code": "cyrenaica", "name": "Cyrenaica", "capital": "Cyrene", "culture": null, "civs": "mace", "provinceType": "land", "terrain": "desert", "mapTypes": null, "resources": null, "religion": null, "population": "high" }, "geometry": { "type": "Polygon", "coordinates": [ [ [ 1873.646218784162556, -752.449669803471807 ], [ 1870.724509429062891, -787.09279501393894 ], [ 1894.515571320588379, -799.614406535794501 ], [ 1904.115473487344389, -794.605761927052299 ], [ 1916.637085009199836, -806.292599347450732 ], [ 1950.862823168938576, -837.179241101361185 ], [ 2056.044359952525156, -843.85743391301753 ], [ 2051.453102394511461, -822.570694325863087 ], [ 2028.079427553714595, -766.640829528241511 ], [ 2033.505459213185304, -746.60625109327259 ], [ 2026.149012444094978, -744.936702890358561 ], [ 2024.166423953134426, -742.093253607270526 ], [ 2022.653395894243658, -740.175881842986314 ], [ 2004.131845518165846, -736.836785437158142 ], [ 1995.836277884936635, -738.819373928118694 ], [ 1991.036326801558516, -737.306345869227812 ], [ 1990.35807284412499, -731.202060252323122 ], [ 1984.410307371243562, -729.845552337455388 ], [ 1978.827755567749591, -730.889019964276713 ], [ 1971.001748366589936, -725.93254873687556 ], [ 1963.59312821615822, -726.610802694309427 ], [ 1959.262737564849658, -723.428226432504403 ], [ 1960.149685047647836, -719.045662399854905 ], [ 1955.036693676223422, -714.976138655251816 ], [ 1943.193336111801727, -711.741389012105856 ], [ 1930.097817395194397, -710.645748003943368 ], [ 1911.993654069844752, -716.176126426096289 ], [ 1904.637207300754653, -721.184771034838491 ], [ 1898.167708014462733, -728.436871041246491 ], [ 1898.741615209214388, -735.428104140949245 ], [ 1899.732909454694891, -738.401986877390073 ], [ 1901.872018089678477, -740.801962419079018 ], [ 1901.506804420291019, -748.627969620238787 ], [ 1886.533043975405235, -758.801778981746452 ], [ 1880.585278502523806, -756.558323584080654 ], [ 1873.646218784162556, -752.449669803471807 ] ] ] } },
{ "type": "Feature", "properties": { "code": "tripolitania", "name": "Tripolitania", "capital": "Tripoli", "culture": null, "civs": null, "provinceType": "land", "terrain": "desert", "mapTypes": null, "resources": null, "religion": null, "population": "medium" }, "geometry": { "type": "Polygon", "coordinates": [ [ [ 1741.543217228584808, -691.706810577136253 ], [ 1726.986843834427418, -702.037140082667065 ], [ 1706.01314453531927, -710.176187571873129 ], [ 1687.387247396559587, -737.410692631909228 ], [ 1711.804389864177892, -754.001827898367992 ], [ 1732.77808916328604, -758.697432219063785 ], [ 1736.847612907889243, -757.758311354924672 ], [ 1747.804022989512987, -769.027761724594711 ], [ 1788.499260435543647, -778.73201065403282 ], [ 1830.133618745713648, -789.062340159563746 ], [ 1869.576695039558899, -787.810179007378224 ], [ 1870.828856191744308, -786.949318215250628 ], [ 1873.959259072208397, -752.593146602159322 ], [ 1868.089753671338713, -747.975802353475046 ], [ 1858.620284957935382, -744.923659545022701 ], [ 1849.77689682062487, -738.662853784094864 ], [ 1833.420541770200998, -738.428073568060086 ], [ 1826.338005253151323, -731.228146942993135 ], [ 1824.733673776913747, -718.863055565160721 ], [ 1820.077199492223599, -715.889172828720007 ], [ 1809.668609914681156, -714.95005196458078 ], [ 1806.538207034217294, -714.167451244464814 ], [ 1796.833958104779185, -707.789255375519588 ], [ 1788.694910615573008, -706.537094223334066 ], [ 1783.881916186859598, -705.050152855113538 ], [ 1775.781998733659293, -708.45446598761805 ], [ 1769.364672828707853, -706.497964187328307 ], [ 1762.751696743727962, -700.080638282377208 ], [ 1755.356119938631991, -699.611077850307652 ], [ 1753.164837922307242, -697.341535761971272 ], [ 1753.438748174347893, -691.941590793171031 ], [ 1750.934425869976621, -690.493779460956489 ], [ 1753.086577850295726, -686.4242557163534 ], [ 1750.386605365895775, -683.685153195947464 ], [ 1747.021422269397135, -684.311233772040282 ], [ 1744.36057982100283, -686.111215428306991 ], [ 1744.830140253072386, -688.732927840695538 ], [ 1741.543217228584808, -691.706810577136253 ] ] ] } },
{ "type": "Feature", "properties": { "code": "carthage", "name": "Carthage", "capital": null, "culture": null, "civs": "cart", "provinceType": "land", "terrain": "desert", "mapTypes": null, "resources": null, "religion": null, "population": "high" }, "geometry": { "type": "Polygon", "coordinates": [ [ [ 1743.548631573882631, -690.347041825935548 ], [ 1736.730222799870717, -687.324246544486641 ], [ 1734.499810747540323, -683.411242943906814 ], [ 1734.1867704594938, -678.246078191141351 ], [ 1740.01714582435784, -674.763504986625321 ], [ 1750.738775689947033, -667.524448325552612 ], [ 1755.610465172668228, -662.378848590790199 ], [ 1757.019146468877125, -653.613720525491203 ], [ 1748.254018403578129, -644.535552172145799 ], [ 1748.410538547601163, -640.622548571565858 ], [ 1754.045263732436524, -638.744306843287518 ], [ 1757.175666612900386, -633.266101802475646 ], [ 1759.67998891727143, -626.692255753501513 ], [ 1755.610465172668455, -623.248812584991128 ], [ 1745.280135667137529, -629.353098201895818 ], [ 1742.932333506789519, -622.622732008898311 ], [ 1731.819403281142513, -622.779252152921572 ], [ 1722.271674495727666, -624.657493881199912 ], [ 1711.002224126057399, -628.257457193733444 ], [ 1707.089220525477458, -626.848775897524661 ], [ 1701.924055772712109, -629.509618345918966 ], [ 1697.854532028108906, -626.848775897524661 ], [ 1692.063286699250739, -624.814014025223059 ], [ 1682.202517625789369, -627.787896761663887 ], [ 1670.776547112095614, -631.231339930174158 ], [ 1664.359221207145538, -628.100937049710183 ], [ 1654.654972277707202, -636.553024826962769 ], [ 1685.332920506253686, -647.509434908586513 ], [ 1714.132627006521943, -644.379032028122651 ], [ 1720.080392479403372, -654.08328095756076 ], [ 1721.645593919635303, -673.49177881643709 ], [ 1730.244419331909967, -699.816510539338879 ], [ 1743.548631573882631, -690.347041825935548 ] ] ] } },
{ "type": "Feature", "properties": { "code": "numidia", "name": "Numidia", "capital": "Cirta", "culture": null, "civs": "cart", "provinceType": "land", "terrain": "desert", "mapTypes": null, "resources": null, "religion": null, "population": "medium" }, "geometry": { "type": "Polygon", "coordinates": [ [ [ 1529.1258167711037, -653.144160093421533 ], [ 1530.221457779266075, -667.544013343555662 ], [ 1557.612482983325663, -699.004562292218225 ], [ 1622.72486289697531, -697.752401140032589 ], [ 1670.306986680026966, -724.047785335929575 ], [ 1690.967645691088819, -732.812913401228684 ], [ 1706.541400021396612, -709.960972373842083 ], [ 1727.280319104470209, -702.213225244693831 ], [ 1730.254201840911037, -699.787163012334304 ], [ 1722.036894279693115, -670.322245899967811 ], [ 1720.158652551414889, -653.418070345462638 ], [ 1714.523927366579755, -644.496422136140382 ], [ 1685.254660434241941, -647.47030487258121 ], [ 1655.828873357881093, -636.826935079003761 ], [ 1664.124440991110532, -628.061807013704765 ], [ 1650.50718846109271, -628.061807013704879 ], [ 1642.05510068384001, -629.470488309913662 ], [ 1635.794294922912286, -625.087924277264165 ], [ 1631.255210746239527, -624.461843701171347 ], [ 1627.342207145659586, -628.061807013704879 ], [ 1621.394441672778157, -627.279206293588913 ], [ 1617.794478360244739, -626.027045141403278 ], [ 1612.785833751502423, -628.844407733820844 ], [ 1606.994588422644028, -631.348730038192002 ], [ 1601.0468229497626, -630.09656888600648 ], [ 1593.846896324695535, -631.035689750145593 ], [ 1588.994771859976481, -631.348730038192002 ], [ 1583.360046675141575, -632.444371046354377 ], [ 1576.786200626167329, -637.60953579911984 ], [ 1571.151475441332195, -638.079096231189396 ], [ 1566.299350976613141, -642.461660263838894 ], [ 1560.351585503731712, -642.305140119815746 ], [ 1556.438581903151771, -641.052978967630224 ], [ 1552.995138734641387, -644.496422136140495 ], [ 1547.673453837852776, -642.774700551885303 ], [ 1538.908325772553781, -646.061623576372426 ], [ 1537.812684764391406, -649.661586888905958 ], [ 1529.1258167711037, -653.144160093421533 ] ] ] } },
{ "type": "Feature", "properties": { "code": "mauretania", "name": "Mauretania", "capital": null, "culture": null, "civs": "cart", "provinceType": "land", "terrain": "desert", "mapTypes": null, "resources": null, "religion": null, "population": "low" }, "geometry": { "type": "Polygon", "coordinates": [ [ [ 1373.808921355084976, -741.666084047540949 ], [ 1405.582510591793834, -765.92670637113622 ], [ 1425.617089026763097, -750.274691968816683 ], [ 1447.216868901964062, -738.692201311100121 ], [ 1468.503608489118733, -731.805314974079465 ], [ 1475.077454538092979, -717.718502011991859 ], [ 1498.242435853526104, -709.892494810831977 ], [ 1557.407050294294095, -698.310004153115528 ], [ 1530.64210566632778, -667.319015636522522 ], [ 1529.546464658165405, -652.136561666272542 ], [ 1525.007380481492646, -653.85828325052762 ], [ 1518.903094864587956, -651.823521378226133 ], [ 1514.050970399868902, -651.667001234202871 ], [ 1512.016208527567414, -649.162678929831827 ], [ 1508.964065719114842, -647.049656985518595 ], [ 1500.198937653815847, -651.667001234202871 ], [ 1495.816373621166349, -649.945279649947793 ], [ 1483.13824195528764, -653.466982890469808 ], [ 1477.894817130510546, -652.293081810295803 ], [ 1473.433993025849304, -649.788759505924645 ], [ 1468.034048057049176, -643.840994033043216 ], [ 1452.186383474700733, -643.058393312927251 ], [ 1448.429900018144053, -647.440957345576749 ], [ 1445.925577713772782, -652.293081810295803 ], [ 1439.821292096868092, -661.527770307664355 ], [ 1430.899643887546063, -672.484180389288099 ], [ 1413.056347468901777, -681.092788310563947 ], [ 1402.256457531300839, -684.849271767120626 ], [ 1390.047886297491686, -693.457879688396474 ], [ 1391.769607881747106, -699.092604873231608 ], [ 1380.187117224030544, -714.431578987504849 ], [ 1377.995835207705795, -726.640150221314116 ], [ 1380.187117224030544, -730.396633677870796 ], [ 1373.808921355084976, -741.666084047540949 ] ] ] } },
{ "type": "Feature", "properties": { "code": "fezzan", "name": "Fezzan", "capital": "Garamante", "culture": null, "civs": "cart", "provinceType": "land", "terrain": "desert", "mapTypes": null, "resources": null, "religion": null, "population": "medium" }, "geometry": { "type": "Polygon", "coordinates": [ [ [ 1688.062240517658211, -738.222640879030678 ], [ 1630.149787229075628, -770.46579054780932 ], [ 1605.732644761456868, -803.02198050463403 ], [ 1611.367369946292911, -828.378243836391903 ], [ 1644.549640479210439, -867.195239554144564 ], [ 1680.862313892592056, -880.969012228185761 ], [ 1784.791689523994137, -911.020879880639427 ], [ 1859.295278079035597, -912.899121608917767 ], [ 1866.964765136171991, -891.455861877739835 ], [ 1871.347329168821489, -786.743885526221561 ], [ 1830.182531290721045, -788.778647398523049 ], [ 1748.165975822566452, -769.057109251600309 ], [ 1737.366085884965969, -757.944179025953304 ], [ 1731.731360700130608, -758.883299890092644 ], [ 1711.696782265161346, -753.874655281350442 ], [ 1688.062240517658211, -738.222640879030678 ] ] ] } },
{ "type": "Feature", "properties": { "code": "aksum", "name": "Aksum", "capital": null, "culture": null, "civs": "kush", "provinceType": "land", "terrain": "mountainous", "mapTypes": null, "resources": null, "religion": null, "population": "medium" }, "geometry": { "type": "Polygon", "coordinates": [ [ [ 2165.761720076454822, -922.603370538354739 ], [ 2182.352855342913699, -924.16857197858667 ], [ 2184.231097071190561, -933.442390511961094 ], [ 2191.509283768270507, -938.333645012685906 ], [ 2197.613569385174287, -944.672710845625261 ], [ 2198.552690249313855, -952.342197902761768 ], [ 2200.978752481673382, -956.959542151446158 ], [ 2202.309173705870307, -961.655146472141951 ], [ 2206.535217594496316, -969.089853313244021 ], [ 2206.222177306449794, -976.446300082334233 ], [ 2212.326462923354484, -986.46358929981875 ], [ 2213.422103931516631, -991.628754052584213 ], [ 2219.526389548421321, -992.56787491672344 ], [ 2222.813312572908671, -995.541757653164154 ], [ 2225.630675165326011, -998.67216053362813 ], [ 2231.734960782230701, -998.359120245581721 ], [ 2246.604374464435296, -1011.624202451547603 ], [ 2256.934703969965994, -1023.050172965240904 ], [ 2262.569429154800218, -1034.671793658963225 ], [ 2271.334557220099214, -1036.236995099195155 ], [ 2276.969282404934347, -1052.202049789561215 ], [ 2270.395436355960101, -1055.958533246117895 ], [ 2262.569429154800218, -1056.584613822210713 ], [ 2240.343568703506207, -1084.44519945833963 ], [ 2233.456682366485438, -1099.471133284566577 ], [ 2177.735511094228059, -1109.801462790097503 ], [ 2142.361958544985555, -1120.757872871721247 ], [ 2104.484083691372234, -1114.184026822747001 ], [ 2111.684010316439071, -1075.367031104994567 ], [ 2126.396903854619268, -1050.949888637375807 ], [ 2125.770823278526677, -1027.158826745850092 ], [ 2141.344577608834697, -991.980924376636381 ], [ 2158.327013235351387, -962.985567696339558 ], [ 2159.2661340994905, -929.490256875375621 ], [ 2165.057379428349122, -922.642500574360497 ], [ 2165.761720076454822, -922.603370538354739 ] ] ] } },
{ "type": "Feature", "properties": { "code": "crete", "name": "Crete", "capital": null, "culture": "greek", "civs": "athen", "provinceType": "land", "terrain": "island", "mapTypes": null, "resources": null, "religion": null, "population": "medium" }, "geometry": { "type": "Polygon", "coordinates": [ [ [ 1985.747292616635832, -682.349014921035973 ], [ 1987.04163289854182, -677.171653793411565 ], [ 1989.917944636111088, -675.302051163991678 ], [ 1992.506625199923292, -677.027838206533147 ], [ 1995.670568111249167, -676.30876027214083 ], [ 1998.690695435696853, -675.445866750870096 ], [ 1998.403064261940017, -678.897440835953034 ], [ 2002.429900694536627, -680.335596704737554 ], [ 2005.881474779619566, -678.897440835953034 ], [ 2008.326339756553352, -677.459284967168514 ], [ 2014.07896323169166, -677.74691614092535 ], [ 2016.380012621747028, -678.753625249074616 ], [ 2018.393430838045333, -679.47270318346682 ], [ 2022.420267270642171, -679.616518770345351 ], [ 2023.714607552548159, -678.465994075317667 ], [ 2026.159472529481945, -678.753625249074616 ], [ 2026.015656942603528, -682.636646094792923 ], [ 2028.029075158901833, -683.355724029185126 ], [ 2029.035784267050985, -680.335596704737554 ], [ 2032.199727178377088, -681.054674639129871 ], [ 2034.93222332906771, -678.897440835953034 ], [ 2036.801825958487825, -679.760334357223769 ], [ 2035.795116850338445, -686.951113701146596 ], [ 2030.761571309592455, -688.10163839617428 ], [ 2023.570791965669741, -689.683609851837218 ], [ 2007.463446235282618, -691.840843655014055 ], [ 2006.888183887768719, -687.670191635538913 ], [ 2002.429900694536627, -687.670191635538913 ], [ 1997.252539566912219, -687.382560461781964 ], [ 1988.76741994108329, -686.663482527389647 ], [ 1984.884399095365097, -685.512957832362076 ], [ 1985.747292616635832, -682.349014921035973 ] ] ] } },
{ "type": "Feature", "properties": { "code": "you", "name": "You", "capital": null, "culture": "chinese", "civs": "han", "provinceType": "land", "terrain": "plains", "mapTypes": null, "resources": null, "religion": null, "population": "high" }, "geometry": { "type": "Polygon", "coordinates": [ [ [ 3562.968768454380097, -501.549954011956174 ], [ 3563.007898490386196, -506.793378836733268 ], [ 3547.864574556141633, -506.715118764721922 ], [ 3532.916900801926658, -508.593360493000262 ], [ 3515.269254563310824, -489.850073246221768 ], [ 3490.539071807645996, -489.850073246221768 ], [ 3481.14786316625441, -481.084945180922773 ], [ 3476.45225884555839, -476.702381148273275 ], [ 3506.817166786059261, -464.102509554406538 ], [ 3536.242953862420109, -449.702656304272466 ], [ 3578.033832316612006, -455.493901633130463 ], [ 3618.024729114539696, -437.102784710404876 ], [ 3622.015992787131381, -443.520110615355634 ], [ 3618.455159510602698, -458.037353973507209 ], [ 3610.70741238145456, -461.95035757408715 ], [ 3608.046569933061164, -472.554597331658726 ], [ 3602.333584676214741, -475.371959924076236 ], [ 3595.485828375199617, -477.406721796377781 ], [ 3592.9815060708288, -477.758892120429948 ], [ 3588.207641678121036, -487.502271085873929 ], [ 3586.485920093865843, -490.632673966337848 ], [ 3582.259876205239379, -491.493534758465444 ], [ 3573.103447779882572, -492.197875406569835 ], [ 3569.112184107290886, -489.928333318233513 ], [ 3563.086158562397941, -495.641318575080163 ], [ 3562.968768454380097, -501.549954011956174 ] ] ] } },
{ "type": "Feature", "properties": { "code": "qing", "name": "Qing", "capital": null, "culture": "chinese", "civs": "han", "provinceType": "land", "terrain": "plains", "mapTypes": null, "resources": null, "religion": null, "population": "high" }, "geometry": { "type": "Polygon", "coordinates": [ [ [ 3563.360068814437454, -506.245558332652024 ], [ 3548.2558749161999, -506.480338548687143 ], [ 3532.995160873937493, -508.280320204953568 ], [ 3538.316845770726104, -538.488708001430268 ], [ 3554.907981037184982, -541.306070593847835 ], [ 3572.438237167782972, -543.497352610172584 ], [ 3585.272888977684943, -541.775631025917392 ], [ 3640.837540105919288, -531.914861952456022 ], [ 3642.55926169017448, -527.062737487736968 ], [ 3635.672375353154166, -521.2714921588788 ], [ 3628.31592858406384, -523.619294319226697 ], [ 3622.368163111182184, -525.184495759458628 ], [ 3617.51603864646313, -516.575887838182894 ], [ 3604.211826404491603, -516.106327406113337 ], [ 3602.177064532189888, -522.680173455087584 ], [ 3596.855379635401277, -526.593177055667411 ], [ 3590.594573874473554, -530.349660512224091 ], [ 3583.707687537453239, -527.375777775783376 ], [ 3583.551167393429751, -522.993213743133992 ], [ 3587.777211282056214, -519.549770574623608 ], [ 3586.838090417917101, -514.541125965881406 ], [ 3584.803328545615386, -510.784642509324669 ], [ 3578.072962352618106, -510.002041789208704 ], [ 3573.690398319968608, -512.036803661510248 ], [ 3571.342596159620371, -513.28896481369577 ], [ 3563.360068814437454, -506.245558332652024 ] ] ] } },
{ "type": "Feature", "properties": { "code": "xu", "name": "Xu", "capital": null, "culture": "chinese", "civs": "han", "provinceType": "land", "terrain": "plains", "mapTypes": null, "resources": null, "religion": null, "population": "high" }, "geometry": { "type": "Polygon", "coordinates": [ [ [ 3576.349026855198645, -542.886484760733083 ], [ 3569.3860943593304, -558.836326724446167 ], [ 3576.742541128420726, -566.349293637559526 ], [ 3561.403567014147484, -572.453579254464216 ], [ 3545.908072755851208, -569.63621666204665 ], [ 3542.151589299294301, -564.784092197327595 ], [ 3537.299464834575247, -569.323176374000241 ], [ 3547.473274196082002, -588.575154088853424 ], [ 3546.847193619989412, -608.296692235776163 ], [ 3569.699134647376013, -612.366215980379252 ], [ 3571.577376375654239, -629.270391534884425 ], [ 3576.89906127244285, -622.383505197863769 ], [ 3588.794592218205707, -620.818303757631838 ], [ 3595.368438267179954, -618.000941165214272 ], [ 3601.90315428014901, -624.026966710107331 ], [ 3606.207458240786764, -627.235629662582824 ], [ 3616.96821814238092, -628.957351246838016 ], [ 3625.733346207679915, -632.713834703394696 ], [ 3637.628877153442772, -637.096398736044193 ], [ 3635.750635425164546, -623.322626062002996 ], [ 3629.059399268172911, -620.231353217544893 ], [ 3623.424674083337777, -611.153184864199488 ], [ 3621.66382246307694, -610.487974252100912 ], [ 3619.785580734798714, -600.157644746569986 ], [ 3615.089976414102694, -600.470685034616395 ], [ 3612.272613821685354, -591.079476393224581 ], [ 3613.52477497387099, -582.3143483279257 ], [ 3603.194445468339836, -581.375227463786473 ], [ 3598.811881435690339, -577.305703719183384 ], [ 3593.490196538901728, -576.679623143090566 ], [ 3593.177156250855205, -571.357938246301956 ], [ 3600.377082875922497, -564.158011621234891 ], [ 3606.637888636850221, -560.71456845272462 ], [ 3610.707412381453196, -556.958084996167941 ], [ 3617.594298718473965, -548.819037506961763 ], [ 3623.542064191355166, -545.375594338451492 ], [ 3632.307192256654162, -542.871272034080334 ], [ 3639.194078593674931, -543.810392898219447 ], [ 3641.38536060999968, -532.853982816595817 ], [ 3641.072320321953157, -531.758341808433329 ], [ 3576.349026855198645, -542.886484760733083 ] ] ] } },
{ "type": "Feature", "properties": { "code": "minyue", "name": "Minyue", "capital": null, "culture": null, "civs": "han", "provinceType": "land", "terrain": "tropical_forest", "mapTypes": null, "resources": null, "religion": null, "population": "high" }, "geometry": { "type": "Polygon", "coordinates": [ [ [ 3639.9766793137901, -640.539841904554805 ], [ 3622.44642318319211, -631.618193695232549 ], [ 3617.281258430426533, -629.583431822931061 ], [ 3604.916167052594119, -627.54866995062946 ], [ 3595.837998699248601, -619.096582173376873 ], [ 3591.298914522576069, -619.409622461423282 ], [ 3583.003346889346631, -621.91394476579444 ], [ 3577.055581416465429, -622.540025341887258 ], [ 3571.733896519676364, -629.583431822931061 ], [ 3553.107999380916226, -652.435372850317663 ], [ 3552.481918804823181, -658.6961786112455 ], [ 3535.577743250318235, -662.765702355848589 ], [ 3523.369172016508855, -653.374493714456776 ], [ 3513.664923087070747, -647.426728241575347 ], [ 3503.021553293493525, -655.565775730781525 ], [ 3496.390591326080084, -666.070721313805507 ], [ 3492.352103378481843, -670.194875840101986 ], [ 3485.888939377120096, -678.930466749103743 ], [ 3479.655774674555232, -686.703227173567825 ], [ 3480.64970522016165, -694.472170795777515 ], [ 3475.787048233457426, -702.521818937740477 ], [ 3468.900161896436657, -715.66951103568897 ], [ 3470.521819647064149, -747.521430450066646 ], [ 3470.778403624714883, -772.642843460132326 ], [ 3525.247413744787082, -766.382037699204488 ], [ 3527.125655473067127, -773.581964324271553 ], [ 3535.5777432503196, -785.164454981988001 ], [ 3542.777669875386891, -787.042696710266455 ], [ 3553.577559812987147, -792.833942039124622 ], [ 3565.316570614725606, -787.042696710266455 ], [ 3584.725068473601823, -772.642843460132326 ], [ 3607.263969212942357, -754.486506753441631 ], [ 3616.655177854333942, -739.460572927214798 ], [ 3618.533419582612169, -734.451928318472483 ], [ 3626.672467071818573, -719.42599449224565 ], [ 3631.055031104468071, -706.278302394297157 ], [ 3637.315836865395795, -710.03478585085395 ], [ 3644.828803778509155, -697.513174328998161 ], [ 3645.4548843546022, -686.869804535420826 ], [ 3651.089609539437333, -663.078742643894998 ], [ 3643.576642626323519, -643.670244785018667 ], [ 3639.9766793137901, -640.539841904554805 ] ] ] } },
{ "type": "Feature", "properties": { "code": "ji", "name": "Ji", "capital": null, "culture": "chinese", "civs": "han", "provinceType": "land", "terrain": null, "mapTypes": null, "resources": null, "religion": null, "population": "high" }, "geometry": { "type": "Polygon", "coordinates": [ [ [ 3490.61733187965865, -490.084853462255978 ], [ 3480.756562806197053, -492.432655622603932 ], [ 3477.939200213779714, -506.36294844066839 ], [ 3485.765207414939596, -510.11943189722507 ], [ 3480.913082950220087, -544.240823294281881 ], [ 3507.521507434163595, -555.197233375905626 ], [ 3530.68648874959672, -548.936427614977788 ], [ 3528.182166445225448, -536.414816093122113 ], [ 3539.451616814895715, -534.536574364843773 ], [ 3533.112550981955792, -508.554230456993082 ], [ 3515.347514635323023, -489.615293030186365 ], [ 3490.61733187965865, -490.084853462255978 ] ] ] } },
{ "type": "Feature", "properties": { "code": "yu", "name": "Yu", "capital": null, "culture": "chinese", "civs": "han", "provinceType": "land", "terrain": null, "mapTypes": null, "resources": null, "religion": null, "population": "high" }, "geometry": { "type": "Polygon", "coordinates": [ [ [ 3511.289124653464569, -583.144454273532119 ], [ 3483.832764402851808, -585.389456511598837 ], [ 3472.02724123417147, -594.121089207587829 ], [ 3473.373804332485179, -614.899977599334193 ], [ 3494.532608535751024, -626.875208345800729 ], [ 3497.167634234006073, -635.443282899660176 ], [ 3515.589913308267114, -652.057233287646568 ], [ 3536.361839474551289, -663.202162336015022 ], [ 3552.922036134713835, -658.5324133388051 ], [ 3553.389880452954458, -652.206761242838184 ], [ 3572.065978809468106, -629.518998934631441 ], [ 3569.992380434177448, -612.103196424062617 ], [ 3547.339534989294407, -608.193137639133056 ], [ 3547.47998020175919, -598.125296640274428 ], [ 3512.54517946488204, -593.011558338914597 ], [ 3511.289124653464569, -583.144454273532119 ] ] ] } },
{ "type": "Feature", "properties": { "code": "jing", "name": "Jing", "capital": null, "culture": "chinese", "civs": "han", "provinceType": "land", "terrain": null, "mapTypes": null, "resources": null, "religion": null, "population": "high" }, "geometry": { "type": "Polygon", "coordinates": [ [ [ 3366.648370100731881, -794.003269806567459 ], [ 3356.303066921667323, -769.141010365988109 ], [ 3370.812389578672537, -719.479257250000842 ], [ 3356.490798574148357, -713.819040982543129 ], [ 3360.007087802013757, -696.542658778496616 ], [ 3367.881630478744228, -664.430120454702092 ], [ 3368.443128507087295, -649.297665290247664 ], [ 3389.945164668179586, -643.645648270332117 ], [ 3389.914064607110504, -636.106703946919538 ], [ 3378.001599625815288, -622.065579135050257 ], [ 3427.367619340129295, -590.093839550616508 ], [ 3474.963478390714045, -595.356822985651434 ], [ 3474.838512503404218, -615.478863353961401 ], [ 3495.529543093808115, -627.495018988649917 ], [ 3497.513587382766673, -635.805810984897676 ], [ 3511.86627844836039, -649.004971575767968 ], [ 3503.171471016822579, -655.579035602757472 ], [ 3494.737762945150735, -668.729213468621992 ], [ 3480.320397713258444, -687.116434268800958 ], [ 3480.873837904818629, -695.238151854473472 ], [ 3469.339097512398894, -716.044182094276266 ], [ 3471.470725680678242, -772.73441404222433 ], [ 3463.278608725325284, -794.033592752576055 ], [ 3366.648370100731881, -794.003269806567459 ] ] ] } },
{ "type": "Feature", "properties": { "code": "sili", "name": "Sili", "capital": null, "culture": "chinese", "civs": "han", "provinceType": null, "terrain": null, "mapTypes": null, "resources": null, "religion": null, "population": "high" }, "geometry": { "type": "Polygon", "coordinates": [ [ [ 3481.331133470906934, -543.775646556943229 ], [ 3459.673031361435733, -562.010759621756165 ], [ 3434.857704833976641, -558.525570454959734 ], [ 3418.711952291126636, -539.198561394528497 ], [ 3404.772326910006996, -537.904232180444296 ], [ 3397.513848779249656, -555.508013490266308 ], [ 3372.893321865747566, -561.432863098328198 ], [ 3348.187128373546784, -559.195070232495596 ], [ 3342.737544572097249, -561.557263342604756 ], [ 3342.232662873268055, -568.357509866136638 ], [ 3351.79466797273426, -573.491427790090938 ], [ 3356.468445888335737, -578.424538075189957 ], [ 3363.202392665958541, -581.763344710002229 ], [ 3370.571770822343296, -581.5899617407199 ], [ 3388.890924886244193, -582.658249869019755 ], [ 3408.375625474664957, -582.681857736338088 ], [ 3429.674804185015546, -590.873974691691046 ], [ 3472.016020458865569, -595.339735596203582 ], [ 3484.221109093371979, -585.787555323890274 ], [ 3512.429808773272725, -583.162495863546042 ], [ 3508.035012881473904, -554.480155956643898 ], [ 3481.331133470906934, -543.775646556943229 ] ] ] } },
{ "type": "Feature", "properties": { "code": "yi", "name": "Yi", "capital": null, "culture": "chinese", "civs": "han", "provinceType": "land", "terrain": null, "mapTypes": null, "resources": null, "religion": null, "population": "high" }, "geometry": { "type": "Polygon", "coordinates": [ [ [ 3340.856625293497018, -568.792133606043762 ], [ 3311.620845195035145, -565.065211912170071 ], [ 3298.242435020742505, -573.777336364611642 ], [ 3282.56813148225001, -574.205952079620147 ], [ 3268.698622649294066, -577.30479317772415 ], [ 3251.043808802582134, -601.788620975636491 ], [ 3241.95678668821165, -648.77633190627364 ], [ 3231.088436324865597, -686.178571280884626 ], [ 3239.398945499596721, -709.333435822905813 ], [ 3214.185820496682027, -722.851796272009551 ], [ 3219.900037638735739, -759.431721079927115 ], [ 3246.079527106926434, -778.509364008772195 ], [ 3257.150027867222434, -790.110262736342975 ], [ 3274.808375694673487, -797.992439017582228 ], [ 3314.327258850062208, -811.503731505210112 ], [ 3325.327784472952771, -806.142005505102702 ], [ 3336.718192145273861, -794.46144822373185 ], [ 3367.667233756433689, -794.42476437003927 ], [ 3356.670949168072639, -769.305222371848231 ], [ 3371.7357618285223, -718.809280050129132 ], [ 3357.258246286377016, -713.162705412078708 ], [ 3369.319567843818277, -662.458180436237626 ], [ 3371.204445335429682, -649.880951005480256 ], [ 3391.404518677928991, -643.714368870341218 ], [ 3391.502059895665752, -635.849933842280393 ], [ 3379.190029448545374, -622.629356606735541 ], [ 3429.097897536896653, -589.667503278949539 ], [ 3408.361983845257328, -582.525933198718008 ], [ 3362.748260682504679, -581.960194135844972 ], [ 3357.179860429401742, -577.576707240051292 ], [ 3352.153308550336988, -572.203106600905471 ], [ 3343.466417544824708, -568.09245229325802 ], [ 3340.856625293497018, -568.792133606043762 ] ] ] } },
{ "type": "Feature", "properties": { "code": "bing", "name": "Bing", "capital": null, "culture": "chinese", "civs": "han", "provinceType": "land", "terrain": "plans", "mapTypes": null, "resources": null, "religion": null, "population": "high" }, "geometry": { "type": "Polygon", "coordinates": [ [ [ 3342.959007940764877, -555.638834326633059 ], [ 3338.946142742152915, -547.800195897171307 ], [ 3329.910690947561761, -543.983978762571724 ], [ 3311.852452038971023, -539.421580968367607 ], [ 3305.575945843586396, -532.036914171997182 ], [ 3307.595388638320856, -508.314794723349678 ], [ 3282.980494799758162, -493.896935072236204 ], [ 3276.523113805294997, -478.594302835286044 ], [ 3278.040804485688113, -466.688801557278168 ], [ 3286.95582664304311, -451.576830558880772 ], [ 3292.911916209613082, -437.747447448639207 ], [ 3305.94135135354054, -434.560089920749817 ], [ 3328.834391572644108, -436.76497512971423 ], [ 3335.091022731769044, -422.076968532319427 ], [ 3435.560708655474173, -439.054366175471444 ], [ 3485.846159921943581, -453.509122314847787 ], [ 3496.132125580561478, -468.71381454473061 ], [ 3477.207685998404031, -476.889886531895002 ], [ 3491.587660322812553, -490.400896198006308 ], [ 3481.022783345771586, -492.660706382181445 ], [ 3478.518095211311902, -506.234870370994599 ], [ 3486.503325797531943, -510.406912010974906 ], [ 3481.928502563140228, -545.216004776116051 ], [ 3460.399041732474871, -563.125627136280741 ], [ 3434.424035294635814, -558.956306687232996 ], [ 3418.447848918813634, -539.771580535014891 ], [ 3405.356054372832205, -539.188665861996469 ], [ 3398.612141357298697, -555.490484353225384 ], [ 3373.436124440350795, -562.249523167018992 ], [ 3348.811780724594428, -560.947277526909261 ], [ 3342.959007940764877, -555.638834326633059 ] ] ] } },
{ "type": "Feature", "properties": { "code": "donghu", "name": "Donghu", "capital": null, "culture": null, "civs": "han", "provinceType": "land", "terrain": "steppes", "mapTypes": null, "resources": null, "religion": null, "population": "low" }, "geometry": { "type": "Polygon", "coordinates": [ [ [ 3412.328664322551049, -434.753759361928189 ], [ 3457.492999741085896, -403.226073775251336 ], [ 3434.615912941369061, -330.176466026542073 ], [ 3503.837511997315687, -306.205351307326737 ], [ 3570.807645345162655, -305.742054096073957 ], [ 3587.995239332003621, -341.5506072950472 ], [ 3672.471627627879116, -366.033668773551767 ], [ 3673.169622459188304, -365.967270290537897 ], [ 3622.534372587193957, -444.355345272025943 ], [ 3617.940505044196925, -437.676562360698597 ], [ 3578.315562040640543, -455.731231998497947 ], [ 3536.193372129303043, -450.117703056509811 ], [ 3496.057274477304418, -469.1554981924873 ], [ 3485.760496157693979, -453.847531419484767 ], [ 3435.428362122489034, -439.22698862843157 ], [ 3412.328664322551049, -434.753759361928189 ] ] ] } },
{ "type": "Feature", "properties": { "code": "lusitania", "name": "Lusitania", "capital": null, "culture": null, "civs": "iber", "provinceType": "land", "terrain": "hills", "mapTypes": null, "resources": null, "religion": null, "population": "medium" }, "geometry": { "type": "Polygon", "coordinates": [ [ [ 1435.975215113981449, -610.372894989181987 ], [ 1435.24108324461713, -600.976007061319365 ], [ 1437.590305226582814, -597.599000462243794 ], [ 1440.23317995629418, -596.718042219006634 ], [ 1443.830426116181116, -593.542921884006319 ], [ 1445.225276667971229, -589.340016931895775 ], [ 1442.288749190513954, -581.594925710102757 ], [ 1452.126116239995099, -577.630613615535708 ], [ 1466.143695733902632, -574.261390753493288 ], [ 1466.17616038226106, -561.486551624601475 ], [ 1466.33156791219335, -549.917135547034718 ], [ 1461.963483289476699, -539.088690473911697 ], [ 1427.899764550974623, -523.231442095643501 ], [ 1421.439404100568936, -525.28701132986339 ], [ 1420.154673329181605, -530.774647053361264 ], [ 1419.053475525135127, -534.81237233486479 ], [ 1417.364972225597285, -536.721115195211837 ], [ 1416.704253543169443, -540.244948168160363 ], [ 1416.116948047678079, -542.006864654634569 ], [ 1415.38281617831376, -541.052493224461045 ], [ 1413.400660131030236, -545.383871253710254 ], [ 1412.813354635538872, -546.118003123074459 ], [ 1409.142695288717505, -550.449381152323667 ], [ 1405.618862315769093, -552.064471264925032 ], [ 1405.839101876578297, -555.00099874238208 ], [ 1404.150598577040455, -558.304592154521288 ], [ 1402.902574399121249, -563.516928427007542 ], [ 1401.948202968947726, -566.526869091401068 ], [ 1404.884730446404774, -569.022917447239593 ], [ 1404.444251324786137, -574.161840532789483 ], [ 1404.884730446404774, -576.878128449437213 ], [ 1409.950240345018074, -576.217409767009372 ], [ 1409.730000784208869, -584.953579012444152 ], [ 1409.876827158082278, -594.203640566433933 ], [ 1408.628802980163073, -596.479449361463139 ], [ 1407.968084297735004, -598.975497717301664 ], [ 1405.912515063515229, -602.646157064122917 ], [ 1403.196227146867386, -605.509271354643602 ], [ 1402.608921651376022, -608.519212019037127 ], [ 1406.793473306752276, -609.767236196956333 ], [ 1409.362934849527164, -608.005319710482127 ], [ 1412.666528261666372, -608.372385645164286 ], [ 1417.144732664788535, -610.060888944702128 ], [ 1420.301499703054787, -611.529152683430652 ], [ 1423.605093115193995, -613.804961478459859 ], [ 1427.569405209761044, -613.07082960909554 ], [ 1430.652759061091047, -611.235499935684857 ], [ 1435.975215113981449, -610.372894989181987 ] ] ] } },
{ "type": "Feature", "properties": { "code": "iberia", "name": "Iberia", "capital": null, "culture": null, "civs": "iber", "provinceType": "land", "terrain": "hills", "mapTypes": null, "resources": null, "religion": null, "population": "medium" }, "geometry": { "type": "Polygon", "coordinates": [ [ [ 1515.041217444515269, -630.726701067306863 ], [ 1509.682054798156514, -611.088673561812357 ], [ 1530.090920766483123, -593.909987818688478 ], [ 1545.214037275386772, -569.389983381921752 ], [ 1524.071039437696072, -544.135847075791162 ], [ 1531.99966362683017, -529.159556940760126 ], [ 1557.547452680706556, -522.699196490354552 ], [ 1575.753923040940435, -539.437403111859794 ], [ 1607.468419797476827, -547.659680048739574 ], [ 1606.293808806494098, -557.643873472093674 ], [ 1592.198476914699995, -559.993095454059358 ], [ 1582.507936239091805, -562.635970183770723 ], [ 1581.626977995854531, -569.389983381921979 ], [ 1580.746019752617485, -571.73920536388755 ], [ 1577.515839527414755, -570.858247120650503 ], [ 1575.460270293194753, -574.382080093598915 ], [ 1568.11895159955202, -582.604357030478695 ], [ 1562.833202140129288, -588.477411985392905 ], [ 1568.045538412615542, -603.563821900828998 ], [ 1560.043501036544967, -607.418014214991103 ], [ 1550.793439482555186, -620.338735115802251 ], [ 1549.545415304635981, -626.028257103375495 ], [ 1544.700144966831886, -626.468736224994132 ], [ 1537.579065833998584, -627.533227435571916 ], [ 1531.99966362683017, -628.414185678809076 ], [ 1528.84289658856369, -635.131492283492435 ], [ 1521.428164707984706, -640.747601084128746 ], [ 1513.205887771104926, -637.517420858926016 ], [ 1515.041217444515269, -630.726701067306863 ] ] ] } },
{ "type": "Feature", "properties": { "code": "baetica", "name": "Baetica", "capital": null, "culture": null, "civs": "iber", "provinceType": "land", "terrain": null, "mapTypes": null, "resources": null, "religion": null, "population": "medium" }, "geometry": { "type": "Polygon", "coordinates": [ [ [ 1436.195454674792927, -609.693823010020424 ], [ 1435.020843683810199, -600.884240577649166 ], [ 1437.663718413521565, -598.167952661001436 ], [ 1440.74707226485134, -596.185796613717912 ], [ 1444.05150252625117, -592.961028207729782 ], [ 1445.151863481037026, -589.358370228630179 ], [ 1442.168552921484434, -581.273754798832442 ], [ 1452.427381802627679, -577.183209105718333 ], [ 1466.257322003156332, -573.936744269913561 ], [ 1488.539056960464904, -591.927831771405181 ], [ 1503.808999843241736, -601.471546073140644 ], [ 1509.828881172028787, -610.574781253257584 ], [ 1515.261457005324246, -630.836820847711351 ], [ 1513.646366892722881, -638.178139541354085 ], [ 1504.836784460351737, -636.563049428752606 ], [ 1501.606604235149007, -634.8011329422784 ], [ 1493.677980046014909, -634.067001072914081 ], [ 1489.126362455956496, -632.598737334185557 ], [ 1485.162050361389447, -633.039216455804194 ], [ 1472.681808582196709, -634.213827446787036 ], [ 1469.818694291676138, -641.555146140429656 ], [ 1457.191626138611127, -641.591852733897781 ], [ 1451.979289866124418, -635.535264811642719 ], [ 1449.336415136413052, -626.138376883780097 ], [ 1448.602283267048733, -620.11849555499316 ], [ 1445.225276667973048, -615.860530712680315 ], [ 1437.883957974330542, -611.308913122621902 ], [ 1436.195454674792927, -609.693823010020424 ] ] ] } },
{ "type": "Feature", "properties": { "code": "basque", "name": "Basque", "capital": null, "culture": null, "civs": "iber", "provinceType": "land", "terrain": "hills", "mapTypes": null, "resources": null, "religion": null, "population": "medium" }, "geometry": { "type": "Polygon", "coordinates": [ [ [ 1492.72360861584184, -481.110626090869061 ], [ 1496.981573458154571, -482.285237081851903 ], [ 1503.735586656305713, -483.459848072834745 ], [ 1506.378461386017079, -485.51541730705469 ], [ 1512.838821836422767, -484.340806316071848 ], [ 1516.069002061625497, -486.690028298037475 ], [ 1522.38253613815823, -486.983681045783214 ], [ 1530.60481307503801, -490.801166766477422 ], [ 1534.275472421859376, -489.62655577549458 ], [ 1538.82709001191779, -492.122604131333105 ], [ 1539.85487462902779, -495.499610730408676 ], [ 1546.462061453306205, -495.793263478154415 ], [ 1552.188290034347347, -494.618652487171573 ], [ 1556.886733998278714, -493.884520617807311 ], [ 1595.942549448457839, -517.670393185209605 ], [ 1571.49595819862725, -535.473091017292973 ], [ 1555.455176853018202, -524.204166822551542 ], [ 1532.183196594171704, -529.416503095037797 ], [ 1500.762352585381223, -499.317096451102771 ], [ 1487.694805310697348, -496.086916225899984 ], [ 1492.72360861584184, -481.110626090869061 ] ] ] } },
{ "type": "Feature", "properties": { "code": "tarraco", "name": "Tarraco", "capital": null, "culture": null, "civs": "iber", "provinceType": "land", "terrain": null, "mapTypes": null, "resources": null, "religion": null, "population": "medium" }, "geometry": { "type": "Polygon", "coordinates": [ [ [ 1571.459251605160489, -535.436384423825189 ], [ 1596.199495602736988, -516.936261315845854 ], [ 1633.346568192568611, -518.404525054574378 ], [ 1635.695790174534295, -520.46009428879438 ], [ 1632.612436323204292, -522.368837149141427 ], [ 1632.906089070950202, -527.507760234691204 ], [ 1630.410040715111563, -530.003808590529729 ], [ 1631.584651706094519, -535.14273167607962 ], [ 1634.374352809678612, -537.932432779663827 ], [ 1633.8237539076556, -541.052493224462069 ], [ 1629.565789065342869, -541.19931959833491 ], [ 1630.813813243262075, -547.402733894462926 ], [ 1626.739381368290196, -550.522794339261054 ], [ 1621.04985938071718, -552.321417419203499 ], [ 1615.213511019271209, -553.973214125273103 ], [ 1609.707521999038818, -557.038214679869043 ], [ 1606.58746155424069, -557.955879516574441 ], [ 1606.220395619558531, -557.625520175360521 ], [ 1607.468419797477964, -547.824859719347501 ], [ 1575.79062963440947, -539.45575640859488 ], [ 1571.459251605160489, -535.436384423825189 ] ] ] } },
{ "type": "Feature", "properties": { "code": "ibossim", "name": "Ibossim", "capital": null, "culture": null, "civs": "cart", "provinceType": "land", "terrain": "island", "mapTypes": null, "resources": null, "religion": null, "population": "medium" }, "geometry": { "type": "Polygon", "coordinates": [ [ [ 1607.835485732160578, -594.772592765192258 ], [ 1605.633090124067849, -596.314269690857259 ], [ 1603.13704176822921, -592.717023530972369 ], [ 1605.559676937131371, -590.661454296752368 ], [ 1609.230336283952738, -588.679298249468843 ], [ 1611.799797826727627, -587.35786088461316 ], [ 1618.260158277133087, -586.623729015248955 ], [ 1621.123272567653885, -588.679298249468843 ], [ 1620.022074763607407, -590.734867483688845 ], [ 1625.234411036093661, -590.881693857561686 ], [ 1629.125309943724233, -589.266603744960321 ], [ 1631.621358299562871, -586.84396857605816 ], [ 1638.889263806269128, -586.770555389121796 ], [ 1639.403156114824014, -592.496783970163051 ], [ 1636.319802263494239, -593.524568587273052 ], [ 1632.135250608117758, -589.780496053515321 ], [ 1624.353452792856615, -592.34995759629021 ], [ 1623.399081362683091, -594.919419139065099 ], [ 1618.847463772624451, -598.810318046695784 ], [ 1616.35141541678604, -601.526605963343513 ], [ 1612.827582443837628, -604.756786188546357 ], [ 1610.111294527189784, -602.848043328199196 ], [ 1612.093450574473309, -600.498821346233626 ], [ 1611.799797826727627, -598.296425738140783 ], [ 1610.698600022681148, -596.387682877793623 ], [ 1587.132967016088287, -599.69127628993283 ], [ 1584.490092286376921, -602.921456515135674 ], [ 1587.500032950770446, -607.986966413749087 ], [ 1589.849254932735903, -609.969122461032612 ], [ 1590.950452736782381, -605.050438936292039 ], [ 1590.28973405435454, -603.435348823690674 ], [ 1593.740153840366702, -601.746845524152832 ], [ 1593.593327466493747, -599.69127628993283 ], [ 1607.835485732160578, -594.772592765192258 ] ] ] } },
{ "type": "Feature", "properties": { "code": "med_west", "name": "Western Mediterranean", "capital": null, "culture": null, "civs": null, "provinceType": "sea", "terrain": null, "mapTypes": null, "resources": null, "religion": null, "population": null }, "geometry": { "type": "Polygon", "coordinates": [ [ [ 1724.614793778598596, -615.878531919530133 ], [ 1723.033727603711213, -624.732502498899521 ], [ 1710.279793792952887, -628.527061318629194 ], [ 1707.433874678155689, -627.262208378719379 ], [ 1701.742036448561066, -629.686509846879972 ], [ 1692.25563939923677, -625.048715733876975 ], [ 1670.858543832427358, -631.478384845085884 ], [ 1663.796448251263428, -628.105443671992816 ], [ 1650.462790176379713, -628.158145877822449 ], [ 1641.872330626158146, -629.422998817732378 ], [ 1635.653470338267653, -625.206822351365986 ], [ 1631.489996077730893, -624.627098087240597 ], [ 1627.484628434682691, -628.342603598225992 ], [ 1620.475235059348734, -627.130452864145695 ], [ 1617.945529179528876, -626.234515365042853 ], [ 1606.87806595531697, -631.768246977148692 ], [ 1601.05447221114855, -630.160829699346436 ], [ 1588.985667076174877, -631.3202782275971 ], [ 1583.372882155324533, -632.55878006459227 ], [ 1576.758755323712194, -637.72359623589125 ], [ 1571.251374814521114, -638.224267191272247 ], [ 1566.112909746136893, -642.756656892616093 ], [ 1560.368369310712751, -642.466794760553398 ], [ 1556.442054976409054, -641.122888511899077 ], [ 1552.542091745020343, -644.601234096651638 ], [ 1547.482679985380628, -643.072870127593887 ], [ 1539.103029258477591, -646.235002477368653 ], [ 1537.890878524397067, -649.871454679609656 ], [ 1529.353121180005246, -652.770076000236486 ], [ 1528.98420573919816, -652.559267176918183 ], [ 1524.662624861172617, -653.929524528487264 ], [ 1518.918084425748248, -652.032245118622427 ], [ 1513.62151273987547, -651.347116442837887 ], [ 1511.93504215332905, -649.212677106739875 ], [ 1509.036420832702106, -647.183642182301128 ], [ 1508.996894178329512, -647.170466630843634 ], [ 1500.221976907705084, -651.729207435102239 ], [ 1495.808167169477656, -649.990034642726187 ], [ 1483.416561023797613, -653.698952377982778 ], [ 1477.830127205862254, -652.434099438072849 ], [ 1473.03422647537036, -649.746286940764321 ], [ 1467.922112509901126, -644.159853122828849 ], [ 1459.80597281214591, -643.738235476192244 ], [ 1459.964079429634694, -641.52474283134984 ], [ 1469.582231993532787, -641.419338419690689 ], [ 1472.586257725818996, -633.685289714199826 ], [ 1489.213803665051273, -632.394085671375137 ], [ 1493.6934911605656, -633.922449640433001 ], [ 1501.888684167065321, -634.66028052204706 ], [ 1504.892709899351303, -636.491682174624998 ], [ 1513.970664853496373, -637.730184011620167 ], [ 1521.42802697838215, -640.338943200184417 ], [ 1528.700931382864155, -634.805211588078464 ], [ 1531.757659320979656, -628.112031447721847 ], [ 1549.360196068058713, -625.108005715435866 ], [ 1551.04666665460536, -618.889145427545486 ], [ 1560.427659292270619, -606.13521161678716 ], [ 1567.595159285093359, -603.078483678671546 ], [ 1562.324938702135569, -588.321866046389346 ], [ 1577.608578392713753, -569.981498417695548 ], [ 1580.349093095851913, -571.667969004242082 ], [ 1582.351776917375901, -561.970763131599483 ], [ 1606.383982775664435, -557.227564606937221 ], [ 1627.570269519155545, -549.322233732500194 ], [ 1630.837806280589348, -546.581719029362034 ], [ 1629.151335694042928, -541.100689623085827 ], [ 1633.36751216040966, -540.152049918153239 ], [ 1633.578320983727963, -537.095321980037511 ], [ 1631.575637162203748, -535.830469040127582 ], [ 1629.889166575657327, -529.822417575555505 ], [ 1632.629681278795488, -527.081902872417345 ], [ 1632.208063632158883, -522.233299936096046 ], [ 1636.213431275206858, -520.230616114572058 ], [ 1639.164754801663321, -520.546829349549512 ], [ 1642.116078328119784, -518.965763174662129 ], [ 1643.697144503007166, -517.7009102347522 ], [ 1650.443026849193529, -514.96039553161404 ], [ 1651.707879789103345, -517.595505823093049 ], [ 1656.76729154874306, -517.7009102347522 ], [ 1658.032144488652875, -519.387380821298734 ], [ 1660.8780636034503, -519.598189644617037 ], [ 1661.299681250086905, -516.225248471523969 ], [ 1665.621262128112448, -515.487417589909796 ], [ 1666.991519479681529, -514.96039553161404 ], [ 1666.780710656363226, -518.122527881388805 ], [ 1664.567218011520936, -520.125211702912793 ], [ 1668.361776831250609, -520.019807291253642 ], [ 1669.521225359501386, -523.498152876005975 ], [ 1673.948210649185967, -525.079219050893357 ], [ 1675.360323276239797, -525.544144274650534 ], [ 1675.999432361716799, -528.064605134266571 ], [ 1679.462479923927503, -527.36336157058156 ], [ 1686.917703744507662, -527.006652296869561 ], [ 1692.518039341785652, -525.330118710423335 ], [ 1693.588167162921536, -521.013936498508428 ], [ 1699.188502760199526, -519.658441258402831 ], [ 1703.21931755314472, -517.732211180358263 ], [ 1708.20464443841297, -512.74690288677175 ], [ 1716.636997371145753, -513.484733768385922 ], [ 1722.645048835717944, -511.587454358521029 ], [ 1726.755820890425184, -508.741535243723717 ], [ 1730.655784121814122, -504.525358777357326 ], [ 1735.082769411498703, -503.155101425788246 ], [ 1737.61247529131856, -503.260505837447397 ], [ 1737.29626205634122, -536.67370433340102 ], [ 1734.555747353202833, -535.725064628468544 ], [ 1731.499019415087105, -537.727748449992646 ], [ 1727.388247360379864, -538.57098374326597 ], [ 1725.596372362174179, -540.889880799767411 ], [ 1723.593688540650191, -545.738483736088824 ], [ 1724.226115010605099, -550.481682260750972 ], [ 1722.855857659036019, -551.64113078900175 ], [ 1724.858541480560234, -555.22488078541312 ], [ 1725.596372362174179, -558.597821958506302 ], [ 1726.650416478765919, -561.022123426666894 ], [ 1730.128762063518025, -563.762638129805055 ], [ 1732.026041473382975, -564.078851364782508 ], [ 1734.34493852988453, -565.449108716351589 ], [ 1732.816574560826666, -566.766663862091036 ], [ 1731.393615003428067, -568.136921213660116 ], [ 1727.967971624505253, -569.612582976888348 ], [ 1725.069350303878309, -571.351755769264514 ], [ 1722.592346629888198, -573.196332973299832 ], [ 1720.06264075006834, -573.934163854913891 ], [ 1716.004570901190618, -573.090928561640567 ], [ 1714.265398108814452, -574.408483707380128 ], [ 1713.896482668007593, -579.098980026212757 ], [ 1715.9518686953611, -580.521939583611356 ], [ 1717.901850311055568, -582.155707964328371 ], [ 1717.058615017782358, -589.428612368810377 ], [ 1718.112659134373871, -592.169127071948537 ], [ 1716.004570901190846, -592.432638101096472 ], [ 1715.424846637065457, -593.223171188540164 ], [ 1715.477548842894976, -595.80557927418954 ], [ 1717.901850311055568, -595.647472656700756 ], [ 1717.585637076078001, -598.809605006475522 ], [ 1716.636997371145753, -601.444715297954531 ], [ 1716.162677518679402, -603.763612354456086 ], [ 1714.950526784599106, -607.452766762526721 ], [ 1714.159993697155414, -609.718961613198644 ], [ 1714.107291491325668, -613.829733667905884 ], [ 1717.954552516885087, -616.83375940019198 ], [ 1724.614793778598596, -615.878531919530133 ] ] ] } },
{ "type": "Feature", "properties": { "code": "sea_korean", "name": "Jing hai ( East Sea)", "capital": null, "culture": null, "civs": null, "provinceType": "sea", "terrain": null, "mapTypes": null, "resources": null, "religion": null, "population": null }, "geometry": { "type": "Polygon", "coordinates": [ [ [ 3749.888098276337132, -578.677362379576607 ], [ 3786.568833533724046, -585.001627079126138 ], [ 3805.278116603225953, -560.073483721734988 ], [ 3813.921278359277039, -558.281608723529189 ], [ 3822.98605776196473, -559.651866075098269 ], [ 3829.521131284832791, -556.489733725323504 ], [ 3837.110248924292137, -555.962711667027747 ], [ 3849.44256508841363, -549.954660202455671 ], [ 3851.445248909937618, -555.962711667027747 ], [ 3858.401940079442284, -553.854623433844495 ], [ 3856.610065081236826, -545.738483736089279 ], [ 3863.145138604103977, -537.727748449993101 ], [ 3869.258594480334978, -528.662969047305296 ], [ 3866.518079777197272, -519.176571997981 ], [ 3870.312638596926718, -514.117160238341285 ], [ 3880.009844469569543, -510.955027888566519 ], [ 3876.847712119794778, -521.706277877800858 ], [ 3880.431462116206148, -526.976498460758762 ], [ 3885.280065052527334, -521.91708670111916 ], [ 3892.236756222032, -519.808998467935908 ], [ 3895.82050621844337, -517.068483764797747 ], [ 3898.139403274944925, -512.641498475113053 ], [ 3898.350212098263455, -509.90098377197495 ], [ 3902.355579741311431, -504.630763189016932 ], [ 3903.620432681221246, -502.311866132515433 ], [ 3909.312270910816096, -497.67407201951238 ], [ 3910.366315027407836, -480.598557330728511 ], [ 3913.528447377182601, -479.228299979159488 ], [ 3915.425726787047552, -474.695910277815585 ], [ 3914.582491493774342, -469.320285283198473 ], [ 3907.638975875733195, -465.683833080957982 ], [ 3907.00654940577806, -463.997362494411391 ], [ 3908.152822382566228, -461.309549997102181 ], [ 3911.011917048826035, -458.832546323112581 ], [ 3911.841976790637091, -446.131314718183205 ], [ 3916.795984138617769, -441.704329428498511 ], [ 3917.217601785254374, -437.59355737379127 ], [ 3923.331057661485374, -434.115211789038995 ], [ 3921.328373839961387, -430.109844145990962 ], [ 3915.847344433685066, -432.850358849129066 ], [ 3911.841976790637091, -434.536829435675656 ], [ 3903.83124150454023, -419.780211803393286 ], [ 3899.193447391535756, -421.150469154962423 ], [ 3897.190763570011768, -417.355910335232693 ], [ 3901.775855477184905, -412.454605193081761 ], [ 3902.250175329651029, -405.603318435236361 ], [ 3908.890653264177672, -399.700671382323435 ], [ 3908.310929000052511, -396.643943444207821 ], [ 3905.465009885254858, -394.746664034342928 ], [ 3906.519054001846598, -390.056167715510355 ], [ 3915.478428992876616, -388.949421393089096 ], [ 3924.121590748927701, -389.581847863044061 ], [ 3924.754017218882836, -376.300891993989922 ], [ 3922.435120162381281, -360.068612598479376 ], [ 3919.062178989287986, -354.376774368884753 ], [ 3916.427068697808863, -332.663465567097774 ], [ 3909.891995174941258, -310.106921472037641 ], [ 3902.19747312382151, -301.674568539304857 ], [ 3899.45695842068335, -284.282840615543535 ], [ 3895.675575152417423, -274.058612684605578 ], [ 3875.635561385713572, -226.626627437983132 ], [ 3871.735598154324634, -230.421186257712861 ], [ 3876.057179032350177, -234.321149489101771 ], [ 3877.21662756060141, -250.237215649634948 ], [ 3882.170634908582088, -253.39934799940977 ], [ 3879.113906970466815, -275.112656801196692 ], [ 3883.857105495128963, -282.912583263974511 ], [ 3885.965193728311988, -311.898796470243383 ], [ 3879.430120205443018, -319.909531756339504 ], [ 3876.373392267327745, -329.290524394004706 ], [ 3877.63824520723756, -339.936369971579836 ], [ 3869.416701097823079, -357.907822159466548 ], [ 3864.357289338184273, -365.496939798926064 ], [ 3861.985690075853199, -374.245505966636301 ], [ 3853.553337143120643, -377.56574493389985 ], [ 3844.593962152091535, -392.796682418648459 ], [ 3835.845395984381412, -404.654678730303885 ], [ 3830.048153343127524, -418.989678715949594 ], [ 3821.563098204564994, -422.204513271553935 ], [ 3809.876384061856243, -431.519628151932352 ], [ 3804.237248038090911, -436.10472005910583 ], [ 3800.205529292128176, -434.128387340496602 ], [ 3790.0867057728492, -432.046650210228279 ], [ 3788.61104400962131, -423.983212718302468 ], [ 3781.232735193480039, -417.658948018752881 ], [ 3768.689610206040015, -439.477661232198955 ], [ 3755.303249925326782, -449.174867104841667 ], [ 3758.465382275101547, -454.972109746095498 ], [ 3759.097808745056682, -464.089591354612764 ], [ 3750.770860223983163, -467.726043556853824 ], [ 3748.056696623759763, -471.626006788242762 ], [ 3739.571641485197233, -474.471925903040074 ], [ 3737.252744428695678, -479.742146485998035 ], [ 3729.558222377577295, -480.796190602589604 ], [ 3725.28934370538127, -483.273194276579886 ], [ 3724.709619441255654, -487.91098838958294 ], [ 3738.583475125893074, -502.891590396641107 ], [ 3741.521623100893066, -515.592822001569971 ], [ 3743.208093687439941, -518.649549939685585 ], [ 3749.426953975330434, -520.968446996187026 ], [ 3753.22151279505988, -526.027858755826742 ], [ 3756.3836451448351, -534.565616100218676 ], [ 3757.121476026448818, -540.468263153131602 ], [ 3755.013387793266702, -551.219513142366168 ], [ 3756.120134115687961, -556.173520490346618 ], [ 3756.699858379813122, -559.072141810973562 ], [ 3755.224196616584322, -563.868042541465343 ], [ 3756.067431909857532, -570.613924887651592 ], [ 3749.888098276337132, -578.677362379576607 ] ] ] } },
{ "type": "Feature", "properties": { "code": "dong_hai", "name": "Dong Hai (East China Sea)", "capital": null, "culture": null, "civs": null, "provinceType": "sea", "terrain": null, "mapTypes": null, "resources": null, "religion": null, "population": null }, "geometry": { "type": "Polygon", "coordinates": [ [ [ 3786.344849158953821, -585.014802630584882 ], [ 3748.557367579145648, -578.611484622290959 ], [ 3743.076338172869328, -583.038469911975653 ], [ 3743.287146996187857, -586.200602261750419 ], [ 3738.175033030718623, -588.466797112422341 ], [ 3735.856135974217068, -585.62087799762503 ], [ 3734.538580828477734, -584.039811822737647 ], [ 3732.430492595294254, -583.723598587760193 ], [ 3732.588599212783265, -585.093855939329273 ], [ 3727.687294070632561, -591.576227256367588 ], [ 3721.1522205477645, -589.520841229013968 ], [ 3704.761834534765057, -601.220730923180781 ], [ 3699.755124980953497, -599.323451513316172 ], [ 3692.851136017278805, -598.691025043361151 ], [ 3690.584941166606768, -591.470822844708778 ], [ 3695.433544102927954, -588.308690494933899 ], [ 3693.588966898892977, -584.039811822737988 ], [ 3693.430860281403966, -577.715547123188344 ], [ 3698.859187481850768, -571.865602276105051 ], [ 3699.333507334316892, -568.43995889718235 ], [ 3704.761834534763693, -562.695418461758095 ], [ 3704.867238946422731, -559.849499346960783 ], [ 3698.75378307019173, -555.475216263105722 ], [ 3698.595676452702719, -549.730675827681466 ], [ 3691.006558813243373, -549.414462592704012 ], [ 3694.484904397995706, -541.087514071630267 ], [ 3703.233470565705829, -542.721282452347282 ], [ 3706.474656224224873, -539.05847914719152 ], [ 3705.7368253426107, -537.055795325667532 ], [ 3700.361200347993872, -534.736898269165977 ], [ 3700.361200347993872, -530.09910415616298 ], [ 3702.574692992835935, -525.145096808182529 ], [ 3691.191016533646689, -524.934287984864227 ], [ 3683.391090070868813, -530.520721802799699 ], [ 3682.337045954277528, -526.093736513114891 ], [ 3681.17759742602675, -523.037008574999277 ], [ 3674.115501844863047, -521.877560046748499 ], [ 3671.058773906747319, -517.0289571104272 ], [ 3676.592505518852249, -508.596604177694132 ], [ 3683.285685659208866, -508.333093148546254 ], [ 3684.023516540823039, -506.910133591147599 ], [ 3678.964104781183323, -499.373718157517658 ], [ 3682.442450365935656, -488.780574785772217 ], [ 3677.804656252932546, -489.729214490704692 ], [ 3673.693884198225533, -489.571107873215908 ], [ 3666.315575382084262, -490.467045372318807 ], [ 3662.837229797330565, -484.353589496087579 ], [ 3645.023884226932296, -489.044085814920209 ], [ 3639.384748203167419, -489.149490226579303 ], [ 3635.379380560118989, -497.160225512675424 ], [ 3629.476733507206063, -501.270997567382665 ], [ 3616.511990873129434, -501.587210802360119 ], [ 3615.563351168197187, -497.476438747652878 ], [ 3621.044380574473507, -493.049453457968184 ], [ 3627.684858509000605, -492.73324022299073 ], [ 3617.355226166403099, -485.354931406849573 ], [ 3630.342259580421796, -472.145462575668148 ], [ 3631.705774811459833, -469.691135159799728 ], [ 3634.430740855187651, -466.698350543178151 ], [ 3632.111843798686095, -457.844379963808763 ], [ 3623.047064395998405, -460.795703490265225 ], [ 3618.198461459677219, -457.633571140490403 ], [ 3610.187726173580813, -462.060556430175097 ], [ 3607.658020293762092, -472.495593184432209 ], [ 3593.006807073139043, -477.555004944071868 ], [ 3586.366329138611945, -490.730556401466799 ], [ 3573.190777681216787, -492.311622576354182 ], [ 3569.501623273146379, -489.676512284875173 ], [ 3563.071954161937356, -495.579159337788155 ], [ 3562.861145338618826, -506.277707121192805 ], [ 3571.477955991755152, -513.418856011100843 ], [ 3578.092082823367946, -510.072265940922591 ], [ 3584.758911860809803, -510.941852337110674 ], [ 3586.78794678524855, -514.657357848096012 ], [ 3587.86834200475505, -519.453258578587793 ], [ 3583.23054789175103, -522.852550854595734 ], [ 3583.652165538387635, -527.911962614235335 ], [ 3590.608856707891846, -530.652477317373496 ], [ 3602.677661842865746, -522.852550854595734 ], [ 3604.522239046902087, -516.422881743386938 ], [ 3617.486981680978715, -516.791797184194024 ], [ 3622.38828682312942, -525.698469969393045 ], [ 3635.669242692183616, -521.640400120515324 ], [ 3641.993507391733147, -527.068727320962125 ], [ 3640.886761069311433, -532.075436874772095 ], [ 3641.255676510118519, -533.129480991363721 ], [ 3638.567864012809878, -543.775326568938794 ], [ 3632.507110342407941, -542.615878040688131 ], [ 3621.492349324025326, -546.515841272077182 ], [ 3616.959959622681254, -549.04554715189704 ], [ 3606.419518456765218, -560.850841257722891 ], [ 3599.568231698920044, -564.539995665793526 ], [ 3593.349371411029551, -571.391282423638813 ], [ 3593.033158176051984, -577.399333888211004 ], [ 3599.146614052283439, -578.137164769825063 ], [ 3602.941172872012885, -582.142532412873152 ], [ 3612.849187567974241, -582.458745647850606 ], [ 3611.900547863042448, -591.945142697174902 ], [ 3616.327533152727028, -600.79911327654429 ], [ 3620.227496384115966, -601.642348569817614 ], [ 3621.281540500707706, -610.707127972505305 ], [ 3624.127459615504904, -612.077385324074385 ], [ 3629.186871375144619, -620.825951491784735 ], [ 3635.51113607469415, -624.093488253218652 ], [ 3638.146246366173273, -640.114958825410895 ], [ 3643.521871360790101, -644.436539703436438 ], [ 3651.216393411910303, -664.357973507017846 ], [ 3643.838084595769487, -691.973929361717637 ], [ 3644.470511065724168, -698.087385237948865 ], [ 3637.303011072901427, -709.260252873819809 ], [ 3631.400364019988501, -705.887311700726741 ], [ 3607.051944926722626, -754.267936652281037 ], [ 3620.332900795776823, -765.967826346447737 ], [ 3628.343636081873228, -753.530105770666864 ], [ 3635.089518428059364, -749.946355774255494 ], [ 3641.62459195092697, -745.940988131207405 ], [ 3646.26238606393008, -752.265252830756936 ], [ 3649.846136060341451, -759.011135176943185 ], [ 3646.26238606393008, -768.497532226267595 ], [ 3667.975694865716832, -785.783855738369766 ], [ 3672.824297802038473, -777.14069398231868 ], [ 3671.559444862128657, -773.346135162588894 ], [ 3679.148562501588003, -770.394811636132431 ], [ 3725.526503631618198, -737.297826375156319 ], [ 3745.76415067017706, -718.535841099825916 ], [ 3761.574812419050886, -697.244149944675655 ], [ 3768.320694765237022, -677.217311729435323 ], [ 3775.277385934741233, -662.882311743789501 ], [ 3774.644959464786552, -659.930988217333038 ], [ 3765.580180062098407, -663.725547037062825 ], [ 3764.104518298870516, -660.563414687288059 ], [ 3766.845033002008677, -652.552679401191881 ], [ 3766.212606532053542, -644.963561761732421 ], [ 3765.369371238780332, -639.482532355456101 ], [ 3762.207238889005566, -640.114958825411009 ], [ 3763.050474182278776, -635.687973535726314 ], [ 3766.845033002008677, -629.363708836176784 ], [ 3765.211264621291775, -628.889388983710546 ], [ 3757.832955805150505, -630.681263981916231 ], [ 3751.824904340578541, -619.24488531689758 ], [ 3753.722183750443492, -614.343580174746648 ], [ 3758.913351024656095, -612.077385324074726 ], [ 3761.23224808115765, -608.09836878394151 ], [ 3765.132211312546588, -607.439591211071729 ], [ 3770.744996233397615, -599.929526880356548 ], [ 3776.805749903798642, -599.718718057038018 ], [ 3781.601650634290309, -605.147045257484706 ], [ 3790.877238860296529, -604.936236434166403 ], [ 3794.988010915003542, -610.733479075420291 ], [ 3799.836613851324728, -611.31320333954568 ], [ 3802.524426348633369, -607.255133490668072 ], [ 3807.531135902442657, -605.094343051655301 ], [ 3808.005455754909235, -597.716034235514144 ], [ 3813.539187367015074, -596.293074678115431 ], [ 3821.181007212303939, -596.767394530581669 ], [ 3826.082312354455098, -590.285023213543354 ], [ 3827.557974117682988, -587.228295275427627 ], [ 3833.829536611403, -582.959416603231602 ], [ 3839.36326822350884, -586.806677628791022 ], [ 3844.00106233651195, -581.22024381085555 ], [ 3843.315933660727296, -577.320280579466612 ], [ 3838.678139547724186, -577.214876167807461 ], [ 3830.509297644139679, -582.59050116242463 ], [ 3823.816117503783062, -582.116181309958392 ], [ 3821.022900594814928, -587.122890863768475 ], [ 3809.481117518136216, -593.44715556331812 ], [ 3805.212238845940192, -593.341751151658968 ], [ 3802.471724142802032, -598.822780557935289 ], [ 3798.571760911413094, -602.775445995153746 ], [ 3795.936650619934426, -601.457890849414298 ], [ 3794.566393268365118, -598.875482763764808 ], [ 3793.406944740114341, -598.084949676321116 ], [ 3786.819169011417216, -600.82546437945939 ], [ 3780.125988871060599, -598.559269528787468 ], [ 3776.173323433842143, -595.397137179012589 ], [ 3777.12196313877439, -589.547192331929296 ], [ 3786.344849158953821, -585.014802630584882 ] ] ] } },
{ "type": "Feature", "properties": { "code": "nan_hai", "name": "Nan Hai (South China Sea)", "capital": null, "culture": null, "civs": null, "provinceType": "sea", "terrain": null, "mapTypes": null, "resources": null, "religion": null, "population": null }, "geometry": { "type": "Polygon", "coordinates": [ [ [ 3607.104647132552145, -754.241585549366619 ], [ 3620.543709619095353, -765.730666420215016 ], [ 3613.481614037931195, -775.954894351153484 ], [ 3609.265437571565144, -781.435923757429805 ], [ 3608.633011101610009, -796.82496785966714 ], [ 3609.265437571565144, -807.997835495538084 ], [ 3617.6977905042977, -814.111291371769312 ], [ 3620.43830520743586, -818.959894308090725 ], [ 3620.649114030754845, -816.008570781634262 ], [ 3629.713893433444355, -801.67357079598878 ], [ 3632.03279048994591, -793.662835509892602 ], [ 3637.724628719540306, -792.60879139330109 ], [ 3638.357055189495441, -785.441291400478235 ], [ 3640.675952245996996, -775.744085527835523 ], [ 3640.886761069315526, -772.160335531424039 ], [ 3646.156981652273316, -770.0522472982409 ], [ 3647.000216945546526, -769.630629651604295 ], [ 3668.081099277378598, -784.176438460568306 ], [ 3637.092202249585625, -875.456658957400691 ], [ 3617.697790504300428, -872.083717784307623 ], [ 3608.422202278294208, -872.505335430944228 ], [ 3600.833084638834862, -886.840335416590051 ], [ 3605.049261105201367, -898.645629522415902 ], [ 3602.097937578744677, -904.969894221965433 ], [ 3605.470878751837972, -910.450923628241753 ], [ 3601.676319932108072, -914.24548244797154 ], [ 3594.087202292648726, -909.607688334968429 ], [ 3590.292643472918826, -907.49960010178529 ], [ 3591.979114059465246, -912.137394214788287 ], [ 3597.460143465741567, -926.472394200433996 ], [ 3604.206025811927702, -933.63989419325685 ], [ 3607.578966985020998, -937.856070659623242 ], [ 3606.524922868429258, -928.685886845276173 ], [ 3609.581650806544985, -929.107504491912778 ], [ 3614.324849331207133, -931.21559272509603 ], [ 3617.803194915959466, -932.902063311642564 ], [ 3618.857239032550751, -934.904747133166552 ], [ 3607.684371396680035, -939.753350069487965 ], [ 3609.16003315990838, -942.810078007603579 ], [ 3610.108672864840628, -944.918166240786718 ], [ 3610.214077276499665, -949.345151530471526 ], [ 3610.108672864840628, -951.87485741029127 ], [ 3604.206025811928157, -954.08835005513356 ], [ 3616.011319917754008, -961.67746769459302 ], [ 3623.600437557213354, -970.109820627325803 ], [ 3594.087202292648726, -989.082614725974508 ], [ 3540.120143523158731, -1032.50923232954824 ], [ 3532.10940823706278, -1060.75761465420328 ], [ 3317.92764374565013, -1023.655261750178965 ], [ 3327.624849618292956, -1011.006732351079791 ], [ 3342.803084897212102, -1008.898644117896538 ], [ 3354.608379003037953, -1007.212173531350004 ], [ 3371.47308486850352, -998.358202951980616 ], [ 3381.591908387782496, -995.828497072160758 ], [ 3387.072937794058817, -991.190702959157761 ], [ 3390.867496613788717, -981.915114733151654 ], [ 3391.710731907061927, -976.434085326875447 ], [ 3391.710731907061927, -967.15849710086934 ], [ 3391.710731907061927, -959.569379461409881 ], [ 3391.710731907061927, -946.499232415673987 ], [ 3389.602643673878902, -941.439820656034385 ], [ 3384.964849560875791, -933.007467723301602 ], [ 3382.013526034419101, -929.634526550208534 ], [ 3374.424408394959755, -920.780555970839032 ], [ 3367.67852604877362, -914.034673624652896 ], [ 3362.793382107775415, -910.838632605555517 ], [ 3360.78057390957656, -907.462309176318513 ], [ 3358.824555469404004, -907.288791278466647 ], [ 3352.078673123218323, -901.807761872190213 ], [ 3342.803084897212102, -892.532173646184219 ], [ 3338.586908430845597, -888.315997179817828 ], [ 3338.586908430845597, -886.629526593271294 ], [ 3333.105879024569276, -882.834967773541507 ], [ 3325.783682979601963, -876.426105346024769 ], [ 3323.408673151926905, -871.029673667715542 ], [ 3335.319371669411794, -855.746033977137358 ], [ 3338.481504019186559, -853.954158978931673 ], [ 3343.96253342546288, -850.370408982520303 ], [ 3346.176026070305397, -847.524489867722991 ], [ 3346.913856951919115, -846.786658986108819 ], [ 3350.708415771649015, -847.629894279382142 ], [ 3355.082698855504077, -841.938056049787519 ], [ 3359.456981939359139, -837.194857525125371 ], [ 3378.008158391371126, -829.763846503154355 ], [ 3395.399886315131425, -827.603056064141697 ], [ 3402.567386307954621, -827.813864887459999 ], [ 3410.156503947413967, -830.975997237234765 ], [ 3414.161871590461942, -831.397614883871483 ], [ 3424.702312756377978, -829.289526650688231 ], [ 3420.696945113330003, -834.348938410327946 ], [ 3418.588856880146523, -840.462394286559174 ], [ 3423.859077463104768, -849.737982512565281 ], [ 3398.140401018269586, -865.337835438120919 ], [ 3400.880915721407746, -875.456658957400236 ], [ 3413.529445120507262, -880.726879540358141 ], [ 3420.275327466693398, -880.516070717039838 ], [ 3437.772459802113644, -874.613423664126913 ], [ 3449.36694508462142, -857.748717798661346 ], [ 3434.821136275657409, -839.619158993285964 ], [ 3438.615695095387309, -841.094820756514082 ], [ 3441.98863626848015, -834.770556056964551 ], [ 3443.67510685502657, -831.819232530508089 ], [ 3458.853342133945716, -827.813864887459886 ], [ 3463.491136246948827, -830.343570767279743 ], [ 3473.188342119591653, -826.759820770868373 ], [ 3475.718047999411283, -826.549011947550071 ], [ 3479.934224465777788, -826.549011947550071 ], [ 3487.944959751873739, -821.91121783454696 ], [ 3493.42598915815006, -826.338203124231654 ], [ 3498.06378327115317, -819.803129601363821 ], [ 3502.912386207474356, -817.695041368180568 ], [ 3506.285327380567651, -818.959894308090497 ], [ 3511.344739140207366, -812.214011961904248 ], [ 3522.517606776078082, -809.262688435447785 ], [ 3532.847239118676043, -806.732982555628041 ], [ 3543.809297931228684, -805.046511969081394 ], [ 3544.652533224501894, -803.781659029171465 ], [ 3542.544444991318414, -787.970997280297524 ], [ 3552.663268510597845, -789.235850220207567 ], [ 3554.13893027382619, -791.976364923345727 ], [ 3570.898231727632719, -782.38456346236228 ], [ 3582.598121421799078, -773.952210529629497 ], [ 3607.104647132552145, -754.241585549366619 ] ] ] } },
{ "type": "Feature", "properties": { "code": "yizhou", "name": "Yizhou (taiwan)", "capital": null, "culture": null, "civs": "han", "provinceType": "land", "terrain": "island", "mapTypes": null, "resources": null, "religion": null, "population": "low" }, "geometry": { "type": "Polygon", "coordinates": [ [ [ 3609.152637923588827, -781.269022598762263 ], [ 3628.343596849293135, -753.374357394485969 ], [ 3642.290929451430657, -745.562424300194039 ], [ 3650.851952020518183, -758.974692991764186 ], [ 3646.571440735974647, -769.961338622092967 ], [ 3641.292143485037286, -772.957696521273533 ], [ 3640.792750501840601, -776.596131113135698 ], [ 3638.723836714310892, -785.51386295593511 ], [ 3637.725050747917521, -792.790732139659326 ], [ 3632.160386078010561, -794.00354367028001 ], [ 3629.734763016769193, -802.493224384625023 ], [ 3620.745689319227495, -816.262202349907284 ], [ 3620.317638190773323, -819.04453468486065 ], [ 3619.889587062318697, -819.04453468486065 ], [ 3617.392622146334816, -814.478655981347401 ], [ 3609.116966996217343, -808.12923090927427 ], [ 3608.581903085649174, -796.964230642089547 ], [ 3609.152637923588827, -781.269022598762263 ] ] ] } },
{ "type": "Feature", "properties": { "code": "sicilia", "name": "Sicilia", "capital": "Syracuse", "culture": null, "civs": "spart", "provinceType": "land", "terrain": "island", "mapTypes": null, "resources": null, "religion": null, "population": "medium" }, "geometry": { "type": "Polygon", "coordinates": [ [ [ 1787.545389858658382, -634.590169248400571 ], [ 1784.763057523704902, -641.938380286867186 ], [ 1788.758201389279066, -644.292661493366268 ], [ 1792.539319690625916, -645.862182297698951 ], [ 1798.246668070017449, -646.14754971666855 ], [ 1799.673505164865446, -648.287805358940318 ], [ 1803.454623466212297, -649.286591325333802 ], [ 1805.808904672711378, -651.498188822348084 ], [ 1806.165613946423264, -652.568316643483968 ], [ 1810.731492649936627, -654.993939704725449 ], [ 1817.722994414691357, -656.206751235346132 ], [ 1821.218745297068608, -656.920169782770131 ], [ 1824.857179888930887, -658.632374296587614 ], [ 1824.714496179446087, -662.056783324222465 ], [ 1830.707211977807219, -663.768987838039948 ], [ 1834.202962860184471, -664.054355257009547 ], [ 1838.84018341844012, -665.053141223403031 ], [ 1839.981653094318517, -663.911671547524747 ], [ 1839.196892692152232, -660.201895100920296 ], [ 1842.90666913875657, -658.347006877618014 ], [ 1842.264592446075085, -652.496974788741682 ], [ 1839.482260111121604, -648.216463504197918 ], [ 1841.586844826022343, -642.223747705836786 ], [ 1843.727100468294338, -639.013364242429134 ], [ 1845.581988691596507, -636.944450454899652 ], [ 1847.793586188610789, -633.591383282007087 ], [ 1849.077739573973759, -631.308443930250405 ], [ 1849.577132557170671, -629.025504578493837 ], [ 1847.36553506015639, -627.384641919418755 ], [ 1844.369177160975823, -629.382213852205837 ], [ 1839.94598216694726, -629.096846433236237 ], [ 1834.381317497040754, -629.810264980660236 ], [ 1834.532918938360808, -629.970784153827708 ], [ 1831.384959597859961, -630.80905094705372 ], [ 1827.60384129651311, -633.662725136749486 ], [ 1819.399528001137696, -633.520041427264687 ], [ 1811.052530996277483, -633.805408846234172 ], [ 1807.342754549672918, -631.451127639735091 ], [ 1804.988473343174064, -629.453555706948009 ], [ 1802.705533991417269, -630.309657963856807 ], [ 1802.491508427190183, -630.666367237568807 ], [ 1799.994543511206302, -630.666367237568807 ], [ 1797.711604159449735, -633.020648444067774 ], [ 1795.571348517177967, -633.091990298810174 ], [ 1794.215853277072256, -630.880392801796006 ], [ 1792.432306908512601, -630.737709092311206 ], [ 1790.577418685210205, -633.163332153552574 ], [ 1787.545389858658382, -634.590169248400571 ] ] ] } },
{ "type": "Feature", "properties": { "code": "napolia", "name": "Napolia", "capital": null, "culture": "italic", "civs": "rome", "provinceType": "land", "terrain": "plain", "mapTypes": null, "resources": null, "religion": null, "population": "medium" }, "geometry": { "type": "Polygon", "coordinates": [ [ [ 1817.972690906289699, -569.455055868594286 ], [ 1837.520359105705893, -545.484192675149643 ], [ 1839.731956602720174, -546.554320496285641 ], [ 1841.372819261795257, -548.694576138557522 ], [ 1845.938697965308393, -550.763489926086891 ], [ 1849.505790702428158, -551.833617747222888 ], [ 1850.647260378306555, -552.261668875677174 ], [ 1863.060743103483219, -552.333010730419574 ], [ 1866.128442857406071, -553.831189680009857 ], [ 1867.198570678541955, -556.328154595993738 ], [ 1865.629049874209386, -558.611093947750305 ], [ 1860.492436332756824, -561.322084427961386 ], [ 1862.704033829771106, -563.890391198687439 ], [ 1866.271126566890871, -564.247100472399438 ], [ 1869.410168175556237, -566.601381678898406 ], [ 1874.546781717008798, -568.384928047458288 ], [ 1880.040104532173018, -569.241030304367087 ], [ 1882.965120576611298, -571.666653365608454 ], [ 1887.887708553836546, -574.66301126478902 ], [ 1893.951766206939965, -577.159976180772901 ], [ 1894.879210318591277, -577.445343599742387 ], [ 1895.877996284984647, -579.728282951499068 ], [ 1900.943267971694695, -583.010008269649234 ], [ 1903.154865468708977, -586.220391733056999 ], [ 1905.009753692011145, -588.503331084813794 ], [ 1900.978938899065952, -596.600631598075552 ], [ 1898.018251927256415, -596.13690954225001 ], [ 1894.665184754363963, -593.889641117864585 ], [ 1894.237133625909564, -589.359433341722479 ], [ 1890.420344397191457, -587.43320326367791 ], [ 1881.609625336506042, -586.648442861511398 ], [ 1881.252916062794156, -583.937452381300432 ], [ 1878.470583727840676, -583.152691979134147 ], [ 1872.834577203191429, -589.359433341722479 ], [ 1870.480295996692348, -595.352149140083611 ], [ 1869.124800756586865, -598.134481475036978 ], [ 1869.267484466071437, -600.060711553081774 ], [ 1873.191286476903088, -599.418634860400175 ], [ 1875.616909538144682, -601.558890502672057 ], [ 1879.540711548976333, -603.342436871231939 ], [ 1881.181574208051416, -605.625376222988507 ], [ 1880.967548643824102, -618.25288451239237 ], [ 1874.047388733811886, -617.040072981771686 ], [ 1869.552851885041036, -619.822405316725053 ], [ 1868.625407773389952, -621.177900556830537 ], [ 1869.124800756586637, -629.168188287978751 ], [ 1865.771733583693958, -630.024290544887435 ], [ 1862.061957137089621, -633.091990298810401 ], [ 1860.135727059044939, -636.302373762218167 ], [ 1858.423522545227343, -638.157261985520449 ], [ 1855.926557629243689, -638.870680532944334 ], [ 1850.789944087791127, -637.586527147581251 ], [ 1848.587264322612782, -634.465321002599012 ], [ 1850.147867395109643, -629.096846433236351 ], [ 1852.858857875320609, -628.169402321585153 ], [ 1855.712532065016376, -625.315728131889387 ], [ 1853.500934568002094, -622.53339579693602 ], [ 1854.642404243880492, -620.892533137860937 ], [ 1858.245167908371286, -619.073315841929912 ], [ 1861.098842098067053, -619.001973987187512 ], [ 1860.84914560646871, -615.969945160635689 ], [ 1859.029928310537571, -615.113842903727004 ], [ 1858.138155126257971, -612.188826859288952 ], [ 1857.710103997803571, -605.625376222988621 ], [ 1854.000327551199007, -599.347293005658003 ], [ 1853.144225294290209, -595.637516559053438 ], [ 1849.149081428716272, -594.78141430214464 ], [ 1846.152723529535706, -595.209465430599039 ], [ 1843.584416758809311, -593.497260916781556 ], [ 1842.87099821138554, -592.641158659872872 ], [ 1840.445375150143946, -591.785056402964074 ], [ 1838.447803217356977, -590.786270436570589 ], [ 1837.449017250963379, -587.504545118420424 ], [ 1838.875854345811376, -585.649656895118142 ], [ 1838.875854345811376, -581.797196739028891 ], [ 1836.450231284570009, -581.654513029544091 ], [ 1831.456301452602247, -582.08256415799849 ], [ 1829.886780648269678, -583.224033833876774 ], [ 1828.174576134452082, -583.937452381300659 ], [ 1826.016485028494571, -584.855978761108759 ], [ 1824.857179888930659, -584.106889286313731 ], [ 1825.071205453157745, -582.965419610435447 ], [ 1825.374408335812859, -582.091481889841134 ], [ 1827.586005832827141, -580.878670359220337 ], [ 1829.512235910871823, -579.844213465455596 ], [ 1828.513449944478225, -578.31036358849417 ], [ 1825.945143173752058, -577.953654314782284 ], [ 1824.803673497873888, -578.774085644319712 ], [ 1822.52073414611732, -578.952440281175768 ], [ 1821.985670235549378, -578.595731007463769 ], [ 1820.665845922815151, -577.204564839987142 ], [ 1820.665845922814469, -574.065523231321777 ], [ 1817.972690906289699, -569.455055868594286 ] ] ] } },
{ "type": "Feature", "properties": { "code": "latium", "name": "Latium", "capital": "Rome", "culture": "italic", "civs": "rome", "provinceType": "land", "terrain": "hills", "mapTypes": null, "resources": null, "religion": null, "population": "high" }, "geometry": { "type": "Polygon", "coordinates": [ [ [ 1755.245365124038926, -511.570058476985423 ], [ 1755.530732543008526, -511.284691058015824 ], [ 1781.927218797694195, -494.162645919841566 ], [ 1793.341915556477261, -495.16143188623505 ], [ 1797.479743131535997, -492.30775769653934 ], [ 1802.330989254018732, -493.449227372417624 ], [ 1806.183449410107869, -494.019962210356766 ], [ 1807.182235376501467, -495.732166724174192 ], [ 1802.330989254018732, -497.016320109537276 ], [ 1802.901724091957931, -502.438301069959152 ], [ 1803.329775220412102, -506.433444935533146 ], [ 1804.899296024744899, -508.074307594608229 ], [ 1807.752970214440666, -511.71274218647028 ], [ 1810.820669968363518, -512.568844443379021 ], [ 1812.176165208469001, -513.353604845545306 ], [ 1814.887155688679968, -515.422518633074674 ], [ 1817.669488023633221, -517.134723146892156 ], [ 1820.665845922813787, -518.775585805967239 ], [ 1823.30549454828224, -520.844499593496607 ], [ 1824.803673497872524, -520.773157738754207 ], [ 1826.943929140144292, -526.052454989691341 ], [ 1828.156740670764975, -532.615905625991445 ], [ 1829.369552201385659, -536.468365782080696 ], [ 1831.010414860460742, -540.463509647654746 ], [ 1838.001916625215244, -545.600123189106966 ], [ 1817.999444101817062, -569.455055868594741 ], [ 1811.632183566058529, -569.579904114393912 ], [ 1808.849851231105276, -568.581118148000428 ], [ 1805.924835186667224, -570.507348226044996 ], [ 1804.069946963364828, -567.439648472122144 ], [ 1799.575410114594206, -566.868913634182945 ], [ 1797.435154472322438, -565.727443958304661 ], [ 1795.223556975308156, -563.016453478093695 ], [ 1790.229627143340622, -559.306677031489244 ], [ 1788.874131903235138, -554.740798327976108 ], [ 1781.953971993222922, -553.385303087870625 ], [ 1781.240553445799151, -549.247475512811889 ], [ 1779.242981513011955, -546.821852451570521 ], [ 1774.605760954756533, -546.037092049404123 ], [ 1771.894770474545567, -545.609040920949838 ], [ 1771.538061200833454, -541.328529636406302 ], [ 1768.042310318456202, -538.760222865680134 ], [ 1765.402661692987749, -536.049232385469168 ], [ 1761.122150408444213, -533.7662930337126 ], [ 1760.80111206210313, -524.848561190913642 ], [ 1758.803540129316161, -523.707091515035245 ], [ 1757.804754162922563, -515.859487493372058 ], [ 1755.245365124038926, -511.570058476985423 ] ] ] } },
{ "type": "Feature", "properties": { "code": "cisalpine_gaul", "name": "Cisalpine", "capital": null, "culture": null, "civs": "gaul", "provinceType": "land", "terrain": "hills", "mapTypes": null, "resources": null, "religion": null, "population": "high" }, "geometry": { "type": "Polygon", "coordinates": [ [ [ 1755.236447392196169, -511.721659918313378 ], [ 1750.74191054342532, -510.901228588775894 ], [ 1747.995249135843096, -509.189024074958411 ], [ 1745.177245873518586, -506.549375449489901 ], [ 1741.503140354285279, -505.086867427270818 ], [ 1738.39976967299117, -504.266436097733276 ], [ 1737.597173807139598, -503.410333840824649 ], [ 1735.135879818527201, -503.267650131339849 ], [ 1730.855368533983437, -504.480461661960533 ], [ 1725.968451484128764, -509.510062421298983 ], [ 1722.044649473297113, -511.793001773055551 ], [ 1711.628738680907645, -503.517346622937964 ], [ 1708.132987798530849, -492.958752121063696 ], [ 1710.130559731317817, -481.8294227812504 ], [ 1720.831837942676884, -471.128144569891447 ], [ 1720.261103104737685, -466.847633285347854 ], [ 1756.645449023357969, -451.295108951506222 ], [ 1768.488196910595207, -452.436578627384506 ], [ 1772.055289647714744, -460.569550068017293 ], [ 1803.160338315398349, -465.848847318954427 ], [ 1817.428709263877181, -478.512026535729262 ], [ 1813.326552616189474, -480.86630774222823 ], [ 1811.400322538145019, -481.829422781250571 ], [ 1807.940242583138797, -482.114790200220114 ], [ 1804.159124281791946, -484.041020278264739 ], [ 1803.160338315398803, -486.680668903733192 ], [ 1804.159124281792401, -489.748368657656101 ], [ 1806.228038069321883, -493.279790467404553 ], [ 1806.299379924064169, -494.278576433798037 ], [ 1797.560002718121041, -492.281004501011068 ], [ 1793.279491433577505, -495.348704254933978 ], [ 1781.971807456908209, -494.278576433798037 ], [ 1755.236447392196169, -511.721659918313378 ] ] ] } },
{ "type": "Feature", "properties": { "code": "med_central", "name": "Central Mediterranean", "capital": null, "culture": null, "civs": null, "provinceType": "sea", "terrain": null, "mapTypes": null, "resources": null, "religion": null, "population": null }, "geometry": { "type": "Polygon", "coordinates": [ [ [ 1806.121025287208795, -494.242905506426894 ], [ 1806.085354359837538, -493.10143583054861 ], [ 1804.159124281792856, -489.855381439769701 ], [ 1803.124667388028229, -487.037378177445191 ], [ 1803.088996460656745, -486.430972412134849 ], [ 1804.087782427050342, -483.862665641408682 ], [ 1807.76188794628365, -482.079119272848857 ], [ 1811.543006247630501, -481.722409999136914 ], [ 1817.46438019124912, -478.405013753615606 ], [ 1818.249140593415405, -476.79982202191178 ], [ 1819.747319543005688, -475.408655854435096 ], [ 1821.709220548421399, -476.79982202191178 ], [ 1824.741249374973222, -476.58579645768458 ], [ 1827.166872436214589, -475.444326781806296 ], [ 1830.091888480652642, -476.086403474487838 ], [ 1830.876648882818927, -478.298000971502063 ], [ 1825.954060905593906, -481.793751853879314 ], [ 1825.311984212912193, -482.578512256045599 ], [ 1827.452239855184189, -490.747154624049585 ], [ 1829.485482715342414, -493.03009397580621 ], [ 1831.197687229159783, -493.600828813745352 ], [ 1834.122703273598063, -491.959966154670269 ], [ 1834.729109038908291, -488.99927918286096 ], [ 1836.476984480096917, -486.14560499316525 ], [ 1840.186760926701481, -483.29193080346954 ], [ 1845.180690758668788, -487.108720032187591 ], [ 1847.499301037795931, -493.600828813745295 ], [ 1846.64319878088736, -499.379519047879114 ], [ 1850.067607808522098, -503.231979203968365 ], [ 1851.779812322339922, -511.507634354085894 ], [ 1854.918853931005287, -511.793001773055494 ], [ 1860.055467472457622, -517.072299023992514 ], [ 1864.193295047516358, -519.92597321368828 ], [ 1869.044541169999093, -519.783289504203481 ], [ 1875.251282532587311, -522.494279984414447 ], [ 1880.031186800327532, -525.776005302564499 ], [ 1889.162944207353803, -532.981532631546202 ], [ 1893.728822910866938, -536.905334642377852 ], [ 1896.511155245820191, -539.901692541558418 ], [ 1901.362401368302926, -543.39744342393567 ], [ 1908.425244987799715, -549.461501077038974 ], [ 1913.704542238736849, -552.67188454044674 ], [ 1915.702114171523817, -555.097507601688108 ], [ 1914.846011914615019, -558.807284048292559 ], [ 1913.633200383994335, -562.017667511700211 ], [ 1913.41917481976725, -569.865271533363398 ], [ 1912.777098127085537, -573.07565499677105 ], [ 1913.989909657705766, -578.069584828738698 ], [ 1917.414318685340731, -585.061086593493201 ], [ 1924.120453031125635, -590.340383844430335 ], [ 1925.404606416488605, -595.334313676397869 ], [ 1928.258280606184371, -598.90140641351752 ], [ 1929.114382863093169, -600.970320201046889 ], [ 1932.396108181243108, -604.32338737393934 ], [ 1935.963200918362872, -608.104505675286191 ], [ 1938.745533253316125, -611.172205429209157 ], [ 1941.028472605072693, -614.739298166328808 ], [ 1942.59799340940549, -618.377732758190746 ], [ 1945.094958325388689, -623.37166259015828 ], [ 1947.948632515084228, -620.660672109947427 ], [ 1950.802306704779994, -621.588116221598511 ], [ 1954.155373877672446, -622.301534769022396 ], [ 1956.652338793656327, -621.802141785825711 ], [ 1957.223073631595526, -625.083867103975763 ], [ 1954.726108715611645, -626.938755327277931 ], [ 1950.730964850037708, -628.294250567383415 ], [ 1948.804734771993026, -628.650959841095414 ], [ 1945.951060582297259, -632.646103706669464 ], [ 1950.445597431069245, -637.711375393379399 ], [ 1954.298057587158382, -642.562621515862133 ], [ 1955.58221097252158, -643.846774901225217 ], [ 1953.299271620765012, -649.982174409071035 ], [ 1954.440741296643182, -657.259043592795024 ], [ 1959.720038547580089, -719.326457218676865 ], [ 1955.510869117778839, -715.688022626814814 ], [ 1935.035756806711788, -711.906904325467622 ], [ 1929.899143265259681, -711.336169487528423 ], [ 1911.49294474172234, -716.472783028980643 ], [ 1899.079462016545904, -728.458214625702681 ], [ 1898.794094597576532, -734.736297843033299 ], [ 1900.363615401909101, -738.16070687066815 ], [ 1902.789238463150468, -740.729013641394317 ], [ 1901.79045249675687, -749.860771048420588 ], [ 1886.808663000854494, -759.135212164931772 ], [ 1872.968343180830061, -752.143710400177156 ], [ 1867.974413348862299, -748.433933953572819 ], [ 1858.414604813381629, -745.437576054392366 ], [ 1849.710898534809758, -738.945467272834549 ], [ 1832.874220815604758, -738.660099853864949 ], [ 1825.954060905592542, -731.811281798595132 ], [ 1823.350083207495118, -718.827064235479611 ], [ 1819.354939341921181, -715.973390045783844 ], [ 1805.942670650351374, -714.831920369905674 ], [ 1796.810913243324876, -708.553837152575056 ], [ 1784.682797937118266, -705.985530381848889 ], [ 1775.836407949061368, -709.124571990514141 ], [ 1768.844906184306865, -706.556265219787974 ], [ 1763.137557804915559, -700.706233130911755 ], [ 1754.861902654797859, -700.13549829297267 ], [ 1752.721647012526091, -696.711089265337819 ], [ 1752.721647012526091, -692.715945399763768 ], [ 1750.724075079739123, -691.003740885946399 ], [ 1752.008228465102093, -687.293964439341948 ], [ 1750.296023951284724, -684.725657668615781 ], [ 1745.15941040983239, -686.43786218243315 ], [ 1745.15941040983239, -689.434220081613717 ], [ 1743.73257331498462, -691.003740885946399 ], [ 1736.598387840745318, -687.864699277281147 ], [ 1734.101422924761664, -683.298820573768012 ], [ 1733.602029941564751, -677.734155903861392 ], [ 1755.289953783252713, -662.681024553216275 ], [ 1756.003372330676484, -653.834634565159604 ], [ 1747.585033471074212, -645.416295705557218 ], [ 1747.727717180559011, -640.850417002043969 ], [ 1754.576535235828715, -637.283324264924431 ], [ 1758.714362810887451, -627.438148310474162 ], [ 1755.718004911706885, -623.657030009127197 ], [ 1745.444777828802444, -629.649745807488216 ], [ 1742.591103639106677, -623.942397428096683 ], [ 1723.186119149175738, -625.083867103974967 ], [ 1724.327588825054136, -615.666742277979097 ], [ 1725.469058500932306, -609.816710189102878 ], [ 1730.034937204445441, -607.67645454683111 ], [ 1733.887397360534806, -611.100863574465961 ], [ 1735.599601874352174, -608.389873094254995 ], [ 1737.169122678684744, -605.108147776104943 ], [ 1737.882541226108742, -600.970320201046206 ], [ 1738.73864348301754, -598.544697139804839 ], [ 1739.166694611471712, -596.689808916502557 ], [ 1739.166694611471712, -594.549553274230789 ], [ 1738.524617918789772, -588.342811911642684 ], [ 1740.66487356106154, -585.631821431431831 ], [ 1741.94902694642451, -582.492779822766465 ], [ 1743.518547750757307, -580.209840471009898 ], [ 1740.522189851576741, -574.645175801103278 ], [ 1738.239250499820173, -572.64760386831631 ], [ 1738.524617918789772, -570.079297097590143 ], [ 1734.386790343731036, -566.512204360470491 ], [ 1733.530688086822238, -565.228050975107408 ], [ 1734.529474053215608, -561.660958237987757 ], [ 1736.669729695487604, -557.665814372413706 ], [ 1737.525831952396175, -554.812140182718053 ], [ 1738.239250499820173, -552.671884540446172 ], [ 1739.951455013637542, -548.391373255902636 ], [ 1740.80755727054634, -546.536485032600467 ], [ 1741.092924689515939, -542.826708585996016 ], [ 1739.666087594667943, -538.118146172998081 ], [ 1738.096566790335373, -536.548625368665398 ], [ 1740.66487356106154, -533.837634888454431 ], [ 1740.450847996834227, -531.982746665152263 ], [ 1738.595959773532059, -531.982746665152263 ], [ 1738.453276064047259, -534.55105343587843 ], [ 1738.02522493559286, -536.263257949695799 ], [ 1737.311806388169089, -536.548625368665398 ], [ 1737.597173807138461, -503.321156522395654 ], [ 1738.381934209304745, -504.105916924561996 ], [ 1741.842014164310285, -505.140373818326566 ], [ 1745.373435974058566, -506.424527203689649 ], [ 1748.191439236383076, -509.242530466014159 ], [ 1750.938100643965299, -510.919064052460385 ], [ 1755.503979347478435, -511.810837236740326 ], [ 1758.0366151908338, -515.877322957056663 ], [ 1758.821375593000084, -523.653585123977564 ], [ 1761.139985872127909, -524.830725727226991 ], [ 1761.246998654240997, -534.069495916366805 ], [ 1765.884219212496419, -535.781700430184287 ], [ 1768.523867837965099, -538.920742038849539 ], [ 1772.090960575084637, -541.346365100090907 ], [ 1772.090960575084637, -545.626876384634556 ], [ 1779.795880887263138, -546.69700420577044 ], [ 1781.936136529534906, -549.693362104950893 ], [ 1782.043149311648676, -553.474480406297857 ], [ 1789.177334785887979, -554.615950082176141 ], [ 1790.390146316508662, -559.609879914143676 ], [ 1795.455418003218711, -562.748921522808928 ], [ 1797.667015500232765, -566.03064684095898 ], [ 1799.664587433019278, -567.100774662094864 ], [ 1804.515833555502013, -567.314800226322063 ], [ 1806.370721778804182, -570.23981627076023 ], [ 1809.224395968499948, -568.384928047457947 ], [ 1811.864044593968401, -569.526397723336231 ], [ 1818.570178939753305, -569.526397723336231 ], [ 1820.995802000995127, -574.377643845818852 ], [ 1820.781776436767814, -576.73192505231782 ], [ 1822.565322805327696, -578.658155130362502 ], [ 1825.133629576053863, -578.444129566135302 ], [ 1826.417782961416833, -577.802052873453704 ], [ 1828.772064167915914, -578.372787711392903 ], [ 1829.628166424824713, -579.300231823043987 ], [ 1825.633022559250549, -582.581957141194039 ], [ 1825.276313285538663, -583.509401252845237 ], [ 1826.703150380386433, -584.294161655011521 ], [ 1831.483054648126881, -581.654513029542954 ], [ 1839.187974960305382, -581.369145610573355 ], [ 1838.973949396078069, -586.648442861510489 ], [ 1837.761137865457385, -587.861254392131173 ], [ 1838.617240122365956, -590.643586727084426 ], [ 1840.258102781440584, -591.571030838735624 ], [ 1843.468486244848236, -592.569816805129108 ], [ 1845.680083741862518, -594.781414302143389 ], [ 1846.892895272483202, -595.209465430597675 ], [ 1849.817911316921254, -594.35336317368899 ], [ 1853.670371473010619, -595.423490994824874 ], [ 1854.38379002043439, -598.847900022459726 ], [ 1857.237464210130156, -604.05585541865446 ], [ 1858.735643159720439, -606.766845898865313 ], [ 1858.236250176523754, -611.332724602378562 ], [ 1859.449061707143528, -614.88198187581213 ], [ 1861.517975494672783, -616.237477115917613 ], [ 1861.660659204157582, -619.590544288810179 ], [ 1858.093566467038045, -619.16249316035578 ], [ 1854.811841148887879, -621.374090657369948 ], [ 1854.169764456206394, -622.658244042733031 ], [ 1856.238678243735876, -624.869841539747199 ], [ 1854.883183003630393, -627.438148310473366 ], [ 1849.157999160551526, -629.04334004217651 ], [ 1843.950043764356678, -629.400049315888509 ], [ 1833.106081843513039, -632.895800198265761 ], [ 1823.760298872259455, -635.606790678476727 ], [ 1815.056592593687583, -633.823244309916845 ], [ 1810.562055744916734, -634.037269874144044 ], [ 1792.655250204576532, -631.005241047592904 ], [ 1789.658892305395739, -634.465321002598671 ], [ 1785.02167174714009, -642.027557605292486 ], [ 1791.65646423818248, -645.023915504472711 ], [ 1798.576624148194469, -645.665992197154196 ], [ 1803.713237689646803, -649.019059370046648 ], [ 1810.276688325947134, -653.014203235620698 ], [ 1824.616401129168025, -657.651423793876234 ], [ 1825.329819676592024, -661.93193507841977 ], [ 1834.81828635733018, -663.287430318525139 ], [ 1839.098797641873944, -660.362414274087087 ], [ 1839.598190625071084, -648.234298967880932 ], [ 1841.881129976827424, -640.315353091474663 ], [ 1846.01895755188616, -635.178739550022328 ], [ 1849.157999160551526, -631.183595684448392 ], [ 1850.941545529111636, -635.17873955002301 ], [ 1857.522831629099073, -638.353452086059406 ], [ 1859.948454690340441, -635.071726767909354 ], [ 1863.15883815374832, -631.147924757077703 ], [ 1866.654589036125572, -629.435720243260334 ], [ 1868.723502823654826, -629.150352824290735 ], [ 1867.510691293034142, -621.873483640566633 ], [ 1868.224109840458368, -621.374090657370061 ], [ 1870.863758465926821, -618.02102348447761 ], [ 1874.2168256388195, -616.522844534887327 ], [ 1880.423567001407491, -617.80699792025041 ], [ 1880.637592565634804, -605.250831485589288 ], [ 1874.002800074592642, -600.898978346303238 ], [ 1869.864972499533678, -600.756294636818438 ], [ 1868.794844678397794, -599.686166815682554 ], [ 1869.080212097367394, -596.832492625986788 ], [ 1871.149125884896876, -592.908690615155251 ], [ 1872.433279270259845, -588.842204894838801 ], [ 1876.713790554803381, -584.419009900810465 ], [ 1878.782704342332863, -582.207412403796297 ], [ 1881.779062241513429, -583.634249498644181 ], [ 1882.135771515225315, -585.845846995658349 ], [ 1891.695580050705985, -587.272684090506232 ], [ 1894.905963514113637, -589.412939732778 ], [ 1895.762065771022435, -594.192844000518335 ], [ 1901.184046731444369, -596.333099642790103 ], [ 1904.53711390433682, -588.485495621126915 ], [ 1900.827337457732256, -583.990958772356066 ], [ 1895.012976296227407, -578.961358013017275 ], [ 1894.335228676174665, -577.570191845540649 ], [ 1879.674477526612463, -569.829600605991232 ], [ 1868.759173751026538, -567.047268271037865 ], [ 1865.477448432876372, -564.764328919281297 ], [ 1861.339620857817636, -563.622859243403013 ], [ 1860.269493036681752, -561.482603601131245 ], [ 1865.762815851845971, -558.129536428238794 ], [ 1866.404892544527456, -555.846597076482226 ], [ 1864.050611338028375, -553.777683288952858 ], [ 1850.424317082231482, -553.135606596271259 ], [ 1841.167711429405927, -548.783753456985437 ], [ 1839.812216189300443, -547.142890797910354 ], [ 1837.101225709089476, -545.288002574608072 ], [ 1830.751800637016458, -540.864807580579736 ], [ 1826.542631207214981, -526.025701794162046 ], [ 1824.616401129170299, -521.88787421910331 ], [ 1820.977966537308248, -520.247011560028227 ], [ 1810.776081309146093, -513.184167940531324 ], [ 1807.208988572026783, -511.329279717228985 ], [ 1803.071160996967819, -505.978640611549508 ], [ 1802.072375030574449, -496.704199495038438 ], [ 1806.566911879345071, -495.634071673902554 ], [ 1806.121025287208795, -494.242905506426894 ] ] ] } },
{ "type": "Feature", "properties": { "code": "london", "name": "London", "capital": null, "culture": "celt", "civs": "brit", "provinceType": "land", "terrain": "temperate_forest", "mapTypes": null, "resources": null, "religion": null, "population": "medium" }, "geometry": { "type": "Polygon", "coordinates": [ [ [ 1639.626971782141482, -297.018348071079572 ], [ 1602.2438398971276, -311.572086438527776 ], [ 1595.965756679796868, -316.566016270495311 ], [ 1593.254766199585902, -321.702629811947588 ], [ 1589.687673462466364, -323.414834325765014 ], [ 1585.121794758953229, -325.697773677521582 ], [ 1582.268120569257462, -329.835601252580375 ], [ 1576.846139608835529, -329.835601252580375 ], [ 1572.137577195837594, -327.980713029278149 ], [ 1564.718024302628692, -326.839243353399866 ], [ 1562.435084950872124, -329.550233833610832 ], [ 1561.008247856024354, -331.262438347428258 ], [ 1557.29847140941979, -332.403908023306542 ], [ 1554.730164638693623, -337.112470436304477 ], [ 1551.448439320543685, -338.681991240637103 ], [ 1547.73866287393912, -340.394195754454529 ], [ 1544.456937555789182, -343.247869944150239 ], [ 1537.608119500519479, -345.673493005391606 ], [ 1533.042240797006343, -347.100330100239489 ], [ 1535.325180148762911, -350.81010654684394 ], [ 1541.175212237639016, -349.811320580450456 ], [ 1543.172784170425984, -352.094259932207024 ], [ 1548.452081421363118, -347.671064938178631 ], [ 1558.582624794782987, -346.672278971785147 ], [ 1562.292401241387324, -347.100330100239489 ], [ 1564.432656883659092, -350.239371708904798 ], [ 1566.430228816446288, -352.379627351176566 ], [ 1570.568056391505024, -349.097902033026514 ], [ 1573.421730581200791, -344.817390748482921 ], [ 1573.564414290685363, -342.819818815695896 ], [ 1581.412018312348664, -342.677135106211153 ], [ 1586.976682982255397, -343.390553653635038 ], [ 1587.262050401224997, -346.244227843330805 ], [ 1589.544989752981564, -346.957646390754689 ], [ 1592.969398780616302, -346.244227843330805 ], [ 1595.10965442288807, -346.529595262300347 ], [ 1597.677961193614237, -348.099116066632973 ], [ 1598.962114578977435, -346.101544133846005 ], [ 1601.815788768673201, -345.530809295906863 ], [ 1603.67067699197537, -346.672278971785147 ], [ 1608.236555695488505, -350.239371708904798 ], [ 1612.94511810848644, -347.243013809724289 ], [ 1615.798792298182207, -346.244227843330805 ], [ 1623.64639631984528, -348.384483485602573 ], [ 1630.352530665630411, -348.527167195087372 ], [ 1633.49157227429555, -351.238157675298282 ], [ 1640.911125167504451, -349.097902033026514 ], [ 1646.618473546895984, -346.672278971785147 ], [ 1649.900198865045695, -343.818604782089551 ], [ 1657.319751758254597, -341.107614301878584 ], [ 1658.033170305678595, -337.255154145789334 ], [ 1656.891700629800198, -335.257582213002365 ], [ 1646.47578983741073, -334.116112537124081 ], [ 1641.339176295958623, -332.974642861245798 ], [ 1643.336748228745591, -330.263652381034831 ], [ 1647.759943222773927, -330.120968671550031 ], [ 1650.613617412469694, -328.979498995671747 ], [ 1654.323393859074031, -326.839243353399979 ], [ 1658.889272562587166, -324.556304001643412 ], [ 1664.596620941978699, -320.275792717099819 ], [ 1667.878346260128637, -315.424546594617084 ], [ 1669.162499645491835, -308.004993701408239 ], [ 1667.878346260129092, -303.011063869440591 ], [ 1663.38380941135847, -299.158603713351397 ], [ 1660.886844495374589, -297.731766618503514 ], [ 1657.105726194027739, -296.447613233140487 ], [ 1654.537419423301571, -296.447613233140487 ], [ 1652.825214909484203, -295.948220249943688 ], [ 1650.185566284015749, -294.878092428807804 ], [ 1646.047738708956786, -296.732980652110029 ], [ 1645.262978306790501, -299.301287422836197 ], [ 1639.626971782141482, -297.018348071079572 ] ] ] } },
{ "type": "Feature", "properties": { "code": "peloponnese ", "name": "Peloponnese", "capital": null, "culture": "greek", "civs": "spart", "provinceType": "land", "terrain": "hills", "mapTypes": null, "resources": null, "religion": null, "population": "high" }, "geometry": { "type": "Polygon", "coordinates": [ [ [ 1956.777187039448791, -622.016167350049955 ], [ 1960.558305340795641, -622.123180132163498 ], [ 1960.593976268166898, -624.085081137579323 ], [ 1963.090941184150552, -625.654601941912006 ], [ 1968.477251217201228, -626.118323997737434 ], [ 1972.401053228032879, -627.117109964130918 ], [ 1975.040701853501332, -627.545161092585317 ], [ 1975.718449473554074, -628.936327260061944 ], [ 1978.786149227476926, -629.756758589599485 ], [ 1981.247443216089096, -631.219266611818625 ], [ 1981.03341765186201, -637.069298700694844 ], [ 1983.245015148876064, -635.92782902481656 ], [ 1984.814535953208633, -633.216838544605594 ], [ 1986.812107885995829, -634.429650075226277 ], [ 1985.242587081663032, -637.711375393376443 ], [ 1987.953577561873999, -639.780289180905811 ], [ 1989.808465785176168, -640.565049583072096 ], [ 1986.312714902798916, -642.847988934828663 ], [ 1986.24137304805663, -645.202270141327631 ], [ 1984.600510388981547, -645.41629570555483 ], [ 1983.030989584648978, -643.775433046479748 ], [ 1982.246229182482693, -644.560193448646146 ], [ 1982.246229182482693, -645.63032126978203 ], [ 1979.891947975983612, -645.202270141327631 ], [ 1978.251085316908529, -644.203484174934147 ], [ 1978.536452735878129, -641.63517740420798 ], [ 1974.398625160819392, -640.06565659987541 ], [ 1975.540094836697563, -643.204698208540663 ], [ 1978.32242717165127, -647.913260621538257 ], [ 1980.748050232892638, -652.978532308248191 ], [ 1979.749264266499267, -657.045018028564641 ], [ 1979.89194797598384, -658.97124810660921 ], [ 1982.81696402042212, -660.184059637229893 ], [ 1983.245015148876519, -663.537126810122345 ], [ 1979.035845719075269, -662.252973424759261 ], [ 1977.609008624227272, -661.396871167850577 ], [ 1975.254727417728418, -660.184059637229893 ], [ 1974.612650725046933, -659.256615525578809 ], [ 1974.54130887030442, -657.401727302276527 ], [ 1972.829104356487051, -656.331599481140643 ], [ 1971.402267261639281, -657.330385447534127 ], [ 1970.118113876276084, -661.111503748880978 ], [ 1969.333353474109344, -662.181631570017203 ], [ 1970.189455731018143, -664.393229067031371 ], [ 1967.335781541322376, -665.962749871364053 ], [ 1965.766260736989807, -663.965177938576971 ], [ 1965.623577027505007, -661.967606005790003 ], [ 1965.908944446474607, -659.613324799291036 ], [ 1964.910158480081009, -656.688308754852869 ], [ 1963.34063767574844, -655.618180933716985 ], [ 1962.413193564097355, -654.048660129384416 ], [ 1960.772330905022272, -652.907190453506132 ], [ 1958.703417117492791, -654.833420531550701 ], [ 1960.201596067083074, -654.9047623862931 ], [ 1960.272937921825587, -658.115145849700752 ], [ 1958.98878453646239, -659.185273670836636 ], [ 1957.133896313160221, -657.901120285473553 ], [ 1955.564375508827652, -658.257829559185552 ], [ 1954.494247687691768, -658.043803994958353 ], [ 1952.996068738101485, -649.982174409067966 ], [ 1955.475198190400079, -643.882445828593404 ], [ 1948.555038280387862, -635.606790678475704 ], [ 1945.915389654919181, -632.610432779295138 ], [ 1948.733392917243691, -628.757972623205887 ], [ 1951.052003196371288, -628.151566857895773 ], [ 1954.868792425089168, -626.65338790830549 ], [ 1957.044718994732193, -625.012525249230521 ], [ 1956.545326011535508, -622.051838277421211 ], [ 1956.777187039448791, -622.016167350049955 ] ] ] } },
{ "type": "Feature", "properties": { "code": "hellas", "name": "Hellas", "capital": "Athenas", "culture": "greek", "civs": "athe", "provinceType": "land", "terrain": null, "mapTypes": null, "resources": null, "religion": null, "population": "high" }, "geometry": { "type": "Polygon", "coordinates": [ [ [ 1956.866364357875227, -620.58933025520173 ], [ 1957.294415486329399, -606.035591887753526 ], [ 1953.299271620755462, -594.763578838455373 ], [ 1973.5603583675952, -588.20012820215527 ], [ 1976.128665138321139, -589.769649006487839 ], [ 1976.842083685745138, -593.33674174360749 ], [ 1979.410390456471305, -593.907476581546689 ], [ 1980.409176422864903, -596.190415933303257 ], [ 1982.549432065136671, -598.616038994544624 ], [ 1981.978697227197472, -601.184345765270791 ], [ 1981.122594970288674, -602.611182860118674 ], [ 1984.11895286946924, -603.752652535996958 ], [ 1985.545789964317009, -606.89169414466221 ], [ 1989.398250120406374, -608.318531239510094 ], [ 1996.532435594645676, -609.602684624873177 ], [ 1998.244640108463045, -613.027093652508029 ], [ 1999.528793493826242, -617.592972356021164 ], [ 1999.528793493826242, -621.302748802625615 ], [ 2004.380039616308977, -622.301534769019099 ], [ 2004.094672197339378, -629.007669114804003 ], [ 1998.672691236917444, -625.440576377684351 ], [ 1996.389751885160877, -623.014953316443098 ], [ 1987.971413025558377, -614.881981875810197 ], [ 1985.117738835862838, -611.742940267144945 ], [ 1982.264064646167071, -608.746582367964493 ], [ 1978.839655618532106, -606.606326725692611 ], [ 1979.267706746986505, -602.753866569603474 ], [ 1978.982339328016906, -600.613610927331592 ], [ 1975.129879171927769, -597.902620447120739 ], [ 1974.131093205534171, -601.897764312694676 ], [ 1975.843297719351767, -602.040448022179476 ], [ 1975.557930300382168, -604.894122211875242 ], [ 1975.985981428836567, -607.747796401570895 ], [ 1976.984767395229937, -610.316103172297062 ], [ 1979.125023037501705, -611.314889138690546 ], [ 1982.121380936682272, -611.172205429205746 ], [ 1983.548218031530041, -613.312461071477628 ], [ 1986.259208511741008, -616.59418638962768 ], [ 1988.399464154012776, -616.45150268014288 ], [ 1989.683617539375973, -617.878339774990764 ], [ 1993.964128823919509, -622.0161673500495 ], [ 1995.819017047221678, -622.586902187988699 ], [ 1996.247068175676077, -629.150352824288802 ], [ 1997.388537851554247, -633.288180399347652 ], [ 1994.677547371343508, -634.857701203680335 ], [ 1992.109240600617341, -633.716231527801938 ], [ 1989.255566410921574, -629.293036533773602 ], [ 1985.973841092771409, -630.006455081197601 ], [ 1983.97626915998444, -627.866199438925719 ], [ 1980.694543841834275, -630.006455081197601 ], [ 1977.983553361623535, -630.006455081197601 ], [ 1975.843297719351767, -628.008883148410519 ], [ 1976.128665138321139, -626.867413472532235 ], [ 1980.551860132349702, -626.439362344077949 ], [ 1979.838441584925704, -623.585688154382183 ], [ 1974.41646062450377, -624.299106701806068 ], [ 1972.846939820171201, -623.443004444897383 ], [ 1969.565214502021036, -621.160065093140815 ], [ 1967.710326278718867, -621.8734836405647 ], [ 1963.429814994175331, -622.729585897473498 ], [ 1959.006620000146995, -621.302748802625615 ], [ 1959.006620000146995, -622.1588510595343 ], [ 1956.580996938905628, -622.586902187988699 ], [ 1956.081603955708715, -621.944825495307327 ], [ 1956.866364357875227, -620.58933025520173 ] ] ] } },
{ "type": "Feature", "properties": { "code": "thessalia", "name": "Thessalia", "capital": "Macedonia", "culture": "greek", "civs": "mace", "provinceType": "land", "terrain": null, "mapTypes": null, "resources": null, "religion": null, "population": "high" }, "geometry": { "type": "Polygon", "coordinates": [ [ [ 1973.346332803368341, -588.342811911639842 ], [ 1953.227929766013403, -594.763578838455146 ], [ 1942.098600426200164, -578.640319666674372 ], [ 1942.098600426200164, -567.796357745830619 ], [ 1946.5217954202285, -556.52434469653258 ], [ 1952.799878637559004, -549.390159222293278 ], [ 1960.790166368704604, -553.813354216321613 ], [ 1970.492658613670073, -557.237763243956465 ], [ 1988.898857137209916, -566.797571779437135 ], [ 1986.615917785453348, -567.653674036345819 ], [ 1988.042754880301118, -569.936613388102387 ], [ 1989.326908265664315, -570.221980807071986 ], [ 1990.896429069996884, -573.075654996767753 ], [ 1995.46230777351002, -574.645175801100322 ], [ 1999.172084220114584, -577.498849990796089 ], [ 1996.889144868358017, -579.496421923583057 ], [ 1995.17694035454042, -577.213482571826489 ], [ 1994.17815438814705, -576.642747733887404 ], [ 1989.184224556179515, -575.50127805800912 ], [ 1988.328122299270717, -576.357380314917805 ], [ 1990.183010522573113, -577.784217409765688 ], [ 1993.036684712268652, -578.783003376159172 ], [ 1991.752531326905682, -583.491565789157107 ], [ 1988.042754880301118, -583.063514660702708 ], [ 1988.042754880301118, -580.495207889976541 ], [ 1984.903713271635979, -577.926901119250488 ], [ 1982.906141338849011, -577.641533700280888 ], [ 1984.33297843369678, -580.92325901843094 ], [ 1988.470806008755517, -584.490351755550591 ], [ 1986.473234075968548, -586.630607397822359 ], [ 1981.336620534516214, -582.492779822763623 ], [ 1979.767099730183645, -580.067156761522256 ], [ 1978.768313763790047, -577.784217409765688 ], [ 1975.771955864609708, -576.357380314917805 ], [ 1975.343904736155309, -573.931757253676437 ], [ 1975.05853731718571, -570.792715645011185 ], [ 1972.204863127489944, -575.073226929554721 ], [ 1970.920709742126974, -580.067156761522256 ], [ 1969.921923775733376, -582.207412403794024 ], [ 1972.918281674913942, -585.346454012459276 ], [ 1973.917067641307312, -586.773291107307159 ], [ 1973.346332803368341, -588.342811911639842 ] ] ] } },
{ "type": "Feature", "properties": { "code": "pella", "name": "Pella", "capital": "Pella", "culture": null, "civs": "mace", "provinceType": "land", "terrain": null, "mapTypes": null, "resources": null, "religion": null, "population": "high" }, "geometry": { "type": "Polygon", "coordinates": [ [ [ 1953.441955330235714, -594.941933475310634 ], [ 1926.189366818641702, -596.939505408097602 ], [ 1925.190580852248104, -601.220016692641252 ], [ 1932.610133745457006, -610.637141518637122 ], [ 1937.033328739485341, -613.490815708332775 ], [ 1940.885788895574478, -620.054266344632993 ], [ 1943.311411956815846, -623.621359081752644 ], [ 1943.882146794755045, -625.761614724024412 ], [ 1948.733392917237779, -626.617716980933096 ], [ 1957.86515032426405, -623.335991662783044 ], [ 1956.72368064838588, -621.623787148965675 ], [ 1957.294415486324851, -613.06276457987849 ], [ 1957.86515032426405, -606.213946524608673 ], [ 1953.441955330235714, -594.941933475310634 ] ] ] } },
{ "type": "Feature", "properties": { "code": "gaetuli", "name": "Gaetuli", "capital": null, "culture": null, "civs": "cart", "provinceType": "land", "terrain": "desert", "mapTypes": null, "resources": null, "religion": null, "population": "low" }, "geometry": { "type": "Polygon", "coordinates": [ [ [ 1606.261118047235641, -802.374242441311708 ], [ 1629.116230491300939, -771.987331578179578 ], [ 1676.904192874346336, -745.236461331148689 ], [ 1689.890052217565199, -737.444945725217281 ], [ 1687.292880348921472, -731.471450427336663 ], [ 1621.584432072233994, -697.708216134967529 ], [ 1555.356549421817363, -697.448498948103293 ], [ 1474.584504306995996, -717.18700514979605 ], [ 1468.351291822250914, -732.250601987929826 ], [ 1445.755896565049852, -740.042117593861121 ], [ 1448.612785620558043, -757.702886300638852 ], [ 1449.65165436801567, -769.909594083264551 ], [ 1456.404301226489451, -776.921958128602796 ], [ 1458.222321534540015, -780.298281557839687 ], [ 1459.780624655726342, -781.59686749216155 ], [ 1462.897230898098996, -788.609231537499682 ], [ 1467.312423074793287, -789.648100284957195 ], [ 1469.909594943437241, -794.842444022244763 ], [ 1474.584504306995996, -802.633959628176058 ], [ 1476.402524615046559, -808.607454926056789 ], [ 1478.999696483690286, -811.98377835529368 ], [ 1482.116302726062941, -813.022647102751193 ], [ 1484.973191781571131, -817.178122092581248 ], [ 1486.271777715892995, -823.411334577326329 ], [ 1486.531494902757231, -827.566809567156383 ], [ 1488.868949584536722, -833.020870491308301 ], [ 1494.063293321824176, -838.734648602324569 ], [ 1497.959051124789994, -842.890123592154623 ], [ 1502.374243301484285, -846.266447021391514 ], [ 1508.607455786229366, -850.421922011221568 ], [ 1514.321233897245747, -851.201073571814732 ], [ 1522.891901063770092, -847.824750142577841 ], [ 1530.943133856565964, -842.890123592154623 ], [ 1535.877760406989182, -838.215214228595869 ], [ 1545.227579134106691, -834.319456425630165 ], [ 1551.460791618851772, -831.202850183257624 ], [ 1561.589761906562444, -828.605678314613897 ], [ 1569.640994699358089, -818.736425213767461 ], [ 1578.211661865882661, -813.282364289615543 ], [ 1587.301763406135933, -811.204626794700516 ], [ 1591.976672769694687, -811.46434398156498 ], [ 1597.430733693846605, -805.750565870548598 ], [ 1606.261118047235641, -802.374242441311708 ] ] ] } }
]
}
