{
  "type": "FeatureCollection",
  "name": "provinces",
  "crs": {
    "type": "name",
    "properties": {
      "name": "urn:ogc:def:crs:EPSG::3857"
    }
  },
  "features": [
    {
      "type": "Feature",
      "properties": {
        "fid": 1001,
        "code": "ocean_pacific_austral",
        "name": "Ocean Pacific Austral",
        "capital": null,
        "culture": null,
        "civs": null,
        "provinceType": "ocean",
        "terrain": null,
        "mapTypes": null,
        "resources": null,
        "religion": null,
        "population": null,
        "centerpoint": [
          101,
          1939
        ],
        "position": {
          "x": 0,
          "y": 1864
        },
        "bbox": {
          "w": 251,
          "h": 184
        }
      },
      "geometry": {
        "type": "Polygon",
        "coordinates": [
          [
            [
              0.530122074996399,
              -1866.3785029486019
            ],
            [
              250.97176439521996,
              -1863.909359996149
            ],
            [
              251.17017766818796,
              -2048.0368773076375
            ],
            [
              -0.004491466044955,
              -2048.0203428682235
            ],
            [
              0.530122074996399,
              -1866.3785029486019
            ]
          ]
        ]
      }
    },
    {
      "type": "Feature",
      "properties": {
        "fid": 1002,
        "code": "kamchatka",
        "name": "Kamchatka",
        "capital": null,
        "culture": null,
        "civs": null,
        "provinceType": "land",
        "terrain": "taiga",
        "mapTypes": null,
        "resources": null,
        "religion": null,
        "population": "low",
        "centerpoint": [
          4009,
          167
        ],
        "position": {
          "x": 3843,
          "y": 0
        },
        "bbox": {
          "w": 253,
          "h": 302
        }
      },
      "geometry": {
        "type": "Polygon",
        "coordinates": [
          [
            [
              3843.649076510601,
              0.287175533757775
            ],
            [
              3852.8212985267833,
              -156.32851539254807
            ],
            [
              3862.6814371941787,
              -156.32851539254807
            ],
            [
              3868.872687055102,
              -148.99073777960257
            ],
            [
              3870.4778259079335,
              -142.3408768178707
            ],
            [
              3878.732825722497,
              -147.84421002757983
            ],
            [
              3888.8222699402972,
              -140.96504351544343
            ],
            [
              3900.9754641117383,
              -143.94601567070254
            ],
            [
              3910.14768612792,
              -148.07351557798438
            ],
            [
              3920.4664358961245,
              -141.19434906584797
            ],
            [
              3931.2437967651385,
              -145.55115452353436
            ],
            [
              3950.734768549525,
              -143.2580990194889
            ],
            [
              3956.2381017592343,
              -141.19434906584797
            ],
            [
              3973.894629140384,
              -147.38559892677074
            ],
            [
              4022.048794725339,
              -132.71004370087974
            ],
            [
              4026.4056001830254,
              -121.93268283186602
            ],
            [
              4024.5711557797904,
              -90.28851687603844
            ],
            [
              4040.622544308109,
              -96.25046118655669
            ],
            [
              4049.1068496730772,
              -110.00879421082954
            ],
            [
              4061.718654945327,
              -92.12296127927482
            ],
            [
              4070.2029603102956,
              -93.95740568251121
            ],
            [
              4062.6358771469454,
              -107.25712760597497
            ],
            [
              4062.6358771469454,
              -116.88796072296597
            ],
            [
              4059.8842105420904,
              -142.7994879186798
            ],
            [
              4045.4379608666036,
              -148.0735155779844
            ],
            [
              4047.7310163706493,
              -159.30948754780727
            ],
            [
              4041.5397665097266,
              -169.39893176560736
            ],
            [
              4044.75004421539,
              -181.0935148362393
            ],
            [
              4044.75004421539,
              -188.43129244918487
            ],
            [
              4049.5654607738857,
              -191.87087570525307
            ],
            [
              4056.4446272860214,
              -205.62920872952606
            ],
            [
              4063.0944882477534,
              -207.92226423357152
            ],
            [
              4061.718654945326,
              -219.15823620339438
            ],
            [
              4071.1201825119124,
              -221.90990280824894
            ],
            [
              4072.7253213647446,
              -231.08212482443088
            ],
            [
              4076.1649046208126,
              -235.66823583252184
            ],
            [
              4077.5407379232397,
              -247.13351335274925
            ],
            [
              4073.1839324655543,
              -256.30573536893127
            ],
            [
              4083.04407113295,
              -257.9108742217631
            ],
            [
              4067.680599255845,
              -269.14684619158595
            ],
            [
              4061.718654945327,
              -280.84142926221784
            ],
            [
              4056.673932836426,
              -297.1221233409406
            ],
            [
              4064.9289326509897,
              -301.9375398994361
            ],
            [
              4088.3180987922537,
              -265.477957385113
            ],
            [
              4096.802404157222,
              -243.00601344546726
            ],
            [
              4096.028497924607,
              -236.8147635845445
            ],
            [
              4096.000058662006,
              9.5733249829e-05
            ],
            [
              3843.649076510601,
              0.287175533757775
            ]
          ]
        ]
      }
    },
    {
      "type": "Feature",
      "properties": {
        "fid": 1003,
        "code": "caatinga",
        "name": "Caatinga",
        "capital": null,
        "culture": null,
        "civs": null,
        "provinceType": "land",
        "terrain": "semi_arid",
        "mapTypes": null,
        "resources": null,
        "religion": null,
        "population": "medium",
        "centerpoint": [
          1172,
          1298
        ],
        "position": {
          "x": 1068,
          "y": 1193
        },
        "bbox": {
          "w": 186,
          "h": 242
        }
      },
      "geometry": {
        "type": "Polygon",
        "coordinates": [
          [
            [
              1099.9535665598844,
              -1195.061950777831
            ],
            [
              1104.5884049974418,
              -1195.6638778476436
            ],
            [
              1114.7609724772751,
              -1193.256169568393
            ],
            [
              1127.2810555293775,
              -1203.0073880993573
            ],
            [
              1131.2537741901406,
              -1205.6558672065328
            ],
            [
              1142.20884686073,
              -1211.9761014395654
            ],
            [
              1158.099721503783,
              -1211.675137904659
            ],
            [
              1163.637450546059,
              -1215.587663858441
            ],
            [
              1176.6390752540115,
              -1217.0322888259911
            ],
            [
              1182.8991167800627,
              -1222.8107886961923
            ],
            [
              1190.122241617814,
              -1234.8493300924445
            ],
            [
              1200.234616390666,
              -1241.5909132743457
            ],
            [
              1211.7916161310682,
              -1241.5909132743457
            ],
            [
              1217.0885743454191,
              -1248.814038112097
            ],
            [
              1238.276407202823,
              -1249.7771214237973
            ],
            [
              1248.388781975675,
              -1257.0002462615487
            ],
            [
              1245.4995320405746,
              -1280.5957873982034
            ],
            [
              1251.759573566626,
              -1285.8927456125543
            ],
            [
              1254.1672818458762,
              -1307.5621201258084
            ],
            [
              1249.8334069432256,
              -1325.3791613922617
            ],
            [
              1240.2025738262237,
              -1339.8254110677644
            ],
            [
              1236.831782235273,
              -1347.0485359055158
            ],
            [
              1225.2747824948708,
              -1355.2347440549672
            ],
            [
              1216.6070326895692,
              -1366.7917437953695
            ],
            [
              1213.7177827544688,
              -1378.3487435357715
            ],
            [
              1205.050032949167,
              -1387.9795766527734
            ],
            [
              1198.3084497672658,
              -1383.1641600942726
            ],
            [
              1197.8269081114156,
              -1398.5734930814754
            ],
            [
              1195.9007414880152,
              -1412.056659445278
            ],
            [
              1199.271533078966,
              -1435.1706589260823
            ],
            [
              1067.8106610318912,
              -1409.1674095101775
            ],
            [
              1073.5891609020923,
              -1392.3134515554243
            ],
            [
              1081.2938273956938,
              -1375.459493600671
            ],
            [
              1089.9615772009954,
              -1363.9024938602688
            ],
            [
              1104.4078268764981,
              -1351.3824108081667
            ],
            [
              1109.223243434999,
              -1335.9730778209637
            ],
            [
              1114.0386599935,
              -1331.6392029183128
            ],
            [
              1131.8557012599533,
              -1314.3037033077096
            ],
            [
              1099.9535665598844,
              -1195.061950777831
            ]
          ]
        ]
      }
    },
    {
      "type": "Feature",
      "properties": {
        "fid": 1004,
        "code": "pampas",
        "name": "Pampas",
        "capital": null,
        "culture": null,
        "civs": null,
        "provinceType": "land",
        "terrain": "plains",
        "mapTypes": null,
        "resources": null,
        "religion": null,
        "population": null,
        "centerpoint": [
          937,
          1669
        ],
        "position": {
          "x": 843,
          "y": 1578
        },
        "bbox": {
          "w": 221,
          "h": 169
        }
      },
      "geometry": {
        "type": "Polygon",
        "coordinates": [
          [
            [
              897.8601761764808,
              -1578.0240113680804
            ],
            [
              881.9497029478792,
              -1589.2549336470934
            ],
            [
              885.6933437075502,
              -1601.8897212109828
            ],
            [
              879.609927473085,
              -1608.2071149929275
            ],
            [
              875.866286713414,
              -1629.2650942660766
            ],
            [
              856.6801278201004,
              -1659.2142203434441
            ],
            [
              848.7248912057997,
              -1665.2976365779093
            ],
            [
              842.6414749713344,
              -1688.2274362308938
            ],
            [
              846.8530708259643,
              -1719.580427593138
            ],
            [
              846.7360820522244,
              -1722.7391244841103
            ],
            [
              856.2121727251415,
              -1728.0036193023975
            ],
            [
              866.5071848142366,
              -1729.056518266055
            ],
            [
              874.8133877497564,
              -1735.1399345005202
            ],
            [
              883.5875457802351,
              -1733.5020916681642
            ],
            [
              892.0107374894948,
              -1740.8723844137664
            ],
            [
              910.2609861928906,
              -1739.9364742238486
            ],
            [
              913.419683083863,
              -1746.721823100752
            ],
            [
              930.5000440498616,
              -1742.9781823410813
            ],
            [
              950.0371692643943,
              -1721.101281651754
            ],
            [
              971.212137311283,
              -1709.2854155040427
            ],
            [
              993.3230155480899,
              -1690.333234158209
            ],
            [
              1001.7462072573494,
              -1681.67606490147
            ],
            [
              1023.9740742678956,
              -1654.0667142988968
            ],
            [
              1028.6536252174842,
              -1650.557051086705
            ],
            [
              1031.6953333347167,
              -1639.7940839026512
            ],
            [
              1036.3748842843054,
              -1636.9863533328978
            ],
            [
              1037.778749569182,
              -1631.8388472883503
            ],
            [
              1048.3077392057564,
              -1624.585543316488
            ],
            [
              1053.2212677028247,
              -1620.841902556817
            ],
            [
              1053.923200345263,
              -1614.2905312273929
            ],
            [
              1063.4229955193355,
              -1604.9328110998397
            ],
            [
              897.8601761764808,
              -1578.0240113680804
            ]
          ]
        ]
      }
    },
    {
      "type": "Feature",
      "properties": {
        "fid": 1005,
        "code": "wallmapu",
        "name": "Wallmapu",
        "capital": null,
        "culture": null,
        "civs": null,
        "provinceType": "land",
        "terrain": "mountainous",
        "mapTypes": null,
        "resources": null,
        "religion": null,
        "population": "low",
        "centerpoint": [
          620,
          1694
        ],
        "position": {
          "x": 569,
          "y": 1547
        },
        "bbox": {
          "w": 153,
          "h": 281
        }
      },
      "geometry": {
        "type": "Polygon",
        "coordinates": [
          [
            [
              621.6825701529913,
              -1546.9104670477632
            ],
            [
              721.4336696429738,
              -1555.9918872715552
            ],
            [
              680.33586750064,
              -1737.8009618882006
            ],
            [
              679.5736179608883,
              -1753.045952683233
            ],
            [
              690.626236287287,
              -1764.289133394569
            ],
            [
              697.8676069149275,
              -1774.770064566154
            ],
            [
              699.5826683793687,
              -1782.5831223486082
            ],
            [
              642.6045152829346,
              -1827.7464075788919
            ],
            [
              568.2851851571512,
              -1810.2146681646045
            ],
            [
              573.2398071655367,
              -1802.0204856122746
            ],
            [
              572.763401203192,
              -1795.064958562041
            ],
            [
              576.57464890195,
              -1788.3952750892142
            ],
            [
              572.763401203192,
              -1781.4397480389807
            ],
            [
              571.5247457010955,
              -1764.765539356914
            ],
            [
              576.8604924793569,
              -1757.9052934991491
            ],
            [
              584.2924254919353,
              -1752.474265528419
            ],
            [
              588.3895167681003,
              -1737.419837118324
            ],
            [
              597.8223548225266,
              -1707.8826674529485
            ],
            [
              604.1585541217119,
              -1686.158555570027
            ],
            [
              596.9171834940714,
              -1654.5251996703346
            ],
            [
              604.1585541217119,
              -1649.1894528920734
            ],
            [
              602.2529302723328,
              -1624.0352180802697
            ],
            [
              615.2111724481103,
              -1595.4508603395839
            ],
            [
              623.2147926155023,
              -1564.5797539796433
            ],
            [
              621.5212421845449,
              -1555.138193438527
            ],
            [
              621.9514501004019,
              -1552.2342900064928
            ],
            [
              621.7363461424732,
              -1550.2983543851371
            ],
            [
              621.6825701529913,
              -1546.9104670477632
            ]
          ]
        ]
      }
    },
    {
      "type": "Feature",
      "properties": {
        "fid": 1008,
        "code": "ushuaia",
        "name": "Ushuaia",
        "capital": null,
        "culture": null,
        "civs": null,
        "provinceType": "land",
        "terrain": "tundra",
        "mapTypes": null,
        "resources": null,
        "religion": null,
        "population": null,
        "centerpoint": [
          700,
          1911
        ],
        "position": {
          "x": 545,
          "y": 1753
        },
        "bbox": {
          "w": 270,
          "h": 289
        }
      },
      "geometry": {
        "type": "Polygon",
        "coordinates": [
          [
            [
              568.9475887808815,
              -1811.2197146594026
            ],
            [
              642.9928094729887,
              -1827.8209361139386
            ],
            [
              699.6822077353535,
              -1782.5448776015671
            ],
            [
              698.0786806630402,
              -1775.0460304104563
            ],
            [
              690.6741585938296,
              -1764.1043162699664
            ],
            [
              679.5909567704887,
              -1752.926789324725
            ],
            [
              801.317526583437,
              -1783.4409662596245
            ],
            [
              807.7316348726897,
              -1794.7599808877173
            ],
            [
              808.6748860916974,
              -1800.419488201764
            ],
            [
              814.7116938933469,
              -1804.1924930777948
            ],
            [
              813.391142186736,
              -1810.0406506356426
            ],
            [
              806.5997334098804,
              -1813.4363550240705
            ],
            [
              810.7500387735145,
              -1821.5483155075372
            ],
            [
              802.8267285338494,
              -1827.5851233091867
            ],
            [
              786.6028075669165,
              -1828.151074040591
            ],
            [
              767.5491329429602,
              -1820.2277638009261
            ],
            [
              762.0782758727153,
              -1825.698620871171
            ],
            [
              765.6626305049446,
              -1837.0176354992643
            ],
            [
              770.5675368437849,
              -1840.036039400089
            ],
            [
              776.9816451330374,
              -1839.6587389124861
            ],
            [
              771.3221378189911,
              -1854.467783050907
            ],
            [
              758.8712217280889,
              -1860.5989159744572
            ],
            [
              758.6825714842875,
              -1872.9555069434584
            ],
            [
              746.0430051495839,
              -1881.8220684021321
            ],
            [
              738.496995397522,
              -1881.2561176707275
            ],
            [
              727.3666310132307,
              -1883.3312703525444
            ],
            [
              713.2178627281147,
              -1891.2545805922093
            ],
            [
              713.2178627281147,
              -1901.0643932698897
            ],
            [
              716.9908676041457,
              -1905.2146986335238
            ],
            [
              725.2914783314137,
              -1905.2146986335238
            ],
            [
              732.8374880834756,
              -1908.9877035095546
            ],
            [
              730.9509856454602,
              -1916.345063017815
            ],
            [
              729.4417836950478,
              -1926.1548756954953
            ],
            [
              717.1795178479472,
              -1926.9094766707017
            ],
            [
              703.0307495628311,
              -1936.9079395921835
            ],
            [
              700.200995905808,
              -1948.8872300735818
            ],
            [
              692.5606610318453,
              -1952.660234949613
            ],
            [
              685.4862768892873,
              -1950.5850822677958
            ],
            [
              681.9962473789586,
              -1955.3013383628345
            ],
            [
              676.2424149430115,
              -1960.6778703111786
            ],
            [
              677.5629666496224,
              -1970.016057379355
            ],
            [
              683.5997744512719,
              -1974.8266385962945
            ],
            [
              691.1457842033337,
              -1976.335840546707
            ],
            [
              691.9947103004407,
              -1982.8442739578604
            ],
            [
              695.3904146888685,
              -1989.9186581004185
            ],
            [
              693.5982373727538,
              -1992.3711112698386
            ],
            [
              698.125843223991,
              -1997.9362934619842
            ],
            [
              697.7485427363879,
              -2003.878776141733
            ],
            [
              699.4463949306017,
              -2008.2177317491671
            ],
            [
              716.9908676041457,
              -2014.2545395508166
            ],
            [
              726.2347295504214,
              -2017.5559188173436
            ],
            [
              734.1580397900864,
              -2021.8005493028784
            ],
            [
              753.2117144140427,
              -2020.3856724743669
            ],
            [
              758.7768966061883,
              -2022.6494753999857
            ],
            [
              759.9087980689976,
              -2031.1387363710553
            ],
            [
              712.5575868748092,
              -2034.9117412470862
            ],
            [
              694.8244639574639,
              -2027.931682226429
            ],
            [
              694.6358137136623,
              -2033.2138890528722
            ],
            [
              708.0299810235722,
              -2037.7414949041095
            ],
            [
              709.9164834615876,
              -2041.7031500239418
            ],
            [
              700.4839712715103,
              -2041.8918002677435
            ],
            [
              664.4517747054148,
              -2036.232292953697
            ],
            [
              628.7968786269224,
              -2028.308982714032
            ],
            [
              599.9333913252858,
              -2015.669416379329
            ],
            [
              572.5791059740615,
              -1996.993042242976
            ],
            [
              549.7524264740744,
              -1957.1878408008492
            ],
            [
              544.2815694038295,
              -1926.8151515488003
            ],
            [
              546.1680718418451,
              -1899.649516441378
            ],
            [
              550.5070274492806,
              -1871.9179306025505
            ],
            [
              564.467145490595,
              -1855.505359391816
            ],
            [
              562.4863179306786,
              -1843.9976945199219
            ],
            [
              570.7869286579468,
              -1821.7369657513389
            ],
            [
              569.0890764637329,
              -1810.6066013670477
            ],
            [
              609.5545537591647,
              -1820.2277638009266
            ],
            [
              568.9475887808815,
              -1811.2197146594026
            ]
          ]
        ]
      }
    },
    {
      "type": "Feature",
      "properties": {
        "fid": 1007,
        "code": "marajo",
        "name": "Marajo",
        "capital": null,
        "culture": null,
        "civs": null,
        "provinceType": "land",
        "terrain": "tropical_florest",
        "mapTypes": null,
        "resources": null,
        "religion": null,
        "population": null,
        "centerpoint": [
          971,
          1162
        ],
        "position": {
          "x": 935,
          "y": 1134
        },
        "bbox": {
          "w": 74,
          "h": 48
        }
      },
      "geometry": {
        "type": "Polygon",
        "coordinates": [
          [
            [
              963.7163702470016,
              -1133.5056502640068
            ],
            [
              1008.6999485861406,
              -1155.7821099395749
            ],
            [
              993.244176439377,
              -1158.1535575838595
            ],
            [
              987.8256943219124,
              -1167.253298544487
            ],
            [
              986.2814958558663,
              -1175.9945648612115
            ],
            [
              975.3755941894165,
              -1181.130403509445
            ],
            [
              953.2579620365519,
              -1177.580370579473
            ],
            [
              941.4922527997961,
              -1176.0863122636947
            ],
            [
              934.4336536097427,
              -1158.091513895491
            ],
            [
              963.7163702470016,
              -1133.5056502640068
            ]
          ]
        ]
      }
    },
    {
      "type": "Feature",
      "properties": {
        "fid": 1006,
        "code": "amazon_eastern",
        "name": "Eastern Amazon",
        "capital": null,
        "culture": null,
        "civs": null,
        "provinceType": "land",
        "terrain": "tropical_florest",
        "mapTypes": null,
        "resources": null,
        "religion": null,
        "population": "medium",
        "centerpoint": [
          906,
          1183
        ],
        "position": {
          "x": 733,
          "y": 1109
        },
        "bbox": {
          "w": 320,
          "h": 194
        }
      },
      "geometry": {
        "type": "Polygon",
        "coordinates": [
          [
            [
              963.7031944562902,
              -1133.759401152088
            ],
            [
              926.347671155935,
              -1108.904427285833
            ],
            [
              845.2190095119145,
              -1110.5914447419686
            ],
            [
              740.6300776535645,
              -1111.9053760467218
            ],
            [
              733.0092760859962,
              -1127.6725517037596
            ],
            [
              750.3531693087378,
              -1133.4538494446733
            ],
            [
              759.2879021810593,
              -1156.5790404083286
            ],
            [
              754.0321769620466,
              -1169.1927809339586
            ],
            [
              757.7111846153555,
              -1184.9599565909964
            ],
            [
              745.0974440897253,
              -1212.815300251763
            ],
            [
              746.6741616554291,
              -1231.7359110402083
            ],
            [
              756.6600395715529,
              -1249.07980426295
            ],
            [
              783.6370076052002,
              -1283.2023960599229
            ],
            [
              931.2625317598267,
              -1160.7387112658555
            ],
            [
              931.4555565680823,
              -1160.4905365123839
            ],
            [
              934.4349451046529,
              -1158.1557579740324
            ],
            [
              941.7272638460329,
              -1176.419403110101
            ],
            [
              975.363905247713,
              -1181.1495558072127
            ],
            [
              986.269535077164,
              -1176.0252237186753
            ],
            [
              987.8462526428677,
              -1167.2218839768293
            ],
            [
              993.2333709923556,
              -1158.1557579740327
            ],
            [
              1008.7377603884427,
              -1155.790681625477
            ],
            [
              1051.3091346624444,
              -1171.6892504129894
            ],
            [
              1052.7434641864622,
              -1174.6732394892222
            ],
            [
              1052.3859436366101,
              -1178.7847258125212
            ],
            [
              1049.1682586879413,
              -1181.2873696614859
            ],
            [
              1043.8054504401598,
              -1186.6501779092673
            ],
            [
              1039.3364435670087,
              -1190.2253834077883
            ],
            [
              1018.7790119505133,
              -1203.989924577094
            ],
            [
              976.7256572741609,
              -1244.121606297991
            ],
            [
              914.7489113314411,
              -1269.600531733544
            ],
            [
              907.3443255684888,
              -1302.989599334575
            ],
            [
              783.6284796016101,
              -1283.2091699039122
            ],
            [
              963.7031944562902,
              -1133.759401152088
            ]
          ]
        ]
      }
    },
    {
      "type": "Feature",
      "properties": {
        "fid": 1009,
        "code": "pindorama",
        "name": "Pindorama",
        "capital": null,
        "culture": null,
        "civs": null,
        "provinceType": "land",
        "terrain": "tropical_florest",
        "mapTypes": null,
        "resources": null,
        "religion": null,
        "population": "medium",
        "centerpoint": [
          1083,
          1508
        ],
        "position": {
          "x": 898,
          "y": 1409
        },
        "bbox": {
          "w": 301,
          "h": 196
        }
      },
      "geometry": {
        "type": "Polygon",
        "coordinates": [
          [
            [
              1063.3180459866371,
              -1604.8989568592579
            ],
            [
              1064.771565389188,
              -1583.0790655927244
            ],
            [
              1064.429560823882,
              -1576.1021724604784
            ],
            [
              1072.4666681085769,
              -1564.3030149574151
            ],
            [
              1071.919460804087,
              -1555.5476980855772
            ],
            [
              1080.1275703714352,
              -1550.8964359974132
            ],
            [
              1083.4108141983743,
              -1545.6979666047594
            ],
            [
              1099.8270333330706,
              -1536.3954424284316
            ],
            [
              1115.422441511032,
              -1533.933009558227
            ],
            [
              1120.894514555931,
              -1526.2721072953689
            ],
            [
              1122.5361364694004,
              -1522.7152598161847
            ],
            [
              1133.480282559198,
              -1519.4320159892454
            ],
            [
              1143.0564103877707,
              -1520.2528269459801
            ],
            [
              1161.1142514359367,
              -1518.0639977280207
            ],
            [
              1169.8695683077747,
              -1510.1294918129174
            ],
            [
              1171.7847938734894,
              -1500.8269676365896
            ],
            [
              1181.634525354307,
              -1486.5995777198527
            ],
            [
              1183.0025436155317,
              -1471.5513768463813
            ],
            [
              1190.6634458783901,
              -1464.9848891925028
            ],
            [
              1193.3994824008394,
              -1454.3143467549503
            ],
            [
              1191.7578604873697,
              -1448.2950664055616
            ],
            [
              1198.0507444890034,
              -1442.549389708418
            ],
            [
              1198.871555445738,
              -1435.9829020545394
            ],
            [
              1199.1451590979832,
              -1435.2988929239268
            ],
            [
              1067.828231191612,
              -1409.161194020403
            ],
            [
              1022.9230317669114,
              -1432.0370243823188
            ],
            [
              1011.431678372624,
              -1442.4339631676264
            ],
            [
              994.4682519334378,
              -1449.000450821505
            ],
            [
              972.032752449353,
              -1464.3222553472215
            ],
            [
              968.2023013179239,
              -1479.096852568448
            ],
            [
              953.4277040966972,
              -1493.3242424851849
            ],
            [
              933.1810338305719,
              -1512.4764981423305
            ],
            [
              915.6704000868958,
              -1538.7424487578444
            ],
            [
              904.7262539970984,
              -1562.8195701553989
            ],
            [
              897.8861626909752,
              -1578.0216730832574
            ],
            [
              1063.3180459866371,
              -1604.8989568592579
            ]
          ]
        ]
      }
    },
    {
      "type": "Feature",
      "properties": {
        "fid": 1010,
        "code": "paraguai",
        "name": "Paraguai",
        "capital": null,
        "culture": null,
        "civs": null,
        "provinceType": "land",
        "terrain": "wetland",
        "mapTypes": null,
        "resources": null,
        "religion": null,
        "population": "medium",
        "centerpoint": [
          844,
          1541
        ],
        "position": {
          "x": 731,
          "y": 1389
        },
        "bbox": {
          "w": 241,
          "h": 277
        }
      },
      "geometry": {
        "type": "Polygon",
        "coordinates": [
          [
            [
              968.3082148818221,
              -1479.218657984726
            ],
            [
              972.0584111565058,
              -1464.4936226120703
            ],
            [
              898.433234293228,
              -1457.98592907659
            ],
            [
              893.138839552498,
              -1432.8375540581224
            ],
            [
              829.6061026637371,
              -1402.8359838606518
            ],
            [
              797.3985346576293,
              -1389.1587974470992
            ],
            [
              747.9841837441487,
              -1451.3679356506775
            ],
            [
              733.8657977688686,
              -1498.135089193793
            ],
            [
              730.9980006176398,
              -1512.915274511665
            ],
            [
              748.4253833058765,
              -1517.8787695810993
            ],
            [
              756.5875751978352,
              -1523.614363883557
            ],
            [
              763.2055686237478,
              -1527.5851599391044
            ],
            [
              774.4561574477992,
              -1526.9233605965132
            ],
            [
              781.2947506545755,
              -1538.3945492014284
            ],
            [
              793.8689381638095,
              -1543.247744380431
            ],
            [
              796.7367353150382,
              -1564.425323343351
            ],
            [
              833.1356991575574,
              -1582.5145053741787
            ],
            [
              819.127613072709,
              -1613.9499741472634
            ],
            [
              815.7083164693202,
              -1631.7082565067958
            ],
            [
              814.8259173458653,
              -1641.8558464265284
            ],
            [
              809.5315226051351,
              -1654.8712334974898
            ],
            [
              848.5776838180193,
              -1666.121822321541
            ],
            [
              856.7950256551942,
              -1659.1729292243328
            ],
            [
              875.9596316177327,
              -1629.309233889902
            ],
            [
              879.6822529198084,
              -1608.1868048721976
            ],
            [
              885.7487468935617,
              -1601.8721361449727
            ],
            [
              881.97097564627,
              -1589.3255236083469
            ],
            [
              897.9920347315,
              -1577.9370599212557
            ],
            [
              915.5572922827761,
              -1539.001198598804
            ],
            [
              933.2052747518762,
              -1512.4189250047211
            ],
            [
              968.6115395805085,
              -1478.7774584229987
            ],
            [
              968.3082148818221,
              -1479.218657984726
            ]
          ]
        ]
      }
    },
    {
      "type": "Feature",
      "properties": {
        "fid": 1011,
        "code": "central_plateau",
        "name": "Central Plateau",
        "capital": null,
        "culture": null,
        "civs": null,
        "provinceType": "land",
        "terrain": "central plateau",
        "mapTypes": null,
        "resources": null,
        "religion": null,
        "population": null,
        "centerpoint": [
          942,
          1376
        ],
        "position": {
          "x": 813,
          "y": 1293
        },
        "bbox": {
          "w": 297,
          "h": 171
        }
      },
      "geometry": {
        "type": "Polygon",
        "coordinates": [
          [
            [
              812.6143183709104,
              -1395.863608950812
            ],
            [
              831.4755996347574,
              -1355.6317239157936
            ],
            [
              826.401804674892,
              -1341.9545375022435
            ],
            [
              832.1373989773484,
              -1335.557143857196
            ],
            [
              828.6078024835291,
              -1328.0567513078297
            ],
            [
              834.3433967859855,
              -1324.085955252283
            ],
            [
              841.1819899927606,
              -1313.9383653325524
            ],
            [
              840.7407904310331,
              -1300.9229782615935
            ],
            [
              847.5793836378082,
              -1292.9813861505
            ],
            [
              849.1511570764621,
              -1293.670760465699
            ],
            [
              1109.4278766514562,
              -1335.3675659205167
            ],
            [
              1109.4382172661842,
              -1335.7915311243642
            ],
            [
              1104.4057847652314,
              -1351.4058593636234
            ],
            [
              1089.8875616871383,
              -1363.924896927639
            ],
            [
              1081.2014453156296,
              -1375.4236605051597
            ],
            [
              1067.810133813413,
              -1409.1678869457353
            ],
            [
              1067.8147655470937,
              -1409.168317804682
            ],
            [
              1022.8448323865626,
              -1432.072994856694
            ],
            [
              1011.4218999836885,
              -1442.454972043615
            ],
            [
              994.3667794256264,
              -1449.031603010628
            ],
            [
              972.031051613128,
              -1464.325372193353
            ],
            [
              971.9931360257921,
              -1464.480481414273
            ],
            [
              898.7540087788838,
              -1458.1003221270917
            ],
            [
              893.1562893394552,
              -1432.896797163359
            ],
            [
              812.6143183709104,
              -1395.863608950812
            ]
          ]
        ]
      }
    },
    {
      "type": "Feature",
      "properties": {
        "fid": 1012,
        "code": "amazon_western",
        "name": "Western Amazon",
        "capital": null,
        "culture": null,
        "civs": null,
        "provinceType": "land",
        "terrain": "tropical_florest",
        "mapTypes": null,
        "resources": null,
        "religion": null,
        "population": "medium",
        "centerpoint": [
          704,
          1244
        ],
        "position": {
          "x": 616,
          "y": 1123
        },
        "bbox": {
          "w": 168,
          "h": 228
        }
      },
      "geometry": {
        "type": "Polygon",
        "coordinates": [
          [
            [
              746.3655627666197,
              -1229.524577124314
            ],
            [
              757.5509685788999,
              -1183.707434085551
            ],
            [
              753.8942012941161,
              -1168.43505307263
            ],
            [
              759.0566962843991,
              -1156.389231428636
            ],
            [
              750.237434009332,
              -1132.9429000144337
            ],
            [
              732.8140134171265,
              -1127.1350931503653
            ],
            [
              695.3859247375735,
              -1122.4028060759395
            ],
            [
              658.3880439738778,
              -1161.9819343347767
            ],
            [
              615.5823563461132,
              -1178.6524910742328
            ],
            [
              635.1568165176035,
              -1218.4467232909988
            ],
            [
              651.9832216824393,
              -1240.1013033380889
            ],
            [
              647.309560467799,
              -1248.4536468297172
            ],
            [
              635.1072607256624,
              -1263.6140798426748
            ],
            [
              623.2747276423785,
              -1279.8838128321902
            ],
            [
              626.2328609131995,
              -1297.0163346923619
            ],
            [
              638.3119051023851,
              -1303.9186456576108
            ],
            [
              655.3211714096059,
              -1309.8349121992528
            ],
            [
              664.1955712220688,
              -1335.225556107133
            ],
            [
              713.4977924024187,
              -1342.8674003900871
            ],
            [
              752.2000360289933,
              -1350.016222461238
            ],
            [
              748.7488805463687,
              -1323.1465119179472
            ],
            [
              760.0883914178492,
              -1312.7930454700738
            ],
            [
              778.8232354663821,
              -1296.2768013746565
            ],
            [
              783.7534575844171,
              -1282.7186905500605
            ],
            [
              756.5139803822739,
              -1249.008296817996
            ],
            [
              746.3655627666197,
              -1229.524577124314
            ]
          ]
        ]
      }
    },
    {
      "type": "Feature",
      "properties": {
        "fid": 1014,
        "code": "mojos",
        "name": "Mojos",
        "capital": null,
        "culture": null,
        "civs": null,
        "provinceType": "land",
        "terrain": "tropical_florest",
        "mapTypes": null,
        "resources": null,
        "religion": null,
        "population": null,
        "centerpoint": [
          773,
          1364
        ],
        "position": {
          "x": 665,
          "y": 1283
        },
        "bbox": {
          "w": 183,
          "h": 168
        }
      },
      "geometry": {
        "type": "Polygon",
        "coordinates": [
          [
            [
              747.2617062429431,
              -1448.6568783649252
            ],
            [
              742.9714596447183,
              -1433.9985358209906
            ],
            [
              734.5697267231947,
              -1428.2782070233575
            ],
            [
              729.3856787503398,
              -1414.156145304201
            ],
            [
              709.3645279586241,
              -1400.7491246847485
            ],
            [
              690.2371785415386,
              -1386.8058232405178
            ],
            [
              666.9983428011545,
              -1366.5165320364135
            ],
            [
              664.3169386772639,
              -1335.1441037868942
            ],
            [
              752.2669939408721,
              -1349.713066193366
            ],
            [
              748.825858648546,
              -1323.1224752981186
            ],
            [
              778.9693100079481,
              -1296.1967088873846
            ],
            [
              783.5500420529274,
              -1283.2030714036982
            ],
            [
              847.2557350296936,
              -1293.3812345572996
            ],
            [
              840.8203651323558,
              -1300.788613449547
            ],
            [
              841.2225757509394,
              -1313.9721837253423
            ],
            [
              834.3849952350186,
              -1324.3849697397839
            ],
            [
              828.977496918506,
              -1328.0942454444992
            ],
            [
              832.150491798443,
              -1335.6021769913928
            ],
            [
              826.5642332070045,
              -1341.9928568199987
            ],
            [
              831.5695209049334,
              -1355.7573979893036
            ],
            [
              812.8890721751628,
              -1395.6209392978094
            ],
            [
              797.6050686689867,
              -1389.0068091255462
            ],
            [
              748.3566129268636,
              -1450.768484112492
            ],
            [
              747.2617062429431,
              -1448.6568783649252
            ]
          ]
        ]
      }
    },
    {
      "type": "Feature",
      "properties": {
        "fid": 1013,
        "code": "quitu",
        "name": "Quitu",
        "capital": "Quitu",
        "culture": null,
        "civs": null,
        "provinceType": "land",
        "terrain": "mountainous",
        "mapTypes": null,
        "resources": null,
        "religion": null,
        "population": null,
        "centerpoint": [
          535,
          1195
        ],
        "position": {
          "x": 483,
          "y": 1110
        },
        "bbox": {
          "w": 170,
          "h": 163
        }
      },
      "geometry": {
        "type": "Polygon",
        "coordinates": [
          [
            [
              487.0090909849979,
              -1241.4402021741034
            ],
            [
              527.230152843356,
              -1234.289791177062
            ],
            [
              536.7044474144359,
              -1230.8933459534671
            ],
            [
              555.4742762816697,
              -1244.836647397698
            ],
            [
              628.9447492762706,
              -1273.2595311109378
            ],
            [
              647.5358178685783,
              -1248.501233033682
            ],
            [
              652.2575811729164,
              -1239.6344631469524
            ],
            [
              636.2323363072458,
              -1219.0920351647842
            ],
            [
              604.6333518863296,
              -1155.3671297972166
            ],
            [
              545.9999817105897,
              -1110.3195405158556
            ],
            [
              538.1345296138442,
              -1110.6770610657074
            ],
            [
              538.4920501636963,
              -1123.9053214102341
            ],
            [
              524.1912281696134,
              -1128.9106091081633
            ],
            [
              525.2637898191696,
              -1138.2061434043171
            ],
            [
              518.1133788221281,
              -1141.0663078031337
            ],
            [
              514.5381733236073,
              -1150.7193626491396
            ],
            [
              504.8851184776014,
              -1166.4502668426308
            ],
            [
              499.87983077967243,
              -1171.0980339907078
            ],
            [
              495.94710473129965,
              -1192.19174643198
            ],
            [
              498.09222803041206,
              -1203.6324040272464
            ],
            [
              507.03024177671386,
              -1199.3421574290214
            ],
            [
              510.96296782508665,
              -1206.1350478762108
            ],
            [
              500.95239242922867,
              -1215.0730616225128
            ],
            [
              492.729419782631,
              -1215.7881027222168
            ],
            [
              483.4338854864771,
              -1232.9490891151163
            ],
            [
              482.36132383692086,
              -1240.4570206620099
            ],
            [
              487.0090909849979,
              -1241.4402021741034
            ]
          ]
        ]
      }
    },
    {
      "type": "Feature",
      "properties": {
        "fid": 1016,
        "code": "andean_northern_coast",
        "name": "Northern Andean coast",
        "capital": null,
        "culture": null,
        "civs": null,
        "provinceType": "land",
        "terrain": "plain",
        "mapTypes": null,
        "resources": null,
        "religion": null,
        "population": "high",
        "centerpoint": [
          501,
          1274
        ],
        "position": {
          "x": 481,
          "y": 1231
        },
        "bbox": {
          "w": 67,
          "h": 108
        }
      },
      "geometry": {
        "type": "Polygon",
        "coordinates": [
          [
            [
              481.82504301214306,
              -1240.4570206620094
            ],
            [
              480.9312416375129,
              -1242.9596645109739
            ],
            [
              482.3613238369212,
              -1252.2551988071277
            ],
            [
              487.0090909849981,
              -1260.2994111787993
            ],
            [
              482.18256356199515,
              -1267.4498221758408
            ],
            [
              481.1100019124389,
              -1272.991390698548
            ],
            [
              483.2551252115514,
              -1277.281637296773
            ],
            [
              480.57372108766083,
              -1283.538246919184
            ],
            [
              482.3613238369212,
              -1289.4373359917433
            ],
            [
              491.299337583223,
              -1296.4089867138587
            ],
            [
              492.9081800575574,
              -1296.2302264389327
            ],
            [
              496.3046252811521,
              -1305.3470004601606
            ],
            [
              500.952392429229,
              -1312.676171732128
            ],
            [
              500.773632154303,
              -1322.150466303208
            ],
            [
              505.06387875252784,
              -1323.5805485026162
            ],
            [
              509.7116459006048,
              -1333.4123636235483
            ],
            [
              514.0018924988296,
              -1338.4176513214773
            ],
            [
              547.7875844598505,
              -1332.8760827987703
            ],
            [
              518.7390397843695,
              -1272.812630423622
            ],
            [
              521.062923358408,
              -1245.2835480850124
            ],
            [
              537.1513481017513,
              -1230.9827260909296
            ],
            [
              536.6374123113391,
              -1230.8933459534667
            ],
            [
              530.917083513706,
              -1233.0384692525793
            ],
            [
              526.9620124309673,
              -1234.3568262801587
            ],
            [
              498.8407866816651,
              -1239.2839063578074
            ],
            [
              487.0649535709125,
              -1241.4513746912858
            ],
            [
              482.3501513197385,
              -1240.4346756276436
            ],
            [
              481.82504301214306,
              -1240.4570206620094
            ]
          ]
        ]
      }
    },
    {
      "type": "Feature",
      "properties": {
        "fid": 1017,
        "code": "andean_central_coast",
        "name": "Central Andean coast",
        "capital": "Nasca",
        "culture": null,
        "civs": null,
        "provinceType": "land",
        "terrain": "semi_arid",
        "mapTypes": null,
        "resources": null,
        "religion": null,
        "population": null,
        "centerpoint": [
          540,
          1371
        ],
        "position": {
          "x": 514,
          "y": 1333
        },
        "bbox": {
          "w": 77,
          "h": 87
        }
      },
      "geometry": {
        "type": "Polygon",
        "coordinates": [
          [
            [
              513.9935131109061,
              -1338.45116887303
            ],
            [
              547.7903775891116,
              -1332.8313927300424
            ],
            [
              569.9566516799414,
              -1376.8064203618492
            ],
            [
              591.229124396141,
              -1393.7886464798237
            ],
            [
              550.4717817130023,
              -1420.0664068939525
            ],
            [
              538.8523638428093,
              -1401.8328588514958
            ],
            [
              540.9974871419219,
              -1396.6488108786405
            ],
            [
              536.7072405436967,
              -1381.4541875099264
            ],
            [
              521.6913774499088,
              -1357.5003106698362
            ],
            [
              514.0046856280889,
              -1342.3056873011224
            ],
            [
              513.9935131109061,
              -1338.45116887303
            ]
          ]
        ]
      }
    },
    {
      "type": "Feature",
      "properties": {
        "fid": 1018,
        "code": "Central Andean",
        "name": "andean_central",
        "capital": null,
        "culture": null,
        "civs": null,
        "provinceType": "land",
        "terrain": "mountainous",
        "mapTypes": null,
        "resources": null,
        "religion": null,
        "population": "high",
        "centerpoint": [
          620,
          1355
        ],
        "position": {
          "x": 548,
          "y": 1299
        },
        "bbox": {
          "w": 142,
          "h": 121
        }
      },
      "geometry": {
        "type": "Polygon",
        "coordinates": [
          [
            [
              547.8797577265743,
              -1332.9207728675053
            ],
            [
              628.7687821306104,
              -1298.7775603566304
            ],
            [
              655.9403439193694,
              -1309.503176852193
            ],
            [
              665.950919315228,
              -1337.0322591908043
            ],
            [
              667.7385220644885,
              -1367.06398537838
            ],
            [
              689.9047961553183,
              -1385.655053970689
            ],
            [
              630.913905429723,
              -1419.6195062066379
            ],
            [
              591.1844343274091,
              -1393.788646479824
            ],
            [
              570.0460318174041,
              -1376.9851806367756
            ],
            [
              547.8797577265743,
              -1332.9207728675053
            ]
          ]
        ]
      }
    },
    {
      "type": "Feature",
      "properties": {
        "fid": 1019,
        "code": "andes_northern",
        "name": "Northern Andes",
        "capital": null,
        "culture": null,
        "civs": null,
        "provinceType": "land",
        "terrain": null,
        "mapTypes": "mountainous",
        "resources": null,
        "religion": null,
        "population": "high",
        "centerpoint": [
          571,
          1272
        ],
        "position": {
          "x": 519,
          "y": 1231
        },
        "bbox": {
          "w": 110,
          "h": 102
        }
      },
      "geometry": {
        "type": "Polygon",
        "coordinates": [
          [
            [
              521.199786693862,
              -1245.283548085011
            ],
            [
              537.0200710248171,
              -1231.105623779939
            ],
            [
              555.7675548576863,
              -1245.0936152929016
            ],
            [
              628.2883638917468,
              -1273.013735732914
            ],
            [
              623.2607311594518,
              -1279.9965589722128
            ],
            [
              626.2326207300973,
              -1297.22458046821
            ],
            [
              628.824644716525,
              -1298.8334229425443
            ],
            [
              547.8015501062944,
              -1332.8872553159563
            ],
            [
              518.7306603964462,
              -1272.8349754579874
            ],
            [
              521.199786693862,
              -1245.283548085011
            ]
          ]
        ]
      }
    },
    {
      "type": "Feature",
      "properties": {
        "fid": 1020,
        "code": "andes_southern",
        "name": "Southern Andes",
        "capital": null,
        "culture": null,
        "civs": null,
        "provinceType": "land",
        "terrain": "mountainous",
        "mapTypes": null,
        "resources": null,
        "religion": null,
        "population": "high",
        "centerpoint": [
          702,
          1457
        ],
        "position": {
          "x": 632,
          "y": 1386
        },
        "bbox": {
          "w": 117,
          "h": 170
        }
      },
      "geometry": {
        "type": "Polygon",
        "coordinates": [
          [
            [
              631.8462321651109,
              -1419.031164059293
            ],
            [
              689.3865409109752,
              -1385.9051545383095
            ],
            [
              729.7723090120445,
              -1414.245100995385
            ],
            [
              734.7197000443991,
              -1428.5495141976278
            ],
            [
              743.0549784141274,
              -1434.0346651248028
            ],
            [
              747.518385541143,
              -1449.5759260851346
            ],
            [
              748.5939053307853,
              -1450.812773843223
            ],
            [
              730.3638448963477,
              -1509.6437063366582
            ],
            [
              721.4370306423164,
              -1555.9986092702425
            ],
            [
              647.5084891017776,
              -1549.1488926099564
            ],
            [
              663.358962001631,
              -1466.5153627720001
            ],
            [
              631.8462321651109,
              -1419.031164059293
            ]
          ]
        ]
      }
    },
    {
      "type": "Feature",
      "properties": {
        "fid": 1021,
        "code": "andes_southern_coast",
        "name": "Southern Andes coast",
        "capital": null,
        "culture": null,
        "civs": null,
        "provinceType": "land",
        "terrain": "desert",
        "mapTypes": "",
        "resources": null,
        "religion": null,
        "population": "medium",
        "centerpoint": [
          602,
          1459
        ],
        "position": {
          "x": 551,
          "y": 1394
        },
        "bbox": {
          "w": 112,
          "h": 156
        }
      },
      "geometry": {
        "type": "Polygon",
        "coordinates": [
          [
            [
              550.9335339905822,
              -1420.0730738555076
            ],
            [
              591.4268540706156,
              -1393.6690630197886
            ],
            [
              631.0059823294532,
              -1419.62942194228
            ],
            [
              631.8663981611671,
              -1419.0378860579767
            ],
            [
              663.3522400029461,
              -1466.5220847706848
            ],
            [
              647.4748791083516,
              -1549.2967765810324
            ],
            [
              621.6892921516771,
              -1546.9205500457913
            ],
            [
              628.0583859059652,
              -1518.5167446012063
            ],
            [
              626.6602101794301,
              -1503.7821234831065
            ],
            [
              629.2952336640539,
              -1497.4365567242169
            ],
            [
              624.9393785160024,
              -1490.2843501230955
            ],
            [
              624.4553946106633,
              -1470.7636659410873
            ],
            [
              610.8500692716881,
              -1465.49361897184
            ],
            [
              592.8351127951793,
              -1446.8333506215458
            ],
            [
              588.586809626092,
              -1442.8001514103871
            ],
            [
              577.5089557927761,
              -1441.1868717259235
            ],
            [
              571.3784929918148,
              -1434.841304967034
            ],
            [
              564.3876143591398,
              -1432.475161429821
            ],
            [
              558.472255516107,
              -1427.2051144605734
            ],
            [
              555.8910080209654,
              -1422.2577234282187
            ],
            [
              550.9335339905822,
              -1420.0730738555076
            ]
          ]
        ]
      }
    },
    {
      "type": "Feature",
      "properties": {
        "fid": 1022,
        "code": "guianas",
        "name": "Guianas",
        "capital": null,
        "culture": null,
        "civs": null,
        "provinceType": "land",
        "terrain": "tropical_florest",
        "mapTypes": null,
        "resources": null,
        "religion": null,
        "population": "medium",
        "centerpoint": [
          872,
          1069
        ],
        "position": {
          "x": 773,
          "y": 1020
        },
        "bbox": {
          "w": 193,
          "h": 112
        }
      },
      "geometry": {
        "type": "Polygon",
        "coordinates": [
          [
            [
              807.7777427551964,
              -1023.1323294919537
            ],
            [
              793.1506736160609,
              -1037.3291907152322
            ],
            [
              797.4527527746302,
              -1045.503141116514
            ],
            [
              782.3954757196377,
              -1052.6015717281532
            ],
            [
              782.8256836354947,
              -1070.4552002362157
            ],
            [
              772.7157976128567,
              -1113.0457839060514
            ],
            [
              781.9652678037806,
              -1111.5400562005525
            ],
            [
              926.9453354475654,
              -1108.743704747482
            ],
            [
              959.9637929895846,
              -1131.7598282458275
            ],
            [
              965.0187360009035,
              -1126.0595733607233
            ],
            [
              965.7715998536531,
              -1116.0572393170496
            ],
            [
              956.5221296627292,
              -1106.5926651681973
            ],
            [
              952.6502584200168,
              -1100.9999622620571
            ],
            [
              949.6388030090183,
              -1096.5903311245236
            ],
            [
              947.8104193666263,
              -1080.134878342996
            ],
            [
              936.7325655333104,
              -1074.4346234578916
            ],
            [
              927.698199300315,
              -1069.2721284676084
            ],
            [
              920.1695607728187,
              -1060.6679701504697
            ],
            [
              891.7758383262615,
              -1054.2148514126159
            ],
            [
              885.9680314621929,
              -1052.924227665045
            ],
            [
              876.5034573133405,
              -1058.0867226553282
            ],
            [
              868.9748187858443,
              -1056.150787033972
            ],
            [
              856.9289971418502,
              -1055.9356830760435
            ],
            [
              852.4118140253526,
              -1050.3429801699035
            ],
            [
              839.2904725917163,
              -1045.1804851796203
            ],
            [
              832.6222498959338,
              -1035.0705991569826
            ],
            [
              822.0821559574391,
              -1026.8966487557009
            ],
            [
              811.326958061016,
              -1020.0133221019901
            ],
            [
              807.7777427551964,
              -1023.1323294919537
            ]
          ]
        ]
      }
    },
    {
      "type": "Feature",
      "properties": {
        "fid": 1023,
        "code": "far_northern_andes",
        "name": "Far Northern Andes",
        "capital": null,
        "culture": null,
        "civs": null,
        "provinceType": "land",
        "terrain": "hills",
        "mapTypes": null,
        "resources": null,
        "religion": null,
        "population": "medium",
        "centerpoint": [
          591,
          1066
        ],
        "position": {
          "x": 546,
          "y": 982
        },
        "bbox": {
          "w": 156,
          "h": 197
        }
      },
      "geometry": {
        "type": "Polygon",
        "coordinates": [
          [
            [
              545.2433621035054,
              -1109.4965686002317
            ],
            [
              545.3509140824697,
              -1104.8718335047697
            ],
            [
              553.6324164627155,
              -1100.7848583041289
            ],
            [
              555.4608001051074,
              -1094.0090836293823
            ],
            [
              555.2456961471789,
              -1087.6635168704927
            ],
            [
              557.1816317685351,
              -1077.9838387637117
            ],
            [
              565.3555821698169,
              -1072.3911358575717
            ],
            [
              564.2800623801745,
              -1071.208064088965
            ],
            [
              557.7193916633564,
              -1068.304160656931
            ],
            [
              556.8589758316425,
              -1059.7000023397923
            ],
            [
              559.6553272847125,
              -1054.9677152653662
            ],
            [
              546.9641937669331,
              -1040.017990189338
            ],
            [
              549.5454412620747,
              -1032.3280236933952
            ],
            [
              568.0443816439226,
              -1028.509928440165
            ],
            [
              569.7114373178682,
              -1031.6289358301276
            ],
            [
              569.119901433565,
              -1023.508761418328
            ],
            [
              579.2297874562028,
              -1013.2375474272441
            ],
            [
              587.7263937943771,
              -1007.2684125947292
            ],
            [
              592.5124568582855,
              -991.9960315818083
            ],
            [
              601.116615175424,
              -986.8335365915251
            ],
            [
              604.1280705864225,
              -991.7809276238798
            ],
            [
              607.3546299553495,
              -981.8861455591705
            ],
            [
              652.3113571623983,
              -1029.854328177218
            ],
            [
              654.032188825826,
              -1062.1199218664876
            ],
            [
              694.79438885327,
              -1077.9300627742302
            ],
            [
              701.247507591124,
              -1110.1956564634997
            ],
            [
              692.6433492739855,
              -1124.8227256026353
            ],
            [
              658.1191640264669,
              -1162.1970382927059
            ],
            [
              616.3889961883448,
              -1178.8138190426796
            ],
            [
              604.6658304812435,
              -1155.259935649513
            ],
            [
              545.2433621035054,
              -1109.4965686002317
            ]
          ]
        ]
      }
    },
    {
      "type": "Feature",
      "properties": {
        "fid": 1024,
        "code": "orinoco",
        "name": "Orinoco",
        "capital": null,
        "culture": null,
        "civs": null,
        "provinceType": "land",
        "terrain": "tropical_florest",
        "mapTypes": null,
        "resources": null,
        "religion": null,
        "population": "medium",
        "centerpoint": [
          707,
          1011
        ],
        "position": {
          "x": 608,
          "y": 963
        },
        "bbox": {
          "w": 204,
          "h": 165
        }
      },
      "geometry": {
        "type": "Polygon",
        "coordinates": [
          [
            [
              607.3680739527201,
              -981.9063115552259
            ],
            [
              610.7761272861492,
              -980.3736958549856
            ],
            [
              619.7499955309773,
              -983.0356073343504
            ],
            [
              626.0821182924964,
              -974.4045610224708
            ],
            [
              634.2695126911486,
              -971.2989976298788
            ],
            [
              640.7226314290026,
              -965.1685348289176
            ],
            [
              650.7249654726762,
              -964.0392390497932
            ],
            [
              654.9194926522813,
              -970.0083738823081
            ],
            [
              641.5292712712344,
              -976.4614926201621
            ],
            [
              642.8198950188051,
              -982.2692994842306
            ],
            [
              654.1128528100495,
              -982.2692994842306
            ],
            [
              661.3726113901353,
              -977.1068044939475
            ],
            [
              660.4046435794571,
              -970.0083738823081
            ],
            [
              666.373778411972,
              -965.1685348289176
            ],
            [
              669.7616657493454,
              -962.5872873337761
            ],
            [
              683.3132150988387,
              -972.4282934090033
            ],
            [
              694.2835169531904,
              -976.7841485570548
            ],
            [
              693.638205079405,
              -988.077106348299
            ],
            [
              709.6096739555935,
              -984.2052351055867
            ],
            [
              721.7092715890697,
              -988.077106348299
            ],
            [
              731.7116056327433,
              -991.9489775910114
            ],
            [
              747.5217465404855,
              -988.561090253638
            ],
            [
              752.5229135623223,
              -985.6571868216038
            ],
            [
              768.8170383754035,
              -989.851714001209
            ],
            [
              773.8182053972404,
              -999.5313921079899
            ],
            [
              782.6912436617896,
              -998.5634242973117
            ],
            [
              797.210760821961,
              -1005.8231828773975
            ],
            [
              795.2748252006048,
              -1011.9536456783587
            ],
            [
              794.6295133268194,
              -1016.7934847317492
            ],
            [
              805.3578232285016,
              -1019.7780521480072
            ],
            [
              811.2462940767933,
              -1020.5040280060158
            ],
            [
              793.1977276068577,
              -1037.3426347126035
            ],
            [
              797.472918770686,
              -1045.5300291112558
            ],
            [
              782.6509116696777,
              -1052.668791715007
            ],
            [
              782.8929036223473,
              -1070.8181881652213
            ],
            [
              772.1242617285534,
              -1112.118148087487
            ],
            [
              740.987963818408,
              -1111.9568201190407
            ],
            [
              732.9215653960906,
              -1127.7669610267828
            ],
            [
              694.2028529689669,
              -1123.0884499418387
            ],
            [
              701.3012835806062,
              -1110.343540434577
            ],
            [
              694.6061728900827,
              -1077.8359547926375
            ],
            [
              654.1935167942723,
              -1062.267805837565
            ],
            [
              652.2575811729163,
              -1029.8610501759044
            ],
            [
              607.3680739527201,
              -981.9063115552259
            ]
          ]
        ]
      }
    },
    {
      "type": "Feature",
      "properties": {
        "fid": 1025,
        "code": "pampas_southern",
        "name": "Southern Pampas",
        "capital": null,
        "culture": null,
        "civs": null,
        "provinceType": "land",
        "terrain": "plains",
        "mapTypes": null,
        "resources": null,
        "religion": null,
        "population": "medium",
        "centerpoint": [
          829,
          1741
        ],
        "position": {
          "x": 726,
          "y": 1650
        },
        "bbox": {
          "w": 159,
          "h": 149
        }
      },
      "geometry": {
        "type": "Polygon",
        "coordinates": [
          [
            [
              848.8357107247928,
              -1666.2998856967513
            ],
            [
              842.6245839396083,
              -1688.1598254212315
            ],
            [
              847.061103071883,
              -1719.8607712209396
            ],
            [
              846.8191111192135,
              -1723.0066666056434
            ],
            [
              842.7052479238316,
              -1726.6365458956861
            ],
            [
              869.1630347490329,
              -1741.96270289809
            ],
            [
              876.1001373922259,
              -1747.4478538252656
            ],
            [
              873.357561928638,
              -1757.288859900493
            ],
            [
              884.8118476883287,
              -1761.483387080098
            ],
            [
              883.3598959723116,
              -1774.0669686189133
            ],
            [
              877.8747450451358,
              -1780.3587593883208
            ],
            [
              873.6802178655307,
              -1788.747813747531
            ],
            [
              860.7739803898228,
              -1792.942340927136
            ],
            [
              850.7716463461492,
              -1794.8782765484923
            ],
            [
              839.4786885549047,
              -1798.1048359174192
            ],
            [
              822.8619078049308,
              -1797.7821799805265
            ],
            [
              814.1501975088279,
              -1797.7821799805265
            ],
            [
              809.7943423607765,
              -1792.942340927136
            ],
            [
              808.181062676313,
              -1795.5235884222777
            ],
            [
              801.5666159700127,
              -1784.5532865679259
            ],
            [
              726.0651267371215,
              -1765.1939303543638
            ],
            [
              763.1705594797818,
              -1725.1845941796694
            ],
            [
              772.5275816496701,
              -1711.3103888932833
            ],
            [
              787.0470988098415,
              -1708.406485461249
            ],
            [
              794.1455294214809,
              -1692.2736886166142
            ],
            [
              784.7885072515926,
              -1676.1408917719793
            ],
            [
              790.2736581787685,
              -1654.8455999370613
            ],
            [
              790.7576420841073,
              -1649.521776978332
            ],
            [
              848.8357107247928,
              -1666.2998856967513
            ]
          ]
        ]
      }
    },
    {
      "type": "Feature",
      "properties": {
        "fid": 1026,
        "code": "puna",
        "name": "Puna",
        "capital": null,
        "culture": null,
        "civs": null,
        "provinceType": "land",
        "terrain": "desert",
        "mapTypes": null,
        "resources": null,
        "religion": null,
        "population": "low",
        "centerpoint": [
          770,
          1633
        ],
        "position": {
          "x": 680,
          "y": 1513
        },
        "bbox": {
          "w": 154,
          "h": 252
        }
      },
      "geometry": {
        "type": "Polygon",
        "coordinates": [
          [
            [
              679.2800158876806,
              -1752.933004752442
            ],
            [
              680.5706396352514,
              -1737.4455197815926
            ],
            [
              729.9369979798342,
              -1512.6349957516056
            ],
            [
              733.0828933645381,
              -1513.3609716096144
            ],
            [
              748.9736982565034,
              -1518.0394826945583
            ],
            [
              763.3318874482285,
              -1527.7191608013393
            ],
            [
              774.8668371921424,
              -1526.8318569748842
            ],
            [
              781.2392919457732,
              -1538.0441507819055
            ],
            [
              794.0648654372579,
              -1543.2873097564118
            ],
            [
              797.1300968377387,
              -1564.7439295597762
            ],
            [
              833.348225753944,
              -1582.5706700730977
            ],
            [
              819.1513645306652,
              -1614.029623920136
            ],
            [
              815.7634771932919,
              -1632.4210123230198
            ],
            [
              814.9568373510601,
              -1641.6167065244617
            ],
            [
              809.4716864238842,
              -1655.0069279055085
            ],
            [
              790.9189700525541,
              -1649.6024409625559
            ],
            [
              790.4349861472151,
              -1655.087591889732
            ],
            [
              784.6271792831466,
              -1676.7055396615428
            ],
            [
              794.3068573899275,
              -1692.8383365061777
            ],
            [
              786.4017869360563,
              -1708.64847741392
            ],
            [
              772.5275816496703,
              -1712.0363647512934
            ],
            [
              762.0412637006576,
              -1725.1039301954477
            ],
            [
              726.7104386109075,
              -1764.9519384016953
            ],
            [
              679.2800158876806,
              -1752.933004752442
            ]
          ]
        ]
      }
    },
    {
      "type": "Feature",
      "properties": {
        "fid": 1027,
        "code": "maranhao",
        "name": "Maranhão",
        "capital": null,
        "culture": null,
        "civs": null,
        "provinceType": "land",
        "terrain": "tropical_florest",
        "mapTypes": null,
        "resources": null,
        "religion": null,
        "population": "low",
        "centerpoint": [
          1054,
          1220
        ],
        "position": {
          "x": 907,
          "y": 1177
        },
        "bbox": {
          "w": 225,
          "h": 159
        }
      },
      "geometry": {
        "type": "Polygon",
        "coordinates": [
          [
            [
              1052.9962547936482,
              -1177.1534853674236
            ],
            [
              1057.8360938470387,
              -1183.1226201999386
            ],
            [
              1056.5454700994678,
              -1190.705034716917
            ],
            [
              1058.9653896261632,
              -1197.3194814232172
            ],
            [
              1063.1599168057683,
              -1193.931594085844
            ],
            [
              1067.3544439853733,
              -1194.2542500227366
            ],
            [
              1068.9677236698367,
              -1187.962459253329
            ],
            [
              1080.2606814610813,
              -1185.7038676950801
            ],
            [
              1091.3923112838793,
              -1187.47847534799
            ],
            [
              1098.4907418955186,
              -1194.2542500227366
            ],
            [
              1101.0719893906603,
              -1195.5448737703075
            ],
            [
              1113.9782268663682,
              -1246.3631838309072
            ],
            [
              1132.2082873008053,
              -1315.4115543259447
            ],
            [
              1109.6223717183166,
              -1336.0615342870774
            ],
            [
              906.994443349702,
              -1303.2312927082448
            ],
            [
              916.2708015353669,
              -1269.1910913660663
            ],
            [
              978.8660532925503,
              -1241.4426807932944
            ],
            [
              1017.9074216565671,
              -1204.337248050634
            ],
            [
              1052.9962547936482,
              -1177.1534853674236
            ]
          ]
        ]
      }
    },
    {
      "type": "Feature",
      "properties": {
        "fid": 1028,
        "code": "rapa_nui",
        "name": "Rapa Nui",
        "capital": null,
        "culture": null,
        "civs": null,
        "provinceType": "land",
        "terrain": "island",
        "mapTypes": null,
        "resources": null,
        "religion": null,
        "population": "low",
        "centerpoint": [
          52,
          1510
        ],
        "position": {
          "x": 45,
          "y": 1504
        },
        "bbox": {
          "w": 16,
          "h": 15
        }
      },
      "geometry": {
        "type": "Polygon",
        "coordinates": [
          [
            [
              45.42242786197617,
              -1508.1178126351087
            ],
            [
              52.84351441050822,
              -1504.4072693608427
            ],
            [
              60.587256895932974,
              -1505.6978931084134
            ],
            [
              58.97397721146948,
              -1519.7334263632458
            ],
            [
              44.29313208285173,
              -1515.3775712151944
            ],
            [
              45.42242786197617,
              -1508.1178126351087
            ]
          ]
        ]
      }
    },
    {
      "type": "Feature",
      "properties": {
        "fid": 1029,
        "code": "panama",
        "name": "Panama",
        "capital": null,
        "culture": null,
        "civs": null,
        "provinceType": "land",
        "terrain": "tropical_florest",
        "mapTypes": null,
        "resources": null,
        "religion": null,
        "population": null,
        "centerpoint": [
          511,
          1023
        ],
        "position": {
          "x": 464,
          "y": 994
        },
        "bbox": {
          "w": 104,
          "h": 55
        }
      },
      "geometry": {
        "type": "Polygon",
        "coordinates": [
          [
            [
              470.5216247181047,
              -994.126905165043
            ],
            [
              497.94737935398405,
              -994.7722170388284
            ],
            [
              504.0778421549453,
              -1002.8386154611459
            ],
            [
              508.91768120833575,
              -1011.8729816941415
            ],
            [
              519.242671188902,
              -1022.1979716747078
            ],
            [
              531.1809408539319,
              -1025.4245310436347
            ],
            [
              550.2176411306011,
              -1017.68078855821
            ],
            [
              561.5105989218455,
              -1021.8753157378151
            ],
            [
              567.9637176596992,
              -1028.893082365231
            ],
            [
              549.5319972647039,
              -1032.321301694716
            ],
            [
              546.8700857853391,
              -1031.7969857972653
            ],
            [
              542.5948946215109,
              -1034.4185652845185
            ],
            [
              539.8523191579231,
              -1036.5964928585445
            ],
            [
              546.4667658642235,
              -1040.952348006596
            ],
            [
              537.432399631228,
              -1048.8574184604672
            ],
            [
              534.205840262301,
              -1049.18007439736
            ],
            [
              530.6566249564812,
              -1043.2109395648447
            ],
            [
              519.8476510705759,
              -1046.9214828391107
            ],
            [
              523.3968663763956,
              -1038.0484445745615
            ],
            [
              515.0078120171854,
              -1036.5964928585443
            ],
            [
              504.6828220366191,
              -1036.2738369216515
            ],
            [
              495.00314392983813,
              -1028.207438499334
            ],
            [
              492.9058803400356,
              -1030.7886859944758
            ],
            [
              493.38986424537467,
              -1022.7222875721583
            ],
            [
              484.83948191771816,
              -1019.1730722663386
            ],
            [
              481.77425051723753,
              -1010.9453458755748
            ],
            [
              477.25706740073974,
              -1011.913313686253
            ],
            [
              478.87034708520326,
              -1017.8824485187679
            ],
            [
              469.35199694686867,
              -1014.9785450867336
            ],
            [
              464.02817398813914,
              -1010.3000340017894
            ],
            [
              463.8668460196928,
              -1002.0723076110256
            ],
            [
              464.35082992503186,
              -995.9418448100644
            ],
            [
              470.5216247181047,
              -994.126905165043
            ]
          ]
        ]
      }
    },
    {
      "type": "Feature",
      "properties": {
        "fid": 1034,
        "code": "nicaragua",
        "name": "nicaragua",
        "capital": null,
        "culture": null,
        "civs": null,
        "provinceType": "land",
        "terrain": "tropical_florest",
        "mapTypes": null,
        "resources": null,
        "religion": null,
        "population": null,
        "centerpoint": [
          480,
          964
        ],
        "position": {
          "x": 430,
          "y": 928
        },
        "bbox": {
          "w": 80,
          "h": 67
        }
      },
      "geometry": {
        "type": "Polygon",
        "coordinates": [
          [
            [
              464.02817398813954,
              -994.3285651256008
            ],
            [
              443.7008499638996,
              -973.0332732906829
            ],
            [
              440.3129626265262,
              -967.2254664266142
            ],
            [
              429.98797264595987,
              -968.3547622057387
            ],
            [
              467.09340538862006,
              -946.8981424023742
            ],
            [
              480.16097083277435,
              -927.7001141572587
            ],
            [
              490.32463284489444,
              -928.5067539994907
            ],
            [
              501.29493469924614,
              -935.9278405480227
            ],
            [
              510.006644995349,
              -940.1223677276278
            ],
            [
              508.0707093739928,
              -955.9325086353699
            ],
            [
              500.64962282546077,
              -971.4199936062195
            ],
            [
              501.61759063613886,
              -976.25983265961
            ],
            [
              498.7136872041046,
              -983.0356073343565
            ],
            [
              498.0683753303192,
              -994.0059091887083
            ],
            [
              464.02817398813954,
              -994.3285651256008
            ]
          ]
        ]
      }
    },
    {
      "type": "Feature",
      "properties": {
        "fid": 1033,
        "code": "yarumela",
        "name": "Yarumela",
        "capital": null,
        "culture": null,
        "civs": null,
        "provinceType": "land",
        "terrain": "hills",
        "mapTypes": null,
        "resources": null,
        "religion": null,
        "population": null,
        "centerpoint": [
          439,
          946
        ],
        "position": {
          "x": 410,
          "y": 928
        },
        "bbox": {
          "w": 71,
          "h": 41
        }
      },
      "geometry": {
        "type": "Polygon",
        "coordinates": [
          [
            [
              409.579984637497,
              -957.1424683987176
            ],
            [
              431.03660444086137,
              -929.3940578259455
            ],
            [
              441.84557832676677,
              -928.1034340783748
            ],
            [
              448.6213530015134,
              -928.2647620468211
            ],
            [
              459.59165485586516,
              -929.7167137628383
            ],
            [
              474.2724999844829,
              -927.4581222045894
            ],
            [
              480.2416348169978,
              -927.9421061099284
            ],
            [
              467.17406937284346,
              -946.9788063865974
            ],
            [
              430.22996459862946,
              -968.2740982215155
            ],
            [
              428.01170503249216,
              -964.5635549472494
            ],
            [
              416.15409935168555,
              -964.3215629945798
            ],
            [
              410.2252965112822,
              -960.5706877282023
            ],
            [
              409.579984637497,
              -957.1424683987176
            ]
          ]
        ]
      }
    },
    {
      "type": "Feature",
      "properties": {
        "fid": 1030,
        "code": "maya_highlands",
        "name": "Maya Highlands",
        "capital": "Kaminaljuyu",
        "culture": null,
        "civs": null,
        "provinceType": "land",
        "terrain": "hills",
        "mapTypes": null,
        "resources": null,
        "religion": null,
        "population": "high",
        "centerpoint": [
          389,
          936
        ],
        "position": {
          "x": 357,
          "y": 907
        },
        "bbox": {
          "w": 70,
          "h": 53
        }
      },
      "geometry": {
        "type": "Polygon",
        "coordinates": [
          [
            [
              356.9467349318759,
              -926.2884944333535
            ],
            [
              360.4959502376956,
              -912.8982730523066
            ],
            [
              384.0498336308625,
              -906.9291382197918
            ],
            [
              395.66544735899964,
              -918.7060799163752
            ],
            [
              409.8623085822784,
              -919.9967036639459
            ],
            [
              412.44355607741994,
              -928.5470859916024
            ],
            [
              426.47908933225233,
              -935.3228606663491
            ],
            [
              409.4589886611625,
              -957.4247923434989
            ],
            [
              408.5716848347076,
              -959.5220559333014
            ],
            [
              397.9240389172486,
              -956.7794804697136
            ],
            [
              389.8576404949311,
              -957.1828003908294
            ],
            [
              384.13049761508574,
              -950.487689700306
            ],
            [
              379.4519865301416,
              -942.7439472148811
            ],
            [
              375.05579938997846,
              -938.267096090495
            ],
            [
              366.9087369834379,
              -931.8946413368642
            ],
            [
              356.9467349318759,
              -926.2884944333535
            ]
          ]
        ]
      }
    },
    {
      "type": "Feature",
      "properties": {
        "fid": 1031,
        "code": "maya_lowlands",
        "name": "Maya lowlands",
        "capital": "Tikal",
        "culture": null,
        "civs": null,
        "provinceType": "land",
        "terrain": "plains",
        "mapTypes": null,
        "resources": null,
        "religion": null,
        "population": "high",
        "centerpoint": [
          422,
          914
        ],
        "position": {
          "x": 384,
          "y": 891
        },
        "bbox": {
          "w": 62,
          "h": 44
        }
      },
      "geometry": {
        "type": "Polygon",
        "coordinates": [
          [
            [
              384.1304976150857,
              -906.6871462671226
            ],
            [
              403.4091898444244,
              -896.9268041761184
            ],
            [
              415.4281234936774,
              -891.2803252804962
            ],
            [
              445.8384455458142,
              -897.0074681603415
            ],
            [
              444.5478217982434,
              -900.3146915134918
            ],
            [
              442.2892302399945,
              -903.7832428350882
            ],
            [
              443.74118195601164,
              -910.0750336044958
            ],
            [
              443.5798539875653,
              -915.0762006263327
            ],
            [
              441.07927047664685,
              -918.9480718690451
            ],
            [
              436.07810345481005,
              -923.7072469382124
            ],
            [
              432.5288881489904,
              -927.4984541967016
            ],
            [
              434.14216783345387,
              -929.111733881165
            ],
            [
              431.0769364329733,
              -929.394057825946
            ],
            [
              426.4589233361965,
              -935.4035246505726
            ],
            [
              412.46372207347576,
              -928.5470859916028
            ],
            [
              409.7614786019994,
              -920.1983636245043
            ],
            [
              395.8469413235018,
              -919.1900638217146
            ],
            [
              383.9893356426952,
              -907.0501341961268
            ],
            [
              384.1304976150857,
              -906.6871462671226
            ]
          ]
        ]
      }
    },
    {
      "type": "Feature",
      "properties": {
        "fid": 1032,
        "code": "yucatan",
        "name": "Yucatan",
        "capital": "Coba",
        "culture": null,
        "civs": null,
        "provinceType": "land",
        "terrain": "tropical_florest",
        "mapTypes": null,
        "resources": null,
        "religion": null,
        "population": "high",
        "centerpoint": [
          438,
          875
        ],
        "position": {
          "x": 401,
          "y": 848
        },
        "bbox": {
          "w": 65,
          "h": 50
        }
      },
      "geometry": {
        "type": "Polygon",
        "coordinates": [
          [
            [
              400.88844033745,
              -890.5543494224878
            ],
            [
              415.89194140296047,
              -891.6836452016123
            ],
            [
              445.737615565535,
              -896.9268041761187
            ],
            [
              447.3508952499985,
              -898.1367639394663
            ],
            [
              450.9001105558182,
              -892.1272971148398
            ],
            [
              455.13496972753484,
              -887.8924379431231
            ],
            [
              455.8609455855434,
              -885.5935143927627
            ],
            [
              457.1919013252258,
              -869.3800535639045
            ],
            [
              461.78974842594675,
              -868.2104257926686
            ],
            [
              464.6129878737578,
              -864.2175585736214
            ],
            [
              462.03174037861623,
              -861.9589670153725
            ],
            [
              465.8229476371054,
              -855.1831923406259
            ],
            [
              461.58808846538875,
              -849.214057508111
            ],
            [
              444.6889837706338,
              -848.246089697433
            ],
            [
              423.071035998823,
              -854.1345605457248
            ],
            [
              415.32729351339833,
              -857.5224478830979
            ],
            [
              413.310693907819,
              -870.1866934061363
            ],
            [
              410.8907743811237,
              -877.930435891561
            ],
            [
              401.3724242427891,
              -885.5128504085395
            ],
            [
              400.88844033745,
              -890.5543494224878
            ]
          ]
        ]
      }
    },
    {
      "type": "Feature",
      "properties": {
        "fid": 1035,
        "code": "cubanacan",
        "name": "Cubanacan",
        "capital": null,
        "culture": null,
        "civs": null,
        "provinceType": "land",
        "terrain": "island",
        "mapTypes": null,
        "resources": null,
        "religion": null,
        "population": "medium",
        "centerpoint": [
          556,
          852
        ],
        "position": {
          "x": 491,
          "y": 828
        },
        "bbox": {
          "w": 147,
          "h": 52
        }
      },
      "geometry": {
        "type": "Polygon",
        "coordinates": [
          [
            [
              490.506126809398,
              -845.9068341549618
            ],
            [
              496.47526164191294,
              -842.357618849142
            ],
            [
              496.63658961035924,
              -836.5498119850735
            ],
            [
              499.54049304239356,
              -835.7431721428418
            ],
            [
              502.2830685059815,
              -834.4525483952709
            ],
            [
              513.8986822341186,
              -830.9033330894513
            ],
            [
              524.0623442462386,
              -827.999429657417
            ],
            [
              547.6162276394056,
              -829.6127093418804
            ],
            [
              561.6517608942379,
              -834.93653230061
            ],
            [
              573.751358527714,
              -842.0349629122494
            ],
            [
              577.1392458650873,
              -838.9697315117687
            ],
            [
              599.0798495737909,
              -854.779872419511
            ],
            [
              615.0513184499794,
              -860.2650233466868
            ],
            [
              617.3099100082283,
              -863.3302547471674
            ],
            [
              625.8602923358848,
              -864.7822064631846
            ],
            [
              635.7012984111121,
              -870.5900133272532
            ],
            [
              637.475906064022,
              -876.3978201913218
            ],
            [
              622.6337329669578,
              -877.5271159704462
            ],
            [
              614.2446786077477,
              -879.9470354971414
            ],
            [
              602.4677369111643,
              -878.1724278442316
            ],
            [
              585.8509561611903,
              -880.2696914340341
            ],
            [
              584.2376764767268,
              -876.5591481597681
            ],
            [
              592.1427469305979,
              -868.3314217690044
            ],
            [
              579.8818213286754,
              -866.8794700529871
            ],
            [
              572.9447186854824,
              -862.6849428733822
            ],
            [
              572.6220627485897,
              -855.26385632485
            ],
            [
              558.90918543065,
              -853.811904608833
            ],
            [
              548.4228674816374,
              -847.5201138394253
            ],
            [
              528.0955434573973,
              -844.1322265020519
            ],
            [
              524.0623442462386,
              -840.7443391646785
            ],
            [
              530.3541350156462,
              -837.1951238588589
            ],
            [
              518.25453738217,
              -838.0017637010907
            ],
            [
              515.8346178554748,
              -842.1962908806958
            ],
            [
              506.3162677171402,
              -844.2935544704983
            ],
            [
              501.47642866374974,
              -847.1974579025325
            ],
            [
              494.21667008366404,
              -849.294721492335
            ],
            [
              490.506126809398,
              -845.9068341549618
            ]
          ]
        ]
      }
    },
    {
      "type": "Feature",
      "properties": {
        "fid": 1036,
        "code": "ayiti",
        "name": "Ayiti",
        "capital": null,
        "culture": null,
        "civs": null,
        "provinceType": "land",
        "terrain": "island",
        "mapTypes": null,
        "resources": null,
        "religion": null,
        "population": "low",
        "centerpoint": [
          665,
          894
        ],
        "position": {
          "x": 627,
          "y": 875
        },
        "bbox": {
          "w": 92,
          "h": 38
        }
      },
      "geometry": {
        "type": "Polygon",
        "coordinates": [
          [
            [
              642.9610569911979,
              -879.0597316706867
            ],
            [
              653.4473749402106,
              -875.3491883964207
            ],
            [
              664.4983407787854,
              -880.1890274498111
            ],
            [
              668.7735319426137,
              -876.6398121439914
            ],
            [
              675.9526265384762,
              -877.4464519862232
            ],
            [
              685.067656755695,
              -877.0431320651073
            ],
            [
              699.2645179789737,
              -883.2542588502918
            ],
            [
              706.846932495952,
              -886.8034741561115
            ],
            [
              718.7852021609818,
              -895.1925285153217
            ],
            [
              710.557475770218,
              -904.7108786536562
            ],
            [
              706.6856045275057,
              -900.1936955371584
            ],
            [
              694.7473348624759,
              -899.7097116318193
            ],
            [
              686.5196084717121,
              -903.9042388114244
            ],
            [
              679.9051617654118,
              -901.6456472531755
            ],
            [
              677.9692261440556,
              -905.3561905274416
            ],
            [
              674.0973549013432,
              -912.93860504442
            ],
            [
              667.6442361634893,
              -911.1639973915102
            ],
            [
              665.7083005421331,
              -905.6788464643344
            ],
            [
              660.2231496149573,
              -902.7749430323
            ],
            [
              650.0594876028372,
              -904.7108786536562
            ],
            [
              640.2184815276099,
              -904.2268947483171
            ],
            [
              637.7985620009147,
              -908.2600939594759
            ],
            [
              633.2813788844169,
              -903.5815828745317
            ],
            [
              626.6669321781167,
              -903.7429108429781
            ],
            [
              626.5056042096703,
              -895.837840389107
            ],
            [
              638.2825459062537,
              -893.0952649255191
            ],
            [
              646.8329282339103,
              -896.8058081997851
            ],
            [
              646.5102722970175,
              -890.6753453988239
            ],
            [
              652.4794071295324,
              -889.7073775881457
            ],
            [
              651.9954232241934,
              -884.3835546294163
            ],
            [
              643.7676968334296,
              -884.3835546294163
            ],
            [
              642.1544171489661,
              -882.931602913399
            ],
            [
              642.9610569911979,
              -879.0597316706867
            ]
          ]
        ]
      }
    },
    {
      "type": "Feature",
      "properties": {
        "fid": 1037,
        "code": "xaymaca",
        "name": "Xaymaca",
        "capital": null,
        "culture": null,
        "civs": null,
        "provinceType": "land",
        "terrain": "island",
        "mapTypes": null,
        "resources": null,
        "religion": null,
        "population": "low",
        "centerpoint": [
          588,
          904
        ],
        "position": {
          "x": 571,
          "y": 894
        },
        "bbox": {
          "w": 34,
          "h": 17
        }
      },
      "geometry": {
        "type": "Polygon",
        "coordinates": [
          [
            [
              570.8474550956796,
              -900.032367568712
            ],
            [
              573.5093665750444,
              -895.91850437333
            ],
            [
              582.9470527291559,
              -893.9825687519739
            ],
            [
              595.2079783310784,
              -895.2731924995446
            ],
            [
              600.7737932424774,
              -899.4677196791497
            ],
            [
              604.8069924536361,
              -904.0655667798707
            ],
            [
              602.7903928480567,
              -909.2280617701538
            ],
            [
              595.7726262206405,
              -910.1153655966087
            ],
            [
              592.4654028674904,
              -910.7606774703941
            ],
            [
              587.0609159245378,
              -910.5993495019478
            ],
            [
              581.2531090604691,
              -909.4700537228233
            ],
            [
              576.4939339913019,
              -907.6954460699135
            ],
            [
              570.8474550956796,
              -900.032367568712
            ]
          ]
        ]
      }
    },
    {
      "type": "Feature",
      "properties": {
        "fid": 1038,
        "code": "boriken",
        "name": "Boriken",
        "capital": null,
        "culture": null,
        "civs": null,
        "provinceType": "land",
        "terrain": "island",
        "mapTypes": null,
        "resources": null,
        "religion": null,
        "population": "low",
        "centerpoint": [
          747,
          900
        ],
        "position": {
          "x": 729,
          "y": 895
        },
        "bbox": {
          "w": 38,
          "h": 14
        }
      },
      "geometry": {
        "type": "Polygon",
        "coordinates": [
          [
            [
              729.8361679995569,
              -897.2091281209009
            ],
            [
              732.6594074473679,
              -908.5020859121454
            ],
            [
              748.2275564024407,
              -909.3087257543771
            ],
            [
              757.1005946669898,
              -903.0169349849696
            ],
            [
              758.1492264618911,
              -901.0809993636133
            ],
            [
              767.0222647264403,
              -901.403655300506
            ],
            [
              766.7802727737708,
              -897.69311202624
            ],
            [
              761.9404337203803,
              -897.0478001524546
            ],
            [
              757.665242556552,
              -898.4997518684718
            ],
            [
              758.7138743514533,
              -900.2743595213816
            ],
            [
              750.5668119449127,
              -897.8544399946863
            ],
            [
              743.2263893806038,
              -895.5151844522143
            ],
            [
              733.0627273684838,
              -895.1118645310984
            ],
            [
              730.6428078417886,
              -895.5958484364374
            ],
            [
              729.0295281573251,
              -899.3870556949266
            ],
            [
              729.8361679995569,
              -897.2091281209009
            ]
          ]
        ]
      }
    },
    {
      "type": "Feature",
      "properties": {
        "fid": 1039,
        "code": "antilles",
        "name": "Antilles",
        "capital": null,
        "culture": null,
        "civs": null,
        "provinceType": "land",
        "terrain": "island",
        "mapTypes": null,
        "resources": null,
        "religion": null,
        "population": "low",
        "centerpoint": [
          806,
          947
        ],
        "position": {
          "x": 774,
          "y": 899
        },
        "bbox": {
          "w": 64,
          "h": 99
        }
      },
      "geometry": {
        "type": "Polygon",
        "coordinates": [
          [
            [
              783.3970535237445,
              -898.7417438211418
            ],
            [
              782.2677577446201,
              -911.0026694230643
            ],
            [
              791.4634519460619,
              -923.5862509618795
            ],
            [
              800.9818020843966,
              -934.2338968793385
            ],
            [
              808.4028886329286,
              -951.4959895030978
            ],
            [
              802.7564097373064,
              -976.1791686753892
            ],
            [
              790.1728281984912,
              -983.7615831923677
            ],
            [
              773.87870338541,
              -985.6975188137238
            ],
            [
              775.4919830698734,
              -997.1518045734146
            ],
            [
              800.4978181790575,
              -997.3131325418609
            ],
            [
              818.7278786134949,
              -985.3748628768311
            ],
            [
              820.5024862664047,
              -966.6608185370546
            ],
            [
              837.4419229532714,
              -974.0819050855866
            ],
            [
              835.1833313950225,
              -964.5635549472521
            ],
            [
              827.2782609411514,
              -965.8541786948228
            ],
            [
              822.1157659508682,
              -953.7545810613467
            ],
            [
              819.695846424173,
              -943.5909190492267
            ],
            [
              814.6946794023363,
              -932.9432731317677
            ],
            [
              816.3079590867999,
              -920.1983636245061
            ],
            [
              811.1454640965167,
              -914.3905567604376
            ],
            [
              808.7255445698214,
              -907.9374380225836
            ],
            [
              804.853673327109,
              -901.6456472531762
            ],
            [
              783.3970535237445,
              -898.7417438211418
            ]
          ]
        ]
      }
    },
    {
      "type": "Feature",
      "properties": {
        "fid": 1040,
        "code": "olmecatl",
        "name": "Olmecatl",
        "capital": null,
        "culture": null,
        "civs": null,
        "provinceType": "land",
        "terrain": "wetlands",
        "mapTypes": null,
        "resources": null,
        "religion": null,
        "population": "medium",
        "centerpoint": [
          368,
          892
        ],
        "position": {
          "x": 324,
          "y": 873
        },
        "bbox": {
          "w": 91,
          "h": 40
        }
      },
      "geometry": {
        "type": "Polygon",
        "coordinates": [
          [
            [
              333.39273342101404,
              -873.0497378560013
            ],
            [
              323.38149844782345,
              -883.7283884940714
            ],
            [
              340.9567776229803,
              -904.0845662728923
            ],
            [
              360.2005959603356,
              -912.8722058604708
            ],
            [
              361.3129554018012,
              -913.0946777487638
            ],
            [
              384.08851496580996,
              -906.9210828486297
            ],
            [
              414.7757310572431,
              -891.5844270494224
            ],
            [
              400.91295151797766,
              -890.5554945660666
            ],
            [
              400.5653391925197,
              -891.3480506681109
            ],
            [
              394.3361263203121,
              -892.18232024921
            ],
            [
              391.5274187306114,
              -888.0387813297505
            ],
            [
              386.32713834175956,
              -887.7328824833475
            ],
            [
              383.60185771016876,
              -890.5137810870116
            ],
            [
              371.39371284008337,
              -891.7929944446971
            ],
            [
              363.1622529732377,
              -893.4337246208589
            ],
            [
              357.3223659055431,
              -894.351421160068
            ],
            [
              343.39006390118607,
              -885.6472085305994
            ],
            [
              338.2454014844075,
              -882.3657481782758
            ],
            [
              333.39273342101404,
              -873.0497378560013
            ]
          ]
        ]
      }
    },
    {
      "type": "Feature",
      "properties": {
        "fid": 1041,
        "code": "oaxaca",
        "name": "Oaxaca",
        "capital": "Danibaan",
        "culture": null,
        "civs": null,
        "provinceType": "land",
        "terrain": "hills",
        "mapTypes": null,
        "resources": null,
        "religion": null,
        "population": "high",
        "centerpoint": [
          321,
          913
        ],
        "position": {
          "x": 293,
          "y": 888
        },
        "bbox": {
          "w": 68,
          "h": 44
        }
      },
      "geometry": {
        "type": "Polygon",
        "coordinates": [
          [
            [
              292.16591162169374,
              -917.8778233470659
            ],
            [
              297.7277088290219,
              -904.3070381611852
            ],
            [
              310.4086064617301,
              -898.0778252889777
            ],
            [
              312.8557972329545,
              -892.0710843050633
            ],
            [
              322.6445603178521,
              -888.2890622040802
            ],
            [
              329.7636607432321,
              -889.4014216455457
            ],
            [
              340.97068211599844,
              -904.1958022170387
            ],
            [
              360.4925903137203,
              -912.927823832544
            ],
            [
              356.87742212895705,
              -926.2205191580586
            ],
            [
              348.92405212247775,
              -922.3828790850021
            ],
            [
              336.0763005735497,
              -929.9469232869684
            ],
            [
              324.1740545498674,
              -932.505350002339
            ],
            [
              310.3807974756935,
              -929.724451398675
            ],
            [
              299.70214683762345,
              -925.0525417445193
            ],
            [
              292.13810263565716,
              -920.6031039786568
            ],
            [
              292.16591162169374,
              -917.8778233470659
            ]
          ]
        ]
      }
    },
    {
      "type": "Feature",
      "properties": {
        "fid": 1042,
        "code": "mixteca",
        "name": "Mixteca",
        "capital": null,
        "culture": null,
        "civs": null,
        "provinceType": "land",
        "terrain": "hills",
        "mapTypes": null,
        "resources": null,
        "religion": null,
        "population": "high",
        "centerpoint": [
          277,
          902
        ],
        "position": {
          "x": 248,
          "y": 877
        },
        "bbox": {
          "w": 64,
          "h": 44
        }
      },
      "geometry": {
        "type": "Polygon",
        "coordinates": [
          [
            [
              247.97743280947162,
              -893.9064773834816
            ],
            [
              265.5527119846286,
              -876.5536700966178
            ],
            [
              282.2381036066131,
              -880.3356921976009
            ],
            [
              311.3819209730127,
              -892.794117942016
            ],
            [
              311.9937186658188,
              -894.5182750762876
            ],
            [
              310.2695615315471,
              -898.3559151493441
            ],
            [
              297.86675375920527,
              -904.1958022170388
            ],
            [
              292.08248466358395,
              -917.5441155146264
            ],
            [
              292.1937206077305,
              -920.4918680345103
            ],
            [
              279.846530807462,
              -918.3783850957255
            ],
            [
              271.2813631081766,
              -913.0946777487638
            ],
            [
              263.661700934137,
              -911.8154643910784
            ],
            [
              258.04428575473554,
              -907.2547906810693
            ],
            [
              252.03754477082114,
              -903.250296691793
            ],
            [
              249.03417427886393,
              -898.6896229817839
            ],
            [
              247.97743280947162,
              -893.9064773834816
            ]
          ]
        ]
      }
    },
    {
      "type": "Feature",
      "properties": {
        "fid": 1043,
        "code": "michoacan",
        "name": "Michoacan",
        "capital": null,
        "culture": null,
        "civs": null,
        "provinceType": "land",
        "terrain": "hills",
        "mapTypes": null,
        "resources": null,
        "religion": null,
        "population": "high",
        "centerpoint": [
          226,
          864
        ],
        "position": {
          "x": 199,
          "y": 827
        },
        "bbox": {
          "w": 67,
          "h": 69
        }
      },
      "geometry": {
        "type": "Polygon",
        "coordinates": [
          [
            [
              200.2015947985226,
              -827.2205288676168
            ],
            [
              236.4645125903022,
              -828.5553601973755
            ],
            [
              250.4802415527692,
              -846.3531112608257
            ],
            [
              265.60832995670177,
              -874.6070410740527
            ],
            [
              264.49597051523614,
              -879.2789507282084
            ],
            [
              248.03305078154483,
              -893.9620953555549
            ],
            [
              245.66928696843036,
              -896.1311962664129
            ],
            [
              236.65917549255872,
              -895.6028255317167
            ],
            [
              217.49878411331315,
              -886.1755792652954
            ],
            [
              218.38867166648566,
              -882.1710852760191
            ],
            [
              205.93024592207058,
              -877.2767037335702
            ],
            [
              198.81114549669053,
              -863.9283904359827
            ],
            [
              205.48530214548433,
              -857.2542337871889
            ],
            [
              209.4897961347606,
              -849.6901895852226
            ],
            [
              201.48080815620804,
              -837.2317638408075
            ],
            [
              200.2015947985226,
              -827.2205288676168
            ]
          ]
        ]
      }
    },
    {
      "type": "Feature",
      "properties": {
        "fid": 1044,
        "code": "central_mexican_plateau",
        "name": "Central Mexican Plateau",
        "capital": null,
        "culture": null,
        "civs": null,
        "provinceType": "land",
        "terrain": "plateau",
        "mapTypes": null,
        "resources": null,
        "religion": null,
        "population": "high",
        "centerpoint": [
          294,
          875
        ],
        "position": {
          "x": 250,
          "y": 841
        },
        "bbox": {
          "w": 78,
          "h": 53
        }
      },
      "geometry": {
        "type": "Polygon",
        "coordinates": [
          [
            [
              249.9796798041095,
              -846.1306393725324
            ],
            [
              290.35832752931196,
              -840.7913140534973
            ],
            [
              302.59428138543393,
              -858.9227729493871
            ],
            [
              327.51113287426415,
              -879.5014226165013
            ],
            [
              323.4788298989512,
              -883.8118154521806
            ],
            [
              328.3454024553633,
              -889.2623767153623
            ],
            [
              322.67236930388856,
              -888.6505790225561
            ],
            [
              312.77237027484443,
              -892.1545112631729
            ],
            [
              311.9381006937452,
              -894.1011402857378
            ],
            [
              311.103831112646,
              -892.8219269280522
            ],
            [
              282.1268676624663,
              -880.6415910440036
            ],
            [
              265.21900415218863,
              -876.970804887167
            ],
            [
              265.3302400963352,
              -877.6938385241197
            ],
            [
              265.3858580684085,
              -874.8573219483823
            ],
            [
              249.9796798041095,
              -846.1306393725324
            ]
          ]
        ]
      }
    },
    {
      "type": "Feature",
      "properties": {
        "fid": 1045,
        "code": "totonacapan",
        "name": "Totonacapan",
        "capital": null,
        "culture": null,
        "civs": null,
        "provinceType": "land",
        "terrain": "plain",
        "mapTypes": null,
        "resources": null,
        "religion": null,
        "population": "medium",
        "centerpoint": [
          321,
          834
        ],
        "position": {
          "x": 287,
          "y": 776
        },
        "bbox": {
          "w": 51,
          "h": 104
        }
      },
      "geometry": {
        "type": "Polygon",
        "coordinates": [
          [
            [
              335.96506462940283,
              -790.9576110758367
            ],
            [
              301.9268657205545,
              -775.6070507836109
            ],
            [
              286.3538335400356,
              -805.640755703183
            ],
            [
              290.80327130589814,
              -841.2362578300833
            ],
            [
              290.74765333382487,
              -841.486538704413
            ],
            [
              302.7889442876903,
              -859.3120987538999
            ],
            [
              327.7057957765205,
              -879.8351304489408
            ],
            [
              333.60130081628836,
              -873.3834456884401
            ],
            [
              335.0473680901937,
              -872.8272659677073
            ],
            [
              331.7102897657968,
              -866.7649070117196
            ],
            [
              326.120683572432,
              -859.4789526701196
            ],
            [
              325.4532679075526,
              -849.0227739203427
            ],
            [
              322.78360524803503,
              -842.9047969922817
            ],
            [
              319.22405503534503,
              -839.1227748912986
            ],
            [
              322.5611333597419,
              -834.5621011812894
            ],
            [
              323.45102091291443,
              -825.2182818729782
            ],
            [
              328.0116946229235,
              -813.9834515141753
            ],
            [
              327.6779867904838,
              -811.2025529105113
            ],
            [
              337.29989595916163,
              -794.7952511488932
            ],
            [
              335.96506462940283,
              -790.9576110758367
            ]
          ]
        ]
      }
    },
    {
      "type": "Feature",
      "properties": {
        "fid": 1046,
        "code": "caxcanes",
        "name": "Caxcanes",
        "capital": null,
        "culture": null,
        "civs": null,
        "provinceType": "land",
        "terrain": "semi_arid",
        "mapTypes": null,
        "resources": null,
        "religion": null,
        "population": "low",
        "centerpoint": [
          255,
          760
        ],
        "position": {
          "x": 162,
          "y": 718
        },
        "bbox": {
          "w": 147,
          "h": 86
        }
      },
      "geometry": {
        "type": "Polygon",
        "coordinates": [
          [
            [
              161.99204798417793,
              -717.3750340228855
            ],
            [
              297.25495606639885,
              -721.824471788748
            ],
            [
              309.26843803422764,
              -776.9975000854434
            ],
            [
              308.54540439727504,
              -778.8328931638617
            ],
            [
              302.0381016647011,
              -775.6070507836114
            ],
            [
              285.74203584722966,
              -803.8053626247653
            ],
            [
              210.10159382756666,
              -789.122217997419
            ],
            [
              161.99204798417793,
              -717.3750340228855
            ]
          ]
        ]
      }
    },
    {
      "type": "Feature",
      "properties": {
        "fid": 1047,
        "code": "zacatecas",
        "name": "Zacatecas",
        "capital": null,
        "culture": null,
        "civs": null,
        "provinceType": "land",
        "terrain": "semi_arid",
        "mapTypes": null,
        "resources": null,
        "religion": null,
        "population": "medium",
        "centerpoint": [
          248,
          821
        ],
        "position": {
          "x": 210,
          "y": 789
        },
        "bbox": {
          "w": 81,
          "h": 57
        }
      },
      "geometry": {
        "type": "Polygon",
        "coordinates": [
          [
            [
              223.004963348568,
              -824.0503044594399
            ],
            [
              209.87912193927355,
              -789.0109820532724
            ],
            [
              287.29933906528163,
              -804.0278345130585
            ],
            [
              286.7431593445488,
              -805.2514298986706
            ],
            [
              290.91450725004495,
              -841.4031117463036
            ],
            [
              250.36900560862267,
              -846.408729232899
            ],
            [
              236.63136650652208,
              -829.0003039739618
            ],
            [
              222.17069376746886,
              -828.2772703370091
            ],
            [
              223.004963348568,
              -824.0503044594399
            ]
          ]
        ]
      }
    },
    {
      "type": "Feature",
      "properties": {
        "fid": 1048,
        "code": "mississippi_southern",
        "name": "Southern Mississippi",
        "capital": null,
        "culture": null,
        "civs": null,
        "provinceType": "land",
        "terrain": "plains",
        "mapTypes": null,
        "resources": null,
        "religion": null,
        "population": "medium",
        "centerpoint": [
          422,
          715
        ],
        "position": {
          "x": 371,
          "y": 652
        },
        "bbox": {
          "w": 110,
          "h": 90
        }
      },
      "geometry": {
        "type": "Polygon",
        "coordinates": [
          [
            [
              387.30045285304203,
              -739.5109869080512
            ],
            [
              389.9701155125596,
              -694.5716654728396
            ],
            [
              370.55944325898395,
              -681.7795318959849
            ],
            [
              413.3296637833378,
              -651.6902090043396
            ],
            [
              453.59707556439366,
              -673.6593079732859
            ],
            [
              480.7386459361551,
              -690.5671714835635
            ],
            [
              462.940894872705,
              -730.6121113763261
            ],
            [
              463.7473554677677,
              -736.2573355417643
            ],
            [
              451.23331175127936,
              -733.0871111335872
            ],
            [
              442.0563463591879,
              -734.3107065191994
            ],
            [
              430.87713397245835,
              -715.4562139863569
            ],
            [
              402.178260382645,
              -717.235989092702
            ],
            [
              395.28163184555814,
              -741.9303686932391
            ],
            [
              387.71758764359186,
              -742.1528405815321
            ],
            [
              387.30045285304203,
              -739.5109869080512
            ]
          ]
        ]
      }
    },
    {
      "type": "Feature",
      "properties": {
        "fid": 1049,
        "code": "mississippi_delta",
        "name": "Mississippi River Delta",
        "capital": null,
        "culture": null,
        "civs": null,
        "provinceType": "land",
        "terrain": "river",
        "mapTypes": null,
        "resources": null,
        "religion": null,
        "population": "medium",
        "centerpoint": [
          429,
          743
        ],
        "position": {
          "x": 396,
          "y": 716
        },
        "bbox": {
          "w": 53,
          "h": 39
        }
      },
      "geometry": {
        "type": "Polygon",
        "coordinates": [
          [
            [
              395.22601387348453,
              -741.930368693239
            ],
            [
              401.2883728294723,
              -744.4887954086099
            ],
            [
              408.4074732548523,
              -744.6556493248298
            ],
            [
              416.9170229820644,
              -748.2708175095931
            ],
            [
              423.47994368671164,
              -751.4410419177701
            ],
            [
              429.04174089403983,
              -748.7157612861794
            ],
            [
              432.76814502294974,
              -752.219693526796
            ],
            [
              434.5479201292947,
              -747.8258737330068
            ],
            [
              440.16533530869617,
              -750.6067723366709
            ],
            [
              441.8338744708946,
              -753.9438506610678
            ],
            [
              446.7282560133434,
              -753.3320529682617
            ],
            [
              447.5625255944426,
              -747.0472221239809
            ],
            [
              440.99960488979536,
              -743.5989078554375
            ],
            [
              446.7838739854167,
              -740.92924519592
            ],
            [
              448.4524131476151,
              -736.4241894579841
            ],
            [
              445.33780671151135,
              -733.9769986867598
            ],
            [
              442.1675823033343,
              -734.3107065191995
            ],
            [
              430.98836991660465,
              -715.3449780422103
            ],
            [
              402.1782603826448,
              -717.0691351764821
            ],
            [
              395.22601387348453,
              -741.930368693239
            ]
          ]
        ]
      }
    },
    {
      "type": "Feature",
      "properties": {
        "fid": 1050,
        "code": "mississippi_northern ",
        "name": "Northern Mississippi",
        "capital": null,
        "culture": null,
        "civs": null,
        "provinceType": null,
        "terrain": "land",
        "mapTypes": "plains",
        "resources": null,
        "religion": null,
        "population": "medium",
        "centerpoint": [
          500,
          641
        ],
        "position": {
          "x": 379,
          "y": 583
        },
        "bbox": {
          "w": 199,
          "h": 107
        }
      },
      "geometry": {
        "type": "Polygon",
        "coordinates": [
          [
            [
              480.6274099920085,
              -690.6227894556371
            ],
            [
              518.44763100184,
              -673.436836084993
            ],
            [
              536.1897640932166,
              -663.0362753072894
            ],
            [
              545.9785271781142,
              -657.4744780999613
            ],
            [
              548.8706617259248,
              -649.4654901214087
            ],
            [
              549.7605492790973,
              -643.4587491374944
            ],
            [
              560.2167280288743,
              -635.894704935528
            ],
            [
              569.3380754488925,
              -628.775604510148
            ],
            [
              576.6796477625657,
              -620.9890884198885
            ],
            [
              577.7920072040313,
              -609.643022116939
            ],
            [
              520.6167319126978,
              -601.1890903618003
            ],
            [
              429.4032577125159,
              -583.168867410057
            ],
            [
              404.8201140561253,
              -618.8756054811038
            ],
            [
              379.0133750141226,
              -634.3374017174762
            ],
            [
              400.48191223440926,
              -643.5699850816409
            ],
            [
              413.1628098671175,
              -652.3576246692194
            ],
            [
              480.6274099920085,
              -690.6227894556371
            ]
          ]
        ]
      }
    },
    {
      "type": "Feature",
      "properties": {
        "fid": 1051,
        "code": "karankawa",
        "name": "Karankawa",
        "capital": null,
        "culture": null,
        "civs": null,
        "provinceType": "land",
        "terrain": "semi_arid",
        "mapTypes": null,
        "resources": null,
        "religion": null,
        "population": "low",
        "centerpoint": [
          345,
          734
        ],
        "position": {
          "x": 297,
          "y": 654
        },
        "bbox": {
          "w": 93,
          "h": 140
        }
      },
      "geometry": {
        "type": "Polygon",
        "coordinates": [
          [
            [
              296.921248233959,
              -721.2126740959416
            ],
            [
              301.98248369262774,
              -653.3587481665378
            ],
            [
              339.4689968700196,
              -655.4166131332493
            ],
            [
              351.6493327540684,
              -672.3800946156002
            ],
            [
              377.2892178798509,
              -684.8385203600155
            ],
            [
              389.97011551255935,
              -694.0711037241799
            ],
            [
              387.35607082511495,
              -739.1216611035384
            ],
            [
              387.4673067692615,
              -742.5699753720818
            ],
            [
              375.6762966897258,
              -745.1284020874527
            ],
            [
              368.55719626434575,
              -751.5800868479535
            ],
            [
              353.65157974870624,
              -757.8092997201609
            ],
            [
              343.4178728872224,
              -761.5913218211441
            ],
            [
              336.74371623842865,
              -771.4913208501882
            ],
            [
              336.41000840598895,
              -788.2879484163193
            ],
            [
              336.41000840598895,
              -793.182329958768
            ],
            [
              308.7122583134947,
              -778.6104212755682
            ],
            [
              309.49090992252064,
              -777.0531180575164
            ],
            [
              296.921248233959,
              -721.2126740959416
            ]
          ]
        ]
      }
    },
    {
      "type": "Feature",
      "properties": {
        "fid": 1052,
        "code": "tovaangar",
        "name": "Tovaangar",
        "capital": null,
        "culture": null,
        "civs": null,
        "provinceType": "land",
        "terrain": "semi_arid",
        "mapTypes": null,
        "resources": null,
        "religion": null,
        "population": "low",
        "centerpoint": [
          100,
          699
        ],
        "position": {
          "x": 66,
          "y": 675
        },
        "bbox": {
          "w": 97,
          "h": 43
        }
      },
      "geometry": {
        "type": "Polygon",
        "coordinates": [
          [
            [
              65.88419224154723,
              -674.8272853868249
            ],
            [
              151.75834112269405,
              -678.3868355995148
            ],
            [
              162.8819355373504,
              -717.5418879391052
            ],
            [
              126.17407396898463,
              -714.8166073075143
            ],
            [
              118.0538500462855,
              -707.1413271614015
            ],
            [
              111.49092934163828,
              -708.3649225470136
            ],
            [
              104.26059297211167,
              -703.3593050604184
            ],
            [
              101.92463814503384,
              -707.3637990496945
            ],
            [
              99.9223911503957,
              -708.6986303794533
            ],
            [
              80.56733686889369,
              -712.3694165362899
            ],
            [
              78.62070784632891,
              -707.4194170217678
            ],
            [
              74.61621385705264,
              -692.7362723944215
            ],
            [
              74.17127008046639,
              -687.3969470753865
            ],
            [
              69.72183231460386,
              -680.0553747617133
            ],
            [
              65.88419224154723,
              -674.8272853868249
            ]
          ]
        ]
      }
    },
    {
      "type": "Feature",
      "properties": {
        "fid": 1053,
        "code": "sonora",
        "name": "Sonora",
        "capital": null,
        "culture": null,
        "civs": null,
        "provinceType": "land",
        "terrain": "semi_arid",
        "mapTypes": null,
        "resources": null,
        "religion": null,
        "population": "low",
        "centerpoint": [
          168,
          779
        ],
        "position": {
          "x": 127,
          "y": 715
        },
        "bbox": {
          "w": 96,
          "h": 117
        }
      },
      "geometry": {
        "type": "Polygon",
        "coordinates": [
          [
            [
              126.11845599691136,
              -714.760989335441
            ],
            [
              126.89710760593731,
              -722.658741369847
            ],
            [
              129.23306243301514,
              -731.4463809574255
            ],
            [
              131.56901726009295,
              -739.9003127125643
            ],
            [
              140.80160062425767,
              -753.9160416750314
            ],
            [
              147.03081349646524,
              -757.9205356643076
            ],
            [
              151.3690153181812,
              -759.7003107706527
            ],
            [
              149.70047615598276,
              -764.4834563689549
            ],
            [
              150.92407154159494,
              -769.3778379114036
            ],
            [
              157.7094641345353,
              -774.4946913421455
            ],
            [
              160.26789084990625,
              -777.0531180575165
            ],
            [
              165.16227239235505,
              -781.6137917675256
            ],
            [
              167.0532834428466,
              -782.3924433765516
            ],
            [
              163.27126134186346,
              -785.840757645095
            ],
            [
              163.04878945357035,
              -790.8463751316904
            ],
            [
              168.94429449333822,
              -795.2958128975529
            ],
            [
              172.17013687358855,
              -796.8531161156047
            ],
            [
              177.73193408091672,
              -801.3025538814674
            ],
            [
              178.51058568994267,
              -804.5283962617176
            ],
            [
              182.84878751165863,
              -811.8699685753908
            ],
            [
              192.74878654070275,
              -819.8789565539433
            ],
            [
              199.6454150777897,
              -829.8901915271341
            ],
            [
              200.53530263096218,
              -832.2261463542119
            ],
            [
              200.64653857510876,
              -828.2216523649356
            ],
            [
              222.33754768368857,
              -828.2216523649356
            ],
            [
              222.0038398512489,
              -822.5486192134609
            ],
            [
              209.65665005098037,
              -788.8441281370522
            ],
            [
              162.0476659562513,
              -716.7632363300793
            ],
            [
              126.11845599691136,
              -714.760989335441
            ]
          ]
        ]
      }
    },
    {
      "type": "Feature",
      "properties": {
        "fid": 1054,
        "code": "california",
        "name": "California",
        "capital": null,
        "culture": null,
        "civs": null,
        "provinceType": "land",
        "terrain": "semi_arid",
        "mapTypes": null,
        "resources": null,
        "religion": null,
        "population": "medium",
        "centerpoint": [
          40,
          618
        ],
        "position": {
          "x": 16,
          "y": 571
        },
        "bbox": {
          "w": 98,
          "h": 106
        }
      },
      "geometry": {
        "type": "Polygon",
        "coordinates": [
          [
            [
              17.218466677425255,
              -571.1553854422278
            ],
            [
              70.16677609118935,
              -570.7104416656416
            ],
            [
              112.88137864346965,
              -664.593578525341
            ],
            [
              113.54879430834904,
              -676.7739144093896
            ],
            [
              66.21790007398641,
              -674.8272853868247
            ],
            [
              63.103293637882636,
              -675.7171729399972
            ],
            [
              37.79711634453952,
              -661.2008822288706
            ],
            [
              38.90947578600516,
              -652.9694223620249
            ],
            [
              26.228578153296944,
              -634.2817837454023
            ],
            [
              25.783634376710694,
              -627.8300989849016
            ],
            [
              23.113971717193174,
              -611.8121230277965
            ],
            [
              21.33419661084816,
              -606.9177414853477
            ],
            [
              17.10723073327876,
              -599.7986410599677
            ],
            [
              16.884758844985633,
              -589.5649341984839
            ],
            [
              17.997118286451247,
              -586.0053839857939
            ],
            [
              15.104983738640605,
              -576.6615646774826
            ],
            [
              15.32745562693372,
              -573.5469582413788
            ],
            [
              17.218466677425255,
              -571.1553854422278
            ]
          ]
        ]
      }
    },
    {
      "type": "Feature",
      "properties": {
        "fid": 1055,
        "code": "west_coast_na",
        "name": "West Coast",
        "capital": null,
        "culture": null,
        "civs": null,
        "provinceType": "land",
        "terrain": "florest_pines",
        "mapTypes": null,
        "resources": null,
        "religion": null,
        "population": "medium",
        "centerpoint": [
          48,
          450
        ],
        "position": {
          "x": 18,
          "y": 333
        },
        "bbox": {
          "w": 117,
          "h": 239
        }
      },
      "geometry": {
        "type": "Polygon",
        "coordinates": [
          [
            [
              17.107230733278655,
              -571.7671831350335
            ],
            [
              73.17014658314653,
              -571.5447112467405
            ],
            [
              123.22632144909994,
              -487.8952812485249
            ],
            [
              133.90497208716997,
              -453.18966667479725
            ],
            [
              98.30946996026975,
              -364.6458551341329
            ],
            [
              65.82857426947328,
              -332.60990321992267
            ],
            [
              41.80161033381563,
              -341.06383497506147
            ],
            [
              36.46228501478059,
              -347.0705759589759
            ],
            [
              29.343184589400536,
              -352.6323731663041
            ],
            [
              27.563409483055523,
              -356.1919233789941
            ],
            [
              24.89374682353801,
              -367.09304590535726
            ],
            [
              30.23307214257305,
              -373.0997868892717
            ],
            [
              39.131947674298104,
              -378.884055984893
            ],
            [
              42.691497886988145,
              -409.36270468105135
            ],
            [
              29.788128365986807,
              -414.03461433520704
            ],
            [
              50.47801397724758,
              -446.96045380258965
            ],
            [
              54.0375641899376,
              -460.3087671001774
            ],
            [
              54.482507966523855,
              -475.43685550411
            ],
            [
              51.367901530420085,
              -494.1244941207326
            ],
            [
              39.79936333917752,
              -511.92224518418277
            ],
            [
              34.46003802014249,
              -526.6053898115291
            ],
            [
              24.671274935244924,
              -535.5042653432541
            ],
            [
              24.226331158658667,
              -548.4076348642554
            ],
            [
              21.111724722554897,
              -561.3110043852569
            ],
            [
              17.107230733278655,
              -571.7671831350335
            ]
          ]
        ]
      }
    },
    {
      "type": "Feature",
      "properties": {
        "fid": 1056,
        "code": "great_plains",
        "name": "Great Plains",
        "capital": null,
        "culture": null,
        "civs": null,
        "provinceType": "land",
        "terrain": "plains",
        "mapTypes": null,
        "resources": null,
        "religion": null,
        "population": "low",
        "centerpoint": [
          318,
          625
        ],
        "position": {
          "x": 242,
          "y": 502
        },
        "bbox": {
          "w": 171,
          "h": 180
        }
      },
      "geometry": {
        "type": "Polygon",
        "coordinates": [
          [
            [
              376.12124046631146,
              -681.2789701473254
            ],
            [
              412.4119672441285,
              -652.0795348088521
            ],
            [
              400.6765751366661,
              -643.5699850816401
            ],
            [
              376.6774201870443,
              -632.1683008066177
            ],
            [
              338.30101945647993,
              -581.1666204154184
            ],
            [
              308.4897864252011,
              -501.9666281830654
            ],
            [
              244.41788259678066,
              -519.7643792465154
            ],
            [
              241.74821993726331,
              -574.4924637666246
            ],
            [
              248.4223765860571,
              -590.955383500316
            ],
            [
              252.87181435191965,
              -611.8677409998699
            ],
            [
              256.8763083411959,
              -622.9913354145262
            ],
            [
              253.76170190509214,
              -633.2250422760101
            ],
            [
              255.9864207880234,
              -650.1329057862877
            ],
            [
              318.27854951009886,
              -655.0272873287364
            ],
            [
              339.63585078623896,
              -655.4722311053226
            ],
            [
              350.20326548016294,
              -671.378971118281
            ],
            [
              369.8920275941042,
              -681.7239139239116
            ],
            [
              376.12124046631146,
              -681.2789701473254
            ]
          ]
        ]
      }
    },
    {
      "type": "Feature",
      "properties": {
        "fid": 1057,
        "code": "oasisamerica",
        "name": "Oasisamerica",
        "capital": null,
        "culture": null,
        "civs": "land",
        "provinceType": "semi_arid",
        "terrain": null,
        "mapTypes": null,
        "resources": null,
        "religion": null,
        "population": "high",
        "centerpoint": [
          219,
          668
        ],
        "position": {
          "x": 98,
          "y": 620
        },
        "bbox": {
          "w": 209,
          "h": 102
        }
      },
      "geometry": {
        "type": "Polygon",
        "coordinates": [
          [
            [
              306.71001131885635,
              -684.171104695136
            ],
            [
              302.03810166470066,
              -653.6924559989777
            ],
            [
              256.3201286204632,
              -650.2441417304343
            ],
            [
              255.09653323485102,
              -633.4475141643032
            ],
            [
              259.9909147772998,
              -619.6542570901294
            ],
            [
              98.03138009990371,
              -631.6677390579582
            ],
            [
              112.49205283895697,
              -665.0385223019272
            ],
            [
              113.38194039212947,
              -676.829532381463
            ],
            [
              152.53699273171972,
              -679.2767231526873
            ],
            [
              161.65834015173792,
              -717.7643598273982
            ],
            [
              296.9212482339588,
              -721.5463819283814
            ],
            [
              306.71001131885635,
              -684.171104695136
            ]
          ]
        ]
      }
    },
    {
      "type": "Feature",
      "properties": {
        "fid": 1058,
        "code": "great_lakes",
        "name": "Nayaano nibiimaang Gichigamiin",
        "capital": null,
        "culture": null,
        "civs": null,
        "provinceType": "land",
        "terrain": "lakes",
        "mapTypes": null,
        "resources": null,
        "religion": null,
        "population": "high",
        "centerpoint": [
          498,
          550
        ],
        "position": {
          "x": 392,
          "y": 455
        },
        "bbox": {
          "w": 247,
          "h": 155
        }
      },
      "geometry": {
        "type": "Polygon",
        "coordinates": [
          [
            [
              428.7636510336732,
              -574.4368457945511
            ],
            [
              391.8333175770142,
              -512.5896608490619
            ],
            [
              422.9793819380519,
              -454.3020261162628
            ],
            [
              501.73443039381874,
              -454.74696989284905
            ],
            [
              604.9613865618294,
              -517.0390986149245
            ],
            [
              639.2220573589709,
              -568.6525766989298
            ],
            [
              576.040041083723,
              -608.2525728151063
            ],
            [
              575.1501535305504,
              -609.0312244241323
            ],
            [
              478.48611806718685,
              -593.3469562994669
            ],
            [
              429.87601047513874,
              -583.2244853821296
            ],
            [
              428.7636510336732,
              -574.4368457945511
            ]
          ]
        ]
      }
    },
    {
      "type": "Feature",
      "properties": {
        "fid": 1059,
        "code": "apalaches",
        "name": "Apalaches",
        "capital": null,
        "culture": null,
        "civs": null,
        "provinceType": "land",
        "terrain": "hills",
        "mapTypes": null,
        "resources": null,
        "religion": null,
        "population": "medium",
        "centerpoint": [
          616,
          629
        ],
        "position": {
          "x": 516,
          "y": 555
        },
        "bbox": {
          "w": 195,
          "h": 161
        }
      },
      "geometry": {
        "type": "Polygon",
        "coordinates": [
          [
            [
              515.5276874679923,
              -676.4402065769495
            ],
            [
              554.4602679192894,
              -715.8177308048329
            ],
            [
              575.8175691954295,
              -703.581776948711
            ],
            [
              584.0490290622753,
              -694.6829014169859
            ],
            [
              594.7276797003453,
              -693.5705419755203
            ],
            [
              603.4040833437772,
              -685.5615539969677
            ],
            [
              620.8681265747877,
              -673.2143641966992
            ],
            [
              610.856891601597,
              -652.3020066971453
            ],
            [
              621.3130703513739,
              -649.1874002610415
            ],
            [
              638.8883495265309,
              -620.7109985595214
            ],
            [
              643.7827310689796,
              -607.1402133736407
            ],
            [
              665.3625042334129,
              -601.8008880546056
            ],
            [
              683.6051990734493,
              -594.2368438526393
            ],
            [
              687.3872211744324,
              -582.2233618848105
            ],
            [
              676.5973345922157,
              -580.1098789460257
            ],
            [
              681.9366599112508,
              -568.2076329223435
            ],
            [
              694.8400294322521,
              -561.6447122176962
            ],
            [
              710.5242975569175,
              -554.8593196247558
            ],
            [
              652.3478987682648,
              -556.082915010368
            ],
            [
              639.6670011355566,
              -568.4301048106365
            ],
            [
              575.2613894746966,
              -608.4750447033994
            ],
            [
              577.8198161900675,
              -609.809876033158
            ],
            [
              576.5962208044554,
              -621.044706391961
            ],
            [
              549.4546504326938,
              -642.958187388834
            ],
            [
              546.3400439965901,
              -657.0851522954474
            ],
            [
              515.5276874679923,
              -676.4402065769495
            ]
          ]
        ]
      }
    },
    {
      "type": "Feature",
      "properties": {
        "fid": 1060,
        "code": "florida",
        "name": "Florida",
        "capital": null,
        "culture": null,
        "civs": null,
        "provinceType": "land",
        "terrain": "plains",
        "mapTypes": null,
        "resources": null,
        "religion": null,
        "population": "medium",
        "centerpoint": [
          518,
          752
        ],
        "position": {
          "x": 463,
          "y": 674
        },
        "bbox": {
          "w": 98,
          "h": 141
        }
      },
      "geometry": {
        "type": "Polygon",
        "coordinates": [
          [
            [
              463.8029734398399,
              -734.616605365602
            ],
            [
              462.46814211008115,
              -730.3896394880326
            ],
            [
              481.26701667085035,
              -689.4548120420973
            ],
            [
              516.8625187977506,
              -673.6593079732853
            ],
            [
              555.3501554724614,
              -716.1514386372725
            ],
            [
              547.341167493909,
              -733.7267178124295
            ],
            [
              554.4602679192891,
              -759.9784006310184
            ],
            [
              560.4670089032035,
              -777.5536798061754
            ],
            [
              555.3501554724616,
              -798.4660373057293
            ],
            [
              547.7861112704953,
              -813.816597597955
            ],
            [
              529.5434164304589,
              -814.4840132628344
            ],
            [
              533.1029666431489,
              -795.1289589813324
            ],
            [
              522.2018441167858,
              -769.9896356042091
            ],
            [
              521.3119565636132,
              -761.9806476256565
            ],
            [
              519.7546533455613,
              -752.4143564290521
            ],
            [
              513.0804966967676,
              -743.0705371207408
            ],
            [
              496.1726331864899,
              -748.4098624397758
            ],
            [
              486.16139821329926,
              -737.5087399134126
            ],
            [
              463.8029734398399,
              -734.616605365602
            ]
          ]
        ]
      }
    },
    {
      "type": "Feature",
      "properties": {
        "fid": 1061,
        "code": "kebec",
        "name": "Kebec",
        "capital": null,
        "culture": null,
        "civs": null,
        "provinceType": "land",
        "terrain": "river",
        "mapTypes": null,
        "resources": null,
        "religion": null,
        "population": "medium",
        "centerpoint": [
          667,
          432
        ],
        "position": {
          "x": 547,
          "y": 268
        },
        "bbox": {
          "w": 298,
          "h": 302
        }
      },
      "geometry": {
        "type": "Polygon",
        "coordinates": [
          [
            [
              576.151277027869,
              -499.01887566318027
            ],
            [
              574.927681642256,
              -499.01887566318067
            ],
            [
              605.1838584501213,
              -519.0413456095621
            ],
            [
              639.2220573589698,
              -570.2098799169811
            ],
            [
              654.5726176511955,
              -556.6390947311004
            ],
            [
              710.6355335010635,
              -556.1941509545142
            ],
            [
              744.6737324099118,
              -568.6525766989292
            ],
            [
              807.0770970761338,
              -530.3874119125113
            ],
            [
              779.7130548160794,
              -495.6817973387836
            ],
            [
              752.571484444318,
              -492.1222471260936
            ],
            [
              741.0029462530754,
              -478.32899005191973
            ],
            [
              782.3827174755969,
              -489.89752824316236
            ],
            [
              790.3917054541495,
              -473.8795522860572
            ],
            [
              817.9782196024971,
              -455.1919136694346
            ],
            [
              845.5647337508449,
              -442.2885441484333
            ],
            [
              781.9377736990107,
              -315.92451159793745
            ],
            [
              749.4568780082142,
              -299.46159186424615
            ],
            [
              680.0456488607587,
              -273.2099090456572
            ],
            [
              635.9962149787196,
              -267.87058372662216
            ],
            [
              623.9827330108908,
              -283.8885596837273
            ],
            [
              628.8771145533397,
              -295.45709787496986
            ],
            [
              622.2029579045459,
              -308.80541117255746
            ],
            [
              628.8771145533397,
              -318.14923048086877
            ],
            [
              611.0793634898896,
              -332.3874313316288
            ],
            [
              620.4231827982009,
              -356.4143952672865
            ],
            [
              623.5377892343047,
              -383.1110218624617
            ],
            [
              606.1849819474407,
              -390.2301222878417
            ],
            [
              588.3872308839906,
              -396.90427893663554
            ],
            [
              585.7175682244731,
              -424.49079308498324
            ],
            [
              586.6074557776456,
              -444.0683192547784
            ],
            [
              564.8052107249192,
              -468.095283190436
            ],
            [
              547.1186956056159,
              -482.2222480970492
            ],
            [
              577.2636364693343,
              -500.1312351046463
            ],
            [
              576.151277027869,
              -499.01887566318027
            ]
          ]
        ]
      }
    },
    {
      "type": "Feature",
      "properties": {
        "fid": 1062,
        "code": "alaska",
        "name": "Alaska",
        "capital": null,
        "culture": null,
        "civs": null,
        "provinceType": "land",
        "terrain": "taiga",
        "mapTypes": null,
        "resources": null,
        "religion": null,
        "population": "low",
        "centerpoint": [
          80,
          145
        ],
        "position": {
          "x": 0,
          "y": 3
        },
        "bbox": {
          "w": 191,
          "h": 271
        }
      },
      "geometry": {
        "type": "Polygon",
        "coordinates": [
          [
            [
              -0.050913651328642,
              -2.572856937068707
            ],
            [
              107.62548028254457,
              -66.64476076548914
            ],
            [
              133.43221932454725,
              -85.77734315869802
            ],
            [
              190.8299665041739,
              -85.77734315869802
            ],
            [
              149.89513905823867,
              -153.8537409763947
            ],
            [
              142.33109485627233,
              -181.44025512474238
            ],
            [
              113.85469315475216,
              -216.59081347505636
            ],
            [
              27.535600497019075,
              -249.96159671902535
            ],
            [
              7.513130550637683,
              -273.5436168780967
            ],
            [
              -0.495857427914871,
              -269.9840666654067
            ],
            [
              -0.050913651328642,
              -2.572856937068707
            ]
          ]
        ]
      }
    },
    {
      "type": "Feature",
      "properties": {
        "fid": 1063,
        "code": "inside_passage",
        "name": "Inside Passage",
        "capital": null,
        "culture": null,
        "civs": null,
        "provinceType": "land",
        "terrain": "taiga",
        "mapTypes": null,
        "resources": null,
        "religion": null,
        "population": "low",
        "centerpoint": [
          75,
          303
        ],
        "position": {
          "x": 1,
          "y": 157
        },
        "bbox": {
          "w": 258,
          "h": 237
        }
      },
      "geometry": {
        "type": "Polygon",
        "coordinates": [
          [
            [
              4.843467891119637,
              -273.988560654683
            ],
            [
              0.394030125257103,
              -353.18855288703605
            ],
            [
              2.173805231602117,
              -391.0087738968675
            ],
            [
              17.301893635534718,
              -394.12338033297135
            ],
            [
              18.636724965293475,
              -361.1975408655886
            ],
            [
              23.976050284328515,
              -347.84922756800097
            ],
            [
              29.7603193799498,
              -351.85372155727725
            ],
            [
              31.873802318734526,
              -350.96383400410474
            ],
            [
              42.107509180218344,
              -341.73125063994
            ],
            [
              65.02211367441038,
              -333.27731888480116
            ],
            [
              98.28166097423276,
              -365.75821457559766
            ],
            [
              215.0794023281241,
              -358.6391141502176
            ],
            [
              258.68389243357706,
              -278.10429058810587
            ],
            [
              175.4794062119477,
              -156.63463958005877
            ],
            [
              147.5591842311603,
              -163.7537400054388
            ],
            [
              142.44233080041838,
              -182.10767078962172
            ],
            [
              112.742333713286,
              -217.03575725164262
            ],
            [
              27.75807238531167,
              -249.96159671902535
            ],
            [
              4.843467891119637,
              -273.988560654683
            ]
          ]
        ]
      }
    },
    {
      "type": "Feature",
      "properties": {
        "fid": 1064,
        "code": "arisona",
        "name": "Arisona",
        "capital": null,
        "culture": null,
        "civs": null,
        "provinceType": "land",
        "terrain": "desert",
        "mapTypes": null,
        "resources": null,
        "religion": null,
        "population": "low",
        "centerpoint": [
          169,
          575
        ],
        "position": {
          "x": 71,
          "y": 532
        },
        "bbox": {
          "w": 186,
          "h": 102
        }
      },
      "geometry": {
        "type": "Polygon",
        "coordinates": [
          [
            [
              94.49963887324935,
              -536.7278607288652
            ],
            [
              244.00074780623035,
              -531.8334791864163
            ],
            [
              241.10861325841978,
              -573.6581941855238
            ],
            [
              250.22996067843792,
              -594.3480797967846
            ],
            [
              256.68164543893863,
              -621.9345939451323
            ],
            [
              98.50413286252572,
              -633.9480759129613
            ],
            [
              70.25020304929865,
              -571.6559471908859
            ],
            [
              94.49963887324935,
              -536.7278607288652
            ]
          ]
        ]
      }
    },
    {
      "type": "Feature",
      "properties": {
        "fid": 1065,
        "code": "Rocky Mountains",
        "name": "rocky_mountains",
        "capital": null,
        "culture": null,
        "civs": null,
        "provinceType": "land",
        "terrain": "mountainous",
        "mapTypes": null,
        "resources": null,
        "religion": null,
        "population": "low",
        "centerpoint": [
          176,
          442
        ],
        "position": {
          "x": 95,
          "y": 358
        },
        "bbox": {
          "w": 213,
          "h": 180
        }
      },
      "geometry": {
        "type": "Polygon",
        "coordinates": [
          [
            [
              101.39626741033625,
              -365.2020348548647
            ],
            [
              217.08164932276202,
              -357.4155187646053
            ],
            [
              270.9198462896986,
              -364.53461918998534
            ],
            [
              307.85017974635764,
              -501.5773023785513
            ],
            [
              243.33333214135095,
              -522.0447161015189
            ],
            [
              241.99850081159218,
              -536.282916952279
            ],
            [
              94.72211076154245,
              -537.6177482820377
            ],
            [
              124.5333437928214,
              -488.22898908096363
            ],
            [
              132.98727554796022,
              -456.19303716675347
            ],
            [
              97.39177342105997,
              -367.6492256260891
            ],
            [
              101.39626741033625,
              -365.2020348548647
            ]
          ]
        ]
      }
    },
    {
      "type": "Feature",
      "properties": {
        "fid": 1066,
        "code": "plains_central",
        "name": "Plains",
        "capital": null,
        "culture": null,
        "civs": null,
        "provinceType": "land",
        "terrain": "plains",
        "mapTypes": null,
        "resources": null,
        "religion": null,
        "population": "low",
        "centerpoint": [
          359,
          491
        ],
        "position": {
          "x": 277,
          "y": 383
        },
        "bbox": {
          "w": 155,
          "h": 251
        }
      },
      "geometry": {
        "type": "Polygon",
        "coordinates": [
          [
            [
              280.70860937459616,
              -383.22225780660796
            ],
            [
              415.52657368023085,
              -399.68517754029926
            ],
            [
              424.4254492119559,
              -452.6334869540634
            ],
            [
              392.3894972977457,
              -510.92112168686253
            ],
            [
              430.6546620841634,
              -574.993025515283
            ],
            [
              426.65016809488714,
              -594.5705516850782
            ],
            [
              377.70635267039927,
              -634.6154915778409
            ],
            [
              336.771525224464,
              -583.0020134938355
            ],
            [
              307.4052359697713,
              -501.132358601965
            ],
            [
              276.0923176925138,
              -384.2789992760003
            ],
            [
              280.70860937459616,
              -383.22225780660796
            ]
          ]
        ]
      }
    },
    {
      "type": "Feature",
      "properties": {
        "fid": 1067,
        "code": "canada",
        "name": "canada",
        "capital": null,
        "culture": null,
        "civs": null,
        "provinceType": "land",
        "terrain": "florest_pines",
        "mapTypes": null,
        "resources": null,
        "religion": null,
        "population": "medium",
        "centerpoint": [
          430,
          367
        ],
        "position": {
          "x": 214,
          "y": 223
        },
        "bbox": {
          "w": 366,
          "h": 260
        }
      },
      "geometry": {
        "type": "Polygon",
        "coordinates": [
          [
            [
              258.9619822939429,
              -277.38125695115343
            ],
            [
              274.09007069787555,
              -222.65317243104442
            ],
            [
              514.8046538310383,
              -261.8082247706347
            ],
            [
              464.08106330020536,
              -305.19024298779436
            ],
            [
              457.4069066514116,
              -331.88686958296955
            ],
            [
              466.7507259597229,
              -333.2217009127283
            ],
            [
              465.41589462996416,
              -356.35877729521343
            ],
            [
              501.01139675686443,
              -365.70259660352474
            ],
            [
              554.4046499472147,
              -390.6194480923549
            ],
            [
              572.6473447872511,
              -410.19697426215004
            ],
            [
              576.6518387765275,
              -444.0127012827053
            ],
            [
              579.6552092684849,
              -452.80034087028383
            ],
            [
              546.506897912809,
              -482.8340457898559
            ],
            [
              501.3451045893043,
              -456.8048348595601
            ],
            [
              424.14735935158944,
              -454.1351722000426
            ],
            [
              414.58106815498496,
              -399.85203145651974
            ],
            [
              276.64849741324656,
              -386.05877438234586
            ],
            [
              270.19681265274585,
              -365.8138325476714
            ],
            [
              213.91142491458484,
              -358.4722602339982
            ],
            [
              258.9619822939429,
              -277.38125695115343
            ]
          ]
        ]
      }
    },
    {
      "type": "Feature",
      "properties": {
        "fid": 1068,
        "code": "nunavut",
        "name": "Nunavut",
        "capital": null,
        "culture": null,
        "civs": null,
        "provinceType": "land",
        "terrain": "taiga",
        "mapTypes": null,
        "resources": null,
        "religion": null,
        "population": "low",
        "centerpoint": [
          426,
          178
        ],
        "position": {
          "x": 142,
          "y": 2
        },
        "bbox": {
          "w": 691,
          "h": 295
        }
      },
      "geometry": {
        "type": "Polygon",
        "coordinates": [
          [
            [
              514.2484741103058,
              -262.80934826795385
            ],
            [
              274.86872230690176,
              -224.5441834815361
            ],
            [
              251.7316459244165,
              -277.9374366718865
            ],
            [
              176.0912039047535,
              -160.47227965311563
            ],
            [
              141.38558933102576,
              -170.26104273801323
            ],
            [
              186.76985454282357,
              -79.49251231441758
            ],
            [
              314.02377464649203,
              -16.310496039169642
            ],
            [
              714.4731735741198,
              -2.072295188409541
            ],
            [
              832.8282181460631,
              -202.29699465222347
            ],
            [
              759.8574387859176,
              -296.6250752885091
            ],
            [
              514.2484741103058,
              -262.80934826795385
            ]
          ]
        ]
      }
    },
    {
      "type": "Feature",
      "properties": {
        "fid": 1069,
        "code": "baja_california_peninsula",
        "name": "Baja California Peninsula",
        "capital": null,
        "culture": null,
        "civs": null,
        "provinceType": "land",
        "terrain": "semi_arid",
        "mapTypes": null,
        "resources": null,
        "religion": null,
        "population": "low",
        "centerpoint": [
          115,
          760
        ],
        "position": {
          "x": 80,
          "y": 707
        },
        "bbox": {
          "w": 78,
          "h": 135
        }
      },
      "geometry": {
        "type": "Polygon",
        "coordinates": [
          [
            [
              79.76087627383114,
              -712.8699782849485
            ],
            [
              101.11817754997129,
              -707.0857091893272
            ],
            [
              104.01031209778195,
              -715.3171690561729
            ],
            [
              104.67772776266132,
              -726.218291582536
            ],
            [
              113.35413140609326,
              -739.7890767684169
            ],
            [
              122.03053504952518,
              -748.910424188435
            ],
            [
              126.92491659197397,
              -758.2542434967463
            ],
            [
              130.92941058125024,
              -769.6003097996958
            ],
            [
              139.82828611297532,
              -785.840757645094
            ],
            [
              158.0709809530116,
              -827.4430007559085
            ],
            [
              156.29120584666657,
              -842.5710891598412
            ],
            [
              118.02604106024882,
              -807.8654745861135
            ],
            [
              117.1361535070763,
              -782.0587355441107
            ],
            [
              85.10020159286609,
              -772.2699724592132
            ],
            [
              87.76986425238363,
              -750.9126711830731
            ],
            [
              79.76087627383114,
              -712.8699782849485
            ]
          ]
        ]
      }
    }
  ]
}